Source,SourceID,Lat-Long-Sender,Target,TargetID,Lat-Long-Receiver,Type,Label,Weight
"Wien","50","48,208333 16,373056","2/2 Post- und Telegraphenamt 27","365558","48,215237 16,38955","Directed","Wien–2/2 Post- und Telegraphenamt 27","1"
"2/2 Post- und Telegraphenamt 27","365558","48,215237 16,38955","1/1 Telegramm- und Rohrpostamt 2","365269","48,210441 16,378488","Directed","2/2 Post- und Telegraphenamt 27–1/1 Telegramm- und Rohrpostamt 2","1"
"1/1 Telegramm- und Rohrpostamt 2","365269","48,210441 16,378488","Wollzeile 15 (»Berthahof«)","190427","48,208656 16,375924","Directed","1/1 Telegramm- und Rohrpostamt 2–Wollzeile 15 (»Berthahof«)","46"
"Kopenhagen","36300","55,67594 12,56553","Bad Ischl","213","47,71109 13,61893","Directed","Kopenhagen–Bad Ischl","2"
"Berlin","168","52,52437 13,41053","Berlin","168","52,52437 13,41053","Directed","Berlin–Berlin","50"
"Seidlgasse 30","364746","48,205599 16,388584","Ordination Arthur Schnitzler [Bösendorferstraße 11]","167789","48,2012 16,37188","Directed","Seidlgasse 30–Ordination Arthur Schnitzler [Bösendorferstraße 11]","2"
"Wien","50","48,208333 16,373056","Wien","50","48,208333 16,373056","Directed","Wien–Wien","1094"
"Sternwartestraße 71","168815","48,23188 16,33716","18/1 Post- und Telegraphenamt 110","365223","48,22513 16,343276","Directed","Sternwartestraße 71–18/1 Post- und Telegraphenamt 110","52"
"18/1 Post- und Telegraphenamt 110","365223","48,22513 16,343276","Österreichischer Hof","230","47,802045 13,043401","Directed","18/1 Post- und Telegraphenamt 110–Österreichischer Hof","1"
"Kopenhagen","36300","55,67594 12,56553","Kopenhagen","36300","55,67594 12,56553","Directed","Kopenhagen–Kopenhagen","23"
"Kopenhagen","36300","55,67594 12,56553","8/2 Post- und Telegraphenamt 65","365620","48,21198632016112 16,342797999829006","Directed","Kopenhagen–8/2 Post- und Telegraphenamt 65","1"
"8/2 Post- und Telegraphenamt 65","365620","48,21198632016112 16,342797999829006","Sternwartestraße 71","168815","48,23188 16,33716","Directed","8/2 Post- und Telegraphenamt 65–Sternwartestraße 71","1"
"Brünn","833","49,19522 16,60796","Brünn","833","49,19522 16,60796","Directed","Brünn–Brünn","2"
"Brünn","833","49,19522 16,60796","Tiefer Graben 17","207301","48,212284 16,367725","Directed","Brünn–Tiefer Graben 17","1"
"Hofmannsthal-Schlössl","40297","48,133611 16,255556","Rodaun","173","48,132793312328 16,256152195922","Directed","Hofmannsthal-Schlössl–Rodaun","39"
"Rodaun","173","48,132793312328 16,256152195922","9/3 Post- und Telegraphenamt 72","365208","48,216197 16,356623","Directed","Rodaun–9/3 Post- und Telegraphenamt 72","7"
"9/3 Post- und Telegraphenamt 72","365208","48,216197 16,356623","Frankgasse 1","168934","48,21533 16,35736","Directed","9/3 Post- und Telegraphenamt 72–Frankgasse 1","124"
"St. Anton am Arlberg","212","47,1275 10,26372","Kopenhagen","36300","55,67594 12,56553","Directed","St. Anton am Arlberg–Kopenhagen","1"
"Wildbad Waldbrunn","723","46,751211 12,101269","Welsberg-Taisten","428","46,75774 12,10556","Directed","Wildbad Waldbrunn–Welsberg-Taisten","9"
"Welsberg-Taisten","428","46,75774 12,10556","Pörtschach am Wörthersee","44278","46,635556 14,1425","Directed","Welsberg-Taisten–Pörtschach am Wörthersee","1"
"Pörtschach am Wörthersee","44278","46,635556 14,1425","Villa Arnstein","1110","47,0277 14,4641","Directed","Pörtschach am Wörthersee–Villa Arnstein","11"
"Paris","182","48,85341 2,3488","Wien","50","48,208333 16,373056","Directed","Paris–Wien","186"
"Lido","259","45,38333 12,35","Lido","259","45,38333 12,35","Directed","Lido–Lido","2"
"Lido","259","45,38333 12,35","Edmund-Weiß-Gasse 7","168940","48,2304 16,33472","Directed","Lido–Edmund-Weiß-Gasse 7","1"
"Celerina","12589","46,5146 9,8622","Celerina","12589","46,5146 9,8622","Directed","Celerina–Celerina","3"
"Celerina","12589","46,5146 9,8622","Tiefer Graben 17","207301","48,212284 16,367725","Directed","Celerina–Tiefer Graben 17","4"
"St. Gilgen","33","47,76667 13,36667","Villa Frühling","47674","nicht vorhanden","Directed","St. Gilgen–Villa Frühling","1"
"Paris","182","48,85341 2,3488","Paris","182","48,85341 2,3488","Directed","Paris–Paris","4"
"Padua","44156","45,40797 11,88586","Rodaun","173","48,132793312328 16,256152195922","Directed","Padua–Rodaun","1"
"Rodaun","173","48,132793312328 16,256152195922","Willergasse 2","231810","48,139276 16,257741","Directed","Rodaun–Willergasse 2","46"
"Rodaun","173","48,132793312328 16,256152195922","Wien","50","48,208333 16,373056","Directed","Rodaun–Wien","46"
"Sternwartestraße 71","168815","48,23188 16,33716","Wien","50","48,208333 16,373056","Directed","Sternwartestraße 71–Wien","53"
"Kochgasse 8","249577","48,212327 16,349717","7/3 Post- und Telegraphenamt 63","365409","48,206656 16,343365","Directed","Kochgasse 8–7/3 Post- und Telegraphenamt 63","1"
"7/3 Post- und Telegraphenamt 63","365409","48,206656 16,343365","Sternwartestraße 71","168815","48,23188 16,33716","Directed","7/3 Post- und Telegraphenamt 63–Sternwartestraße 71","1"
"Nürnberg","44172","49,45421 11,07752","Nürnberg","44172","49,45421 11,07752","Directed","Nürnberg–Nürnberg","5"
"Nürnberg","44172","49,45421 11,07752","Vahrn","946","46,73901 11,63749","Directed","Nürnberg–Vahrn","2"
"Prievoz","148300","48,146297222222 17,167102777778","Wien","50","48,208333 16,373056","Directed","Prievoz–Wien","1"
"Frankfurt am Main","146","50,11552 8,68417","Wien","50","48,208333 16,373056","Directed","Frankfurt am Main–Wien","45"
"Kopenhagen","36300","55,67594 12,56553","Wien","50","48,208333 16,373056","Directed","Kopenhagen–Wien","17"
"Wien","50","48,208333 16,373056","Salzburg","30","47,80067 13,04532","Directed","Wien–Salzburg","11"
"Frankgasse 1","168934","48,21533 16,35736","9/3 Post- und Telegraphenamt 72","365208","48,216197 16,356623","Directed","Frankgasse 1–9/3 Post- und Telegraphenamt 72","45"
"9/3 Post- und Telegraphenamt 72","365208","48,216197 16,356623","Baden bei Wien","662","48,00543 16,23264","Directed","9/3 Post- und Telegraphenamt 72–Baden bei Wien","1"
"Baden bei Wien","662","48,00543 16,23264","Kaiser-Franz-Ring 54","365095","48,010891 16,242066","Directed","Baden bei Wien–Kaiser-Franz-Ring 54","3"
"18/1 Post- und Telegraphenamt 110","365223","48,22513 16,343276","Poschingerstraße","1213","48,15353 11,6038","Directed","18/1 Post- und Telegraphenamt 110–Poschingerstraße","1"
"9/3 Post- und Telegraphenamt 72","365208","48,216197 16,356623","Bad Ischl","213","47,71109 13,61893","Directed","9/3 Post- und Telegraphenamt 72–Bad Ischl","9"
"Bad Ischl","213","47,71109 13,61893","Eglmoosgasse 22","364910","47,712155 13,616607","Directed","Bad Ischl–Eglmoosgasse 22","14"
"Wien","50","48,208333 16,373056","München","45258","48,13743 11,57549","Directed","Wien–München","11"
"Velden am Wörthersee","909","46,61901 14,03129","Marienbad","772","49,964444 12,701944","Directed","Velden am Wörthersee–Marienbad","2"
"Le Mont-Saint-Michel","134981","48,635833 -1,510556","Le Mont-Saint-Michel","134981","48,635833 -1,510556","Directed","Le Mont-Saint-Michel–Le Mont-Saint-Michel","1"
"Le Mont-Saint-Michel","134981","48,635833 -1,510556","Bad Ischl","213","47,71109 13,61893","Directed","Le Mont-Saint-Michel–Bad Ischl","1"
"Bad Ischl","213","47,71109 13,61893","Hotel und Pension Rudolfshöhe (Leopold Petter)","414","47,706537 13,609575","Directed","Bad Ischl–Hotel und Pension Rudolfshöhe (Leopold Petter)","17"
"Westerweder Straße 12","364288","53,20177706 8,9298190066","Frankgasse 1","168934","48,21533 16,35736","Directed","Westerweder Straße 12–Frankgasse 1","3"
"Edmund-Weiß-Gasse 7","168940","48,2304 16,33472","Postbestellbezirk 18/1","405253","48,231941 16,335645","Directed","Edmund-Weiß-Gasse 7–Postbestellbezirk 18/1","4"
"Postbestellbezirk 18/1","405253","48,231941 16,335645","1/1 Telegraphen-Central-Station C.R.","290824","48,2139 16,3665","Directed","Postbestellbezirk 18/1–1/1 Telegraphen-Central-Station C.R.","1"
"1/1 Telegraphen-Central-Station C.R.","290824","48,2139 16,3665","Tiefer Graben 23","207296","48,213038 16,368738","Directed","1/1 Telegraphen-Central-Station C.R.–Tiefer Graben 23","36"
"Berlin","168","52,52437 13,41053","Wien","50","48,208333 16,373056","Directed","Berlin–Wien","196"
"Bad Fusch","305739","47,19939 12,85366","Wien","50","48,208333 16,373056","Directed","Bad Fusch–Wien","9"
"Vahrn","946","46,73901 11,63749","Kopenhagen","36300","55,67594 12,56553","Directed","Vahrn–Kopenhagen","1"
"Marienbad","772","49,964444 12,701944","Marienbad","772","49,964444 12,701944","Directed","Marienbad–Marienbad","2"
"Marienbad","772","49,964444 12,701944","Wien","50","48,208333 16,373056","Directed","Marienbad–Wien","4"
"Wien","50","48,208333 16,373056","Seis am Schlern","988","46,54133 11,55868","Directed","Wien–Seis am Schlern","3"
"Edmund-Weiß-Gasse 7","168940","48,2304 16,33472","9/4 Post- und Telegraphenamt 68","365615","48,22611 16,361111","Directed","Edmund-Weiß-Gasse 7–9/4 Post- und Telegraphenamt 68","6"
"9/4 Post- und Telegraphenamt 68","365615","48,22611 16,361111","16/1 Post- und Telegraphenamt 103","405249","48,21316 16,316771","Directed","9/4 Post- und Telegraphenamt 68–16/1 Post- und Telegraphenamt 103","1"
"16/1 Post- und Telegraphenamt 103","405249","48,21316 16,316771","Ottakringer Straße 114","237241","48,213619 16,323195","Directed","16/1 Post- und Telegraphenamt 103–Ottakringer Straße 114","1"
"Antwerpen","995","51,2663 4,37077","Antwerpen","995","51,2663 4,37077","Directed","Antwerpen–Antwerpen","1"
"Antwerpen","995","51,2663 4,37077","Hasenauerstraße 59","235251","48,23365 16,33494","Directed","Antwerpen–Hasenauerstraße 59","1"
"9/3 Post- und Telegraphenamt 72","365208","48,216197 16,356623","Altona","1259","53,5725 9,8262","Directed","9/3 Post- und Telegraphenamt 72–Altona","1"
"Altona","1259","53,5725 9,8262","Palmaille 5","365128","53,545996 9,945167","Directed","Altona–Palmaille 5","1"
"Admont","49312","47,574904 14,460776","Admont","49312","47,574904 14,460776","Directed","Admont–Admont","2"
"Admont","49312","47,574904 14,460776","Altaussee","34401","47,639444 13,763333","Directed","Admont–Altaussee","1"
"Altaussee","34401","47,639444 13,763333","Altaussee","34401","47,639444 13,763333","Directed","Altaussee–Altaussee","18"
"Sternwartestraße 71","168815","48,23188 16,33716","Postbestellbezirk 18/1","405253","48,231941 16,335645","Directed","Sternwartestraße 71–Postbestellbezirk 18/1","7"
"Postbestellbezirk 18/1","405253","48,231941 16,335645","Kopenhagen","36300","55,67594 12,56553","Directed","Postbestellbezirk 18/1–Kopenhagen","1"
"Bad Aussee","415","47,60998 13,78243","Wien","50","48,208333 16,373056","Directed","Bad Aussee–Wien","21"
"Sieveringer Straße 191","365643","48,252261604003735 16,31915855509781","Sternwartestraße 71","168815","48,23188 16,33716","Directed","Sieveringer Straße 191–Sternwartestraße 71","4"
"Berlin","168","52,52437 13,41053","Tiefer Graben 17","207301","48,212284 16,367725","Directed","Berlin–Tiefer Graben 17","5"
"Wien","50","48,208333 16,373056","Pötzleinsdorf","169","48,246838181084 16,300034240016","Directed","Wien–Pötzleinsdorf","1"
"Weimar","197","50,97361 11,33806","Weimar","197","50,97361 11,33806","Directed","Weimar–Weimar","5"
"Weimar","197","50,97361 11,33806","Edmund-Weiß-Gasse 7","168940","48,2304 16,33472","Directed","Weimar–Edmund-Weiß-Gasse 7","2"
"Wien","50","48,208333 16,373056","Hinterbrühl","75","48,08611 16,24809","Directed","Wien–Hinterbrühl","4"
"Meran","43520","46,66817 11,15953","Wien","50","48,208333 16,373056","Directed","Meran–Wien","13"
"Genua","994","44,40478 8,94439","Bahnhof Genua","52288","44,416935291174376 8,92019924113306","Directed","Genua–Bahnhof Genua","3"
"Bahnhof Genua","52288","44,416935291174376 8,92019924113306","Hasenauerstraße 59","235251","48,23365 16,33494","Directed","Bahnhof Genua–Hasenauerstraße 59","1"
"Dessauer Straße","40583","52,504956 13,378587","Berlin","168","52,52437 13,41053","Directed","Dessauer Straße–Berlin","18"
"Berlin","168","52,52437 13,41053","Hotel Continental [Berlin]","399","52,518889 13,385556","Directed","Berlin–Hotel Continental [Berlin]","3"
"Hotel Continental [Berlin]","399","52,518889 13,385556","Hotel Continental [Berlin]","399","52,518889 13,385556","Directed","Hotel Continental [Berlin]–Hotel Continental [Berlin]","1"
"Tiefer Graben 23","207296","48,213038 16,368738","Frankgasse 1","168934","48,21533 16,35736","Directed","Tiefer Graben 23–Frankgasse 1","1"
"Hofgarten [München]","466","48,142778 11,58","München","45258","48,13743 11,57549","Directed","Hofgarten [München]–München","1"
"München","45258","48,13743 11,57549","Haus Bahr","207274","48,186771 16,261305","Directed","München–Haus Bahr","1"
"Ordination Arthur Schnitzler [Bösendorferstraße 11]","167789","48,2012 16,37188","Peter-Hille-Straße","1276","52,4531 13,621","Directed","Ordination Arthur Schnitzler [Bösendorferstraße 11]–Peter-Hille-Straße","5"
"Frankgasse 1","168934","48,21533 16,35736","Tiefer Graben 23","207296","48,213038 16,368738","Directed","Frankgasse 1–Tiefer Graben 23","3"
"Venedig","462","45,43713 12,33265","Verona Porta Nuova","365444","45,429167 10,982222","Directed","Venedig–Verona Porta Nuova","9"
"Verona Porta Nuova","365444","45,429167 10,982222","18/1 Post- und Telegraphenamt 110","365223","48,22513 16,343276","Directed","Verona Porta Nuova–18/1 Post- und Telegraphenamt 110","3"
"18/1 Post- und Telegraphenamt 110","365223","48,22513 16,343276","Edmund-Weiß-Gasse 7","168940","48,2304 16,33472","Directed","18/1 Post- und Telegraphenamt 110–Edmund-Weiß-Gasse 7","51"
"Frankgasse 1","168934","48,21533 16,35736","1/1 Telegramm- und Rohrpostamt 2","365269","48,210441 16,378488","Directed","Frankgasse 1–1/1 Telegramm- und Rohrpostamt 2","2"
"1/1 Telegramm- und Rohrpostamt 2","365269","48,210441 16,378488","Willergasse 2","231810","48,139276 16,257741","Directed","1/1 Telegramm- und Rohrpostamt 2–Willergasse 2","1"
"Hofmannsthal-Schlössl","40297","48,133611 16,255556","1/1 Post- und Telegraphenamt 15","365220","48,20246 16,370739","Directed","Hofmannsthal-Schlössl–1/1 Post- und Telegraphenamt 15","3"
"1/1 Post- und Telegraphenamt 15","365220","48,20246 16,370739","Sternwartestraße 71","168815","48,23188 16,33716","Directed","1/1 Post- und Telegraphenamt 15–Sternwartestraße 71","3"
"Wien","50","48,208333 16,373056","13/1 Post- und Telegraphenamt 88","365630","48,18485318933617 16,299314868585913","Directed","Wien–13/1 Post- und Telegraphenamt 88","1"
"13/1 Post- und Telegraphenamt 88","365630","48,18485318933617 16,299314868585913","Berlin","168","52,52437 13,41053","Directed","13/1 Post- und Telegraphenamt 88–Berlin","1"
"Berlin","168","52,52437 13,41053","Hotel Savoy [Berlin]","545","52,521572 13,388194","Directed","Berlin–Hotel Savoy [Berlin]","1"
"Rodaun","173","48,132793312328 16,256152195922","18/1 Post- und Telegraphenamt 110","365223","48,22513 16,343276","Directed","Rodaun–18/1 Post- und Telegraphenamt 110","12"
"Hotel Guarnero","306","45,334861 14,307778","Opatija","38096","45,33771 14,30515","Directed","Hotel Guarnero–Opatija","1"
"Opatija","38096","45,33771 14,30515","18/1 Post- und Telegraphenamt 110","365223","48,22513 16,343276","Directed","Opatija–18/1 Post- und Telegraphenamt 110","1"
"Frankgasse 1","168934","48,21533 16,35736","8/1 Post- und Telegraphenamt 64","365450","48,210695 16,351186","Directed","Frankgasse 1–8/1 Post- und Telegraphenamt 64","6"
"8/1 Post- und Telegraphenamt 64","365450","48,210695 16,351186","1/1 Telegramm- und Rohrpostamt 2","365269","48,210441 16,378488","Directed","8/1 Post- und Telegraphenamt 64–1/1 Telegramm- und Rohrpostamt 2","5"
"Sternwartestraße 71","168815","48,23188 16,33716","1/1 Post- und Telegraphenamt 1","365214","48,209928 16,379065","Directed","Sternwartestraße 71–1/1 Post- und Telegraphenamt 1","2"
"1/1 Post- und Telegraphenamt 1","365214","48,209928 16,379065","Hotel du Cap","293589","43,548055555556 7,1205555555556","Directed","1/1 Post- und Telegraphenamt 1–Hotel du Cap","1"
"Wien","50","48,208333 16,373056","Bad Aussee","415","47,60998 13,78243","Directed","Wien–Bad Aussee","6"
"Wien","50","48,208333 16,373056","Berlin","168","52,52437 13,41053","Directed","Wien–Berlin","43"
"Tianjin","118682","39,03839 117,17994","Tianjin","118682","39,03839 117,17994","Directed","Tianjin–Tianjin","2"
"Tianjin","118682","39,03839 117,17994","Yokohama","53977","35,43333 139,65","Directed","Tianjin–Yokohama","1"
"Yokohama","53977","35,43333 139,65","9/3 Post- und Telegraphenamt 72","365208","48,216197 16,356623","Directed","Yokohama–9/3 Post- und Telegraphenamt 72","2"
"Schönberg im Stubaital","759","47,18333 11,41667","Wien","50","48,208333 16,373056","Directed","Schönberg im Stubaital–Wien","3"
"Sternwartestraße 71","168815","48,23188 16,33716","Schloss Arenberg","160","47,80003 13,05858","Directed","Sternwartestraße 71–Schloss Arenberg","1"
"Bad Ischl","213","47,71109 13,61893","Wien","50","48,208333 16,373056","Directed","Bad Ischl–Wien","33"
"Brighton","36448","50,82838 -0,13947","Wien","50","48,208333 16,373056","Directed","Brighton–Wien","1"
"Frankgasse 1","168934","48,21533 16,35736","9/1 Post- und Telegraphenamt 66","365266","48,219619 16,3617","Directed","Frankgasse 1–9/1 Post- und Telegraphenamt 66","20"
"9/1 Post- und Telegraphenamt 66","365266","48,219619 16,3617","1/1 Telegramm- und Rohrpostamt 2","365269","48,210441 16,378488","Directed","9/1 Post- und Telegraphenamt 66–1/1 Telegramm- und Rohrpostamt 2","13"
"Edmund-Weiß-Gasse 7","168940","48,2304 16,33472","1/1 Post- und Telegraphenamt 1","365214","48,209928 16,379065","Directed","Edmund-Weiß-Gasse 7–1/1 Post- und Telegraphenamt 1","2"
"1/1 Post- und Telegraphenamt 1","365214","48,209928 16,379065","Bad Aussee","415","47,60998 13,78243","Directed","1/1 Post- und Telegraphenamt 1–Bad Aussee","1"
"Bad Aussee","415","47,60998 13,78243","Villa Frühling","47674","nicht vorhanden","Directed","Bad Aussee–Villa Frühling","5"
"Edlach an der Rax","470","47,69255 15,80915","Rahlstedt","61082","53,60194 10,15667","Directed","Edlach an der Rax–Rahlstedt","1"
"Edmund-Weiß-Gasse 7","168940","48,2304 16,33472","18/1 Post- und Telegraphenamt 110","365223","48,22513 16,343276","Directed","Edmund-Weiß-Gasse 7–18/1 Post- und Telegraphenamt 110","60"
"18/1 Post- und Telegraphenamt 110","365223","48,22513 16,343276","Hasenauerstraße 59","235251","48,23365 16,33494","Directed","18/1 Post- und Telegraphenamt 110–Hasenauerstraße 59","3"
"Frankgasse 1","168934","48,21533 16,35736","1/1 Post- und Telegraphenamt 1","365214","48,209928 16,379065","Directed","Frankgasse 1–1/1 Post- und Telegraphenamt 1","40"
"1/1 Post- und Telegraphenamt 1","365214","48,209928 16,379065","Baden bei Wien","662","48,00543 16,23264","Directed","1/1 Post- und Telegraphenamt 1–Baden bei Wien","1"
"Hôtel du Parc & Bristol","43055","50,08161 8,24473","Wiesbaden","883","50,08258 8,24932","Directed","Hôtel du Parc & Bristol–Wiesbaden","2"
"Wiesbaden","883","50,08258 8,24932","Sankt Michael","40832","46,455308 11,258736","Directed","Wiesbaden–Sankt Michael","2"
"Sankt Michael","40832","46,455308 11,258736","Sankt Michael","40832","46,455308 11,258736","Directed","Sankt Michael–Sankt Michael","4"
"Den Haag","974","52,07667 4,29861","Den Haag","974","52,07667 4,29861","Directed","Den Haag–Den Haag","1"
"Den Haag","974","52,07667 4,29861","Tiefer Graben 17","207301","48,212284 16,367725","Directed","Den Haag–Tiefer Graben 17","1"
"Neapel","595","40,85216 14,26811","Wien","50","48,208333 16,373056","Directed","Neapel–Wien","3"
"San Martino di Castrozza","44311","46,26667 11,8","San Martino di Castrozza","44311","46,26667 11,8","Directed","San Martino di Castrozza–San Martino di Castrozza","3"
"San Martino di Castrozza","44311","46,26667 11,8","Frankgasse 1","168934","48,21533 16,35736","Directed","San Martino di Castrozza–Frankgasse 1","1"
"Ordination Arthur Schnitzler [Bösendorferstraße 11]","167789","48,2012 16,37188","Linkstraße 25","364699","52,507 13,37459","Directed","Ordination Arthur Schnitzler [Bösendorferstraße 11]–Linkstraße 25","3"
"Venedig","462","45,43713 12,33265","Wien","50","48,208333 16,373056","Directed","Venedig–Wien","6"
"Salesianergasse 12","192623","48,198484 16,380905","3/3 Post- und Telegraphenamt 49","365229","48,198051 16,380626","Directed","Salesianergasse 12–3/3 Post- und Telegraphenamt 49","18"
"3/3 Post- und Telegraphenamt 49","365229","48,198051 16,380626","9/2 Post- und Telegraphenamt 71","365211","48,218574 16,35084","Directed","3/3 Post- und Telegraphenamt 49–9/2 Post- und Telegraphenamt 71","8"
"9/2 Post- und Telegraphenamt 71","365211","48,218574 16,35084","Frankgasse 1","168934","48,21533 16,35736","Directed","9/2 Post- und Telegraphenamt 71–Frankgasse 1","31"
"St. Anton am Arlberg","212","47,1275 10,26372","Wien","50","48,208333 16,373056","Directed","St. Anton am Arlberg–Wien","3"
"Leukerbad","145560","46,37943 7,62687","Leukerbad","145560","46,37943 7,62687","Directed","Leukerbad–Leukerbad","2"
"Leukerbad","145560","46,37943 7,62687","9/3 Post- und Telegraphenamt 72","365208","48,216197 16,356623","Directed","Leukerbad–9/3 Post- und Telegraphenamt 72","1"
"Hotel Savoy [Berlin]","545","52,521572 13,388194","Berlin","168","52,52437 13,41053","Directed","Hotel Savoy [Berlin]–Berlin","3"
"Berlin","168","52,52437 13,41053","Sankt Michael","40832","46,455308 11,258736","Directed","Berlin–Sankt Michael","1"
"Wien","50","48,208333 16,373056","Sternwartestraße 71","168815","48,23188 16,33716","Directed","Wien–Sternwartestraße 71","5"
"18/1 Post- und Telegraphenamt 110","365223","48,22513 16,343276","1/1 Telegraphen-Central-Station C.R.","365357","48,2139 16,3665","Directed","18/1 Post- und Telegraphenamt 110–1/1 Telegraphen-Central-Station C.R.","4"
"1/1 Telegraphen-Central-Station C.R.","365357","48,2139 16,3665","Tiefer Graben 23","207296","48,213038 16,368738","Directed","1/1 Telegraphen-Central-Station C.R.–Tiefer Graben 23","9"
"St. Moritz","44374","46,49937 9,84327","St. Moritz","44374","46,49937 9,84327","Directed","St. Moritz–St. Moritz","2"
"St. Moritz","44374","46,49937 9,84327","Edmund-Weiß-Gasse 7","168940","48,2304 16,33472","Directed","St. Moritz–Edmund-Weiß-Gasse 7","1"
"Berlin","168","52,52437 13,41053","Helsingør","726","56,03606 12,6136","Directed","Berlin–Helsingør","3"
"Helsingør","726","56,03606 12,6136","Marienlyst","959","56,042028 12,601917","Directed","Helsingør–Marienlyst","4"
"München","45258","48,13743 11,57549","München","45258","48,13743 11,57549","Directed","München–München","14"
"München","45258","48,13743 11,57549","9/3 Post- und Telegraphenamt 72","365208","48,216197 16,356623","Directed","München–9/3 Post- und Telegraphenamt 72","3"
"1/1 Post- und Telegraphenamt 1","365214","48,209928 16,379065","Tiefer Graben 23","207296","48,213038 16,368738","Directed","1/1 Post- und Telegraphenamt 1–Tiefer Graben 23","70"
"Schloss Kronborg","1284","56,039028 12,621806","Helsingør","726","56,03606 12,6136","Directed","Schloss Kronborg–Helsingør","2"
"Helsingør","726","56,03606 12,6136","Hotel und Pension Lueg","824","47,753992 13,372111","Directed","Helsingør–Hotel und Pension Lueg","1"
"Zistersdorf","44400","48,53585 16,75613","Wien","50","48,208333 16,373056","Directed","Zistersdorf–Wien","7"
"Sternwartestraße 71","168815","48,23188 16,33716","Bad Ischl","213","47,71109 13,61893","Directed","Sternwartestraße 71–Bad Ischl","1"
"Bad Ischl","213","47,71109 13,61893","Villa Kupferschmied","43462","47,705435 13,626622","Directed","Bad Ischl–Villa Kupferschmied","1"
"Karersee","40371","46,409167 11,575","Karersee","40371","46,409167 11,575","Directed","Karersee–Karersee","1"
"Karersee","40371","46,409167 11,575","Edmund-Weiß-Gasse 7","168940","48,2304 16,33472","Directed","Karersee–Edmund-Weiß-Gasse 7","1"
"Bayreuth","734","49,94782 11,57893","Bayreuth","734","49,94782 11,57893","Directed","Bayreuth–Bayreuth","2"
"Bayreuth","734","49,94782 11,57893","9/3 Post- und Telegraphenamt 72","365208","48,216197 16,356623","Directed","Bayreuth–9/3 Post- und Telegraphenamt 72","1"
"Rom","445","41,89193 12,51133","Rom","445","41,89193 12,51133","Directed","Rom–Rom","5"
"Rom","445","41,89193 12,51133","1/1 Post- und Telegraphenamt 1","365214","48,209928 16,379065","Directed","Rom–1/1 Post- und Telegraphenamt 1","2"
"1/1 Post- und Telegraphenamt 1","365214","48,209928 16,379065","Wollzeile 15 (»Berthahof«)","190427","48,208656 16,375924","Directed","1/1 Post- und Telegraphenamt 1–Wollzeile 15 (»Berthahof«)","56"
"Messina","1277","38,19394 15,55256","Stazione Messina Centrale","365623","38,18513333 15,56093056","Directed","Messina–Stazione Messina Centrale","1"
"Stazione Messina Centrale","365623","38,18513333 15,56093056","1/1 Post- und Telegraphenamt 1","365214","48,209928 16,379065","Directed","Stazione Messina Centrale–1/1 Post- und Telegraphenamt 1","1"
"Athen","505","37,97945 23,71622","Athen","505","37,97945 23,71622","Directed","Athen–Athen","1"
"Athen","505","37,97945 23,71622","Edmund-Weiß-Gasse 7","168940","48,2304 16,33472","Directed","Athen–Edmund-Weiß-Gasse 7","1"
"Hotel Quirinale","769","41,90163 12,49484","Rom","445","41,89193 12,51133","Directed","Hotel Quirinale–Rom","1"
"Rom","445","41,89193 12,51133","9/3 Post- und Telegraphenamt 72","365208","48,216197 16,356623","Directed","Rom–9/3 Post- und Telegraphenamt 72","2"
"Sternwartestraße 71","168815","48,23188 16,33716","Neubeuern","33996","47,77368 12,14002","Directed","Sternwartestraße 71–Neubeuern","1"
"Mürzzuschlag","40959","47,61131 15,67877","Tiefer Graben 23","207296","48,213038 16,368738","Directed","Mürzzuschlag–Tiefer Graben 23","1"
"Frankfurt am Main","146","50,11552 8,68417","9/2 Post- und Telegraphenamt 71","365211","48,218574 16,35084","Directed","Frankfurt am Main–9/2 Post- und Telegraphenamt 71","1"
"Graz","860","47,06667 15,43333","Tschortkiw","45274","49,01701 25,79808","Directed","Graz–Tschortkiw","1"
"Salesianergasse 12","192623","48,198484 16,380905","Frankgasse 1","168934","48,21533 16,35736","Directed","Salesianergasse 12–Frankgasse 1","2"
"Unbekannt","234399","nicht vorhanden","Lueg","186","47,754041 13,372211","Directed","Unbekannt–Lueg","1"
"Lueg","186","47,754041 13,372211","Salzburg","30","47,80067 13,04532","Directed","Lueg–Salzburg","1"
"Salzburg","30","47,80067 13,04532","Edmund-Weiß-Gasse 7","168940","48,2304 16,33472","Directed","Salzburg–Edmund-Weiß-Gasse 7","4"
"Sternwartestraße 71","168815","48,23188 16,33716","9/1 Post- und Telegraphenamt 66","365266","48,219619 16,3617","Directed","Sternwartestraße 71–9/1 Post- und Telegraphenamt 66","9"
"9/1 Post- und Telegraphenamt 66","365266","48,219619 16,3617","Meidlinger Hauptstraße 56","365563","48,177598 16,329723","Directed","9/1 Post- und Telegraphenamt 66–Meidlinger Hauptstraße 56","6"
"Tiefer Graben 23","207296","48,213038 16,368738","Wien","50","48,208333 16,373056","Directed","Tiefer Graben 23–Wien","18"
"Unterach am Attersee","877","47,80494 13,48728","Wien","50","48,208333 16,373056","Directed","Unterach am Attersee–Wien","11"
"Edmund-Weiß-Gasse 7","168940","48,2304 16,33472","18/1 Post- und Telegraphenamt 111","365226","48,230794 16,344569","Directed","Edmund-Weiß-Gasse 7–18/1 Post- und Telegraphenamt 111","7"
"18/1 Post- und Telegraphenamt 111","365226","48,230794 16,344569","1/1 Telegraphen-Central-Station C.R.","365357","48,2139 16,3665","Directed","18/1 Post- und Telegraphenamt 111–1/1 Telegraphen-Central-Station C.R.","1"
"Berghotel Franzenshöhe","41944","46,532148 10,478762","Stilfser Joch","41945","46,528333 10,453333","Directed","Berghotel Franzenshöhe–Stilfser Joch","1"
"Stilfser Joch","41945","46,528333 10,453333","9/3 Post- und Telegraphenamt 72","365208","48,216197 16,356623","Directed","Stilfser Joch–9/3 Post- und Telegraphenamt 72","1"
"18/1 Post- und Telegraphenamt 110","365223","48,22513 16,343276","Paschinger Schlössl","253003","47,8027 13,0478","Directed","18/1 Post- und Telegraphenamt 110–Paschinger Schlössl","10"
"Rodaun","173","48,132793312328 16,256152195922","Postbestellbezirk 18/1","405253","48,231941 16,335645","Directed","Rodaun–Postbestellbezirk 18/1","1"
"Postbestellbezirk 18/1","405253","48,231941 16,335645","Edmund-Weiß-Gasse 7","168940","48,2304 16,33472","Directed","Postbestellbezirk 18/1–Edmund-Weiß-Gasse 7","3"
"Perchtoldsdorf","44699","48,11895 16,25736","Perchtoldsdorf","44699","48,11895 16,25736","Directed","Perchtoldsdorf–Perchtoldsdorf","1"
"Perchtoldsdorf","44699","48,11895 16,25736","9/3 Post- und Telegraphenamt 72","365208","48,216197 16,356623","Directed","Perchtoldsdorf–9/3 Post- und Telegraphenamt 72","1"
"Wien","50","48,208333 16,373056","Wollzeile 15 (»Berthahof«)","190427","48,208656 16,375924","Directed","Wien–Wollzeile 15 (»Berthahof«)","15"
"Wollzeile 15 (»Berthahof«)","190427","48,208656 16,375924","1/1 Telegramm- und Rohrpostamt 2","365269","48,210441 16,378488","Directed","Wollzeile 15 (»Berthahof«)–1/1 Telegramm- und Rohrpostamt 2","7"
"1/1 Telegramm- und Rohrpostamt 2","365269","48,210441 16,378488","9/2 Post- und Telegraphenamt 71","365211","48,218574 16,35084","Directed","1/1 Telegramm- und Rohrpostamt 2–9/2 Post- und Telegraphenamt 71","7"
"Semmering","189","47,64224 15,8241","Wien","50","48,208333 16,373056","Directed","Semmering–Wien","11"
"Hotel Pichl-Auhof","51987","47,8145 13,40149","Pichl am See","41102","47,81667 13,4","Directed","Hotel Pichl-Auhof–Pichl am See","1"
"Pichl am See","41102","47,81667 13,4","Edlach an der Rax","470","47,69255 15,80915","Directed","Pichl am See–Edlach an der Rax","1"
"Edlach an der Rax","470","47,69255 15,80915","Hotel Edlacherhof","714","47,689132 15,805582","Directed","Edlach an der Rax–Hotel Edlacherhof","2"
"Villa Annerl","34387","47,6416 13,77095","Altaussee","34401","47,639444 13,763333","Directed","Villa Annerl–Altaussee","6"
"Altaussee","34401","47,639444 13,763333","Villa Kupferschmied","43462","47,705435 13,626622","Directed","Altaussee–Villa Kupferschmied","4"
"Neubeuern","33996","47,77368 12,14002","Wien","50","48,208333 16,373056","Directed","Neubeuern–Wien","2"
"Lammgasse 3","195184","48,212354 16,35195098","8/1 Post- und Telegraphenamt 64","365450","48,210695 16,351186","Directed","Lammgasse 3–8/1 Post- und Telegraphenamt 64","1"
"8/1 Post- und Telegraphenamt 64","365450","48,210695 16,351186","Frankgasse 1","168934","48,21533 16,35736","Directed","8/1 Post- und Telegraphenamt 64–Frankgasse 1","1"
"Wien","50","48,208333 16,373056","Bad Ischl","213","47,71109 13,61893","Directed","Wien–Bad Ischl","15"
"Orahovica","42960","45,54 17,88472","Orahovica","42960","45,54 17,88472","Directed","Orahovica–Orahovica","2"
"Orahovica","42960","45,54 17,88472","Seeboden am Millstättersee","34824","46,818888888889 13,518333","Directed","Orahovica–Seeboden am Millstättersee","1"
"Seeboden am Millstättersee","34824","46,818888888889 13,518333","Villa Platzer","40788","46,8105 13,515","Directed","Seeboden am Millstättersee–Villa Platzer","10"
"Unbekannt","190907","nicht vorhanden","Ordination Arthur Schnitzler [Bösendorferstraße 11]","167789","48,2012 16,37188","Directed","Unbekannt–Ordination Arthur Schnitzler [Bösendorferstraße 11]","6"
"Harmannsdorf","49283","48,60055 15,74243","Wien","50","48,208333 16,373056","Directed","Harmannsdorf–Wien","2"
"Gasthaus Brunnthaler","40256","47,6417738 13,7682587","Altaussee","34401","47,639444 13,763333","Directed","Gasthaus Brunnthaler–Altaussee","2"
"Altaussee","34401","47,639444 13,763333","Bad Ischl","213","47,71109 13,61893","Directed","Altaussee–Bad Ischl","4"
"Wien","50","48,208333 16,373056","Wittelsbachstraße","1238","48,20635 16,39925","Directed","Wien–Wittelsbachstraße","1"
"Rodaun","173","48,132793312328 16,256152195922","Rodaun","173","48,132793312328 16,256152195922","Directed","Rodaun–Rodaun","7"
"Rodaun","173","48,132793312328 16,256152195922","Sternwartestraße 71","168815","48,23188 16,33716","Directed","Rodaun–Sternwartestraße 71","11"
"Restaurant Stallmann","247","52,51449 13,38853","Berlin","168","52,52437 13,41053","Directed","Restaurant Stallmann–Berlin","1"
"Bad Ischl","213","47,71109 13,61893","Bad Ischl","213","47,71109 13,61893","Directed","Bad Ischl–Bad Ischl","23"
"Bad Ischl","213","47,71109 13,61893","Tiefer Graben 17","207301","48,212284 16,367725","Directed","Bad Ischl–Tiefer Graben 17","4"
"Wiesbaden","883","50,08258 8,24932","Venedig","462","45,43713 12,33265","Directed","Wiesbaden–Venedig","1"
"18/1 Post- und Telegraphenamt 110","365223","48,22513 16,343276","Kopenhagen","36300","55,67594 12,56553","Directed","18/1 Post- und Telegraphenamt 110–Kopenhagen","5"
"Wien","50","48,208333 16,373056","Paris","182","48,85341 2,3488","Directed","Wien–Paris","42"
"9/3 Post- und Telegraphenamt 72","365208","48,216197 16,356623","1/1 Telegraphen-Central-Station C.R.","290824","48,2139 16,3665","Directed","9/3 Post- und Telegraphenamt 72–1/1 Telegraphen-Central-Station C.R.","1"
"1/1 Telegraphen-Central-Station C.R.","290824","48,2139 16,3665","1/1 Telegramm- und Rohrpostamt 2","365269","48,210441 16,378488","Directed","1/1 Telegraphen-Central-Station C.R.–1/1 Telegramm- und Rohrpostamt 2","18"
"Vrádište","34498","48,82361 17,19093","Wien","50","48,208333 16,373056","Directed","Vrádište–Wien","2"
"3/3 Post- und Telegraphenamt 49","365229","48,198051 16,380626","Ordination Arthur Schnitzler [Bösendorferstraße 11]","167789","48,2012 16,37188","Directed","3/3 Post- und Telegraphenamt 49–Ordination Arthur Schnitzler [Bösendorferstraße 11]","2"
"Bad Ischl","213","47,71109 13,61893","Berlin","168","52,52437 13,41053","Directed","Bad Ischl–Berlin","1"
"Sternwartestraße 71","168815","48,23188 16,33716","1/1 Post- und Telegraphenamt 8","365555","48,214719 16,368323","Directed","Sternwartestraße 71–1/1 Post- und Telegraphenamt 8","8"
"1/1 Post- und Telegraphenamt 8","365555","48,214719 16,368323","Hôtel Beau-Séjour","294001","46,1881943314491 6,15002700866006","Directed","1/1 Post- und Telegraphenamt 8–Hôtel Beau-Séjour","1"
"Wien","50","48,208333 16,373056","1/1 Post- und Telegraphenamt 1","365214","48,209928 16,379065","Directed","Wien–1/1 Post- und Telegraphenamt 1","26"
"1/1 Post- und Telegraphenamt 1","365214","48,209928 16,379065","Rodaun","173","48,132793312328 16,256152195922","Directed","1/1 Post- und Telegraphenamt 1–Rodaun","4"
"Mahlerstraße 13","232296","48,202526 16,372966","1/1 Post- und Telegraphenamt 11","365284","48,207483 16,368355","Directed","Mahlerstraße 13–1/1 Post- und Telegraphenamt 11","1"
"1/1 Post- und Telegraphenamt 11","365284","48,207483 16,368355","9/3 Post- und Telegraphenamt 72","365208","48,216197 16,356623","Directed","1/1 Post- und Telegraphenamt 11–9/3 Post- und Telegraphenamt 72","1"
"Lessing-Theater","18","52,5225 13,376389","Ordination Arthur Schnitzler [Bösendorferstraße 11]","167789","48,2012 16,37188","Directed","Lessing-Theater–Ordination Arthur Schnitzler [Bösendorferstraße 11]","3"
"?? [Nördlich der Lofoten im Atlanik]","365086","68,937 14,183","Tromsø","42542","69,6489 18,95508","Directed","?? [Nördlich der Lofoten im Atlanik]–Tromsø","1"
"Tromsø","42542","69,6489 18,95508","Kopenhagen","36300","55,67594 12,56553","Directed","Tromsø–Kopenhagen","1"
"Hofmannsthal-Schlössl","40297","48,133611 16,255556","14/2 Post- und Telegraphenamt 127","365561","48,191416 16,326472","Directed","Hofmannsthal-Schlössl–14/2 Post- und Telegraphenamt 127","2"
"14/2 Post- und Telegraphenamt 127","365561","48,191416 16,326472","18/1 Post- und Telegraphenamt 111","365226","48,230794 16,344569","Directed","14/2 Post- und Telegraphenamt 127–18/1 Post- und Telegraphenamt 111","2"
"18/1 Post- und Telegraphenamt 111","365226","48,230794 16,344569","18/1 Post- und Telegraphenamt 110","365223","48,22513 16,343276","Directed","18/1 Post- und Telegraphenamt 111–18/1 Post- und Telegraphenamt 110","1"
"Tłumacz","636","48,86403 25,00325","Wien","50","48,208333 16,373056","Directed","Tłumacz–Wien","1"
"Zürich","484","47,37174 8,54226","Wien","50","48,208333 16,373056","Directed","Zürich–Wien","4"
"München","45258","48,13743 11,57549","XVIII., Währing","68","48,23333 16,31667","Directed","München–XVIII., Währing","1"
"XVIII., Währing","68","48,23333 16,31667","Edmund-Weiß-Gasse 7","168940","48,2304 16,33472","Directed","XVIII., Währing–Edmund-Weiß-Gasse 7","10"
"Rodaun","173","48,132793312328 16,256152195922","Reichenau an der Rax","483","47,7 15,83333","Directed","Rodaun–Reichenau an der Rax","1"
"Garda","38897","45,57889 10,71763","Wien","50","48,208333 16,373056","Directed","Garda–Wien","1"
"Wien","50","48,208333 16,373056","Edlach an der Rax","470","47,69255 15,80915","Directed","Wien–Edlach an der Rax","4"
"Frankgasse 1","168934","48,21533 16,35736","1/1 Telegraphen-Central-Station C.R.","290824","48,2139 16,3665","Directed","Frankgasse 1–1/1 Telegraphen-Central-Station C.R.","16"
"Baia","962","40,81667 14,06667","Wien","50","48,208333 16,373056","Directed","Baia–Wien","1"
"Hotel Erzherzog Johann","634","47,63255 15,82889","Semmering","189","47,64224 15,8241","Directed","Hotel Erzherzog Johann–Semmering","1"
"Semmering","189","47,64224 15,8241","Edmund-Weiß-Gasse 7","168940","48,2304 16,33472","Directed","Semmering–Edmund-Weiß-Gasse 7","6"
"Schmargendorf","61048","52,47517 13,29071","Wien","50","48,208333 16,373056","Directed","Schmargendorf–Wien","2"
"Salzburg","30","47,80067 13,04532","Salzburg","30","47,80067 13,04532","Directed","Salzburg–Salzburg","16"
"1/1 Post- und Telegraphenamt 1","365214","48,209928 16,379065","9/3 Post- und Telegraphenamt 72","365208","48,216197 16,356623","Directed","1/1 Post- und Telegraphenamt 1–9/3 Post- und Telegraphenamt 72","24"
"I., Innere Stadt","51","48,20769 16,37049","1/1 Telegraphen-Central-Station C.R.","365357","48,2139 16,3665","Directed","I., Innere Stadt–1/1 Telegraphen-Central-Station C.R.","1"
"1/1 Telegraphen-Central-Station C.R.","365357","48,2139 16,3665","1/1 Telegramm- und Rohrpostamt 2","365269","48,210441 16,378488","Directed","1/1 Telegraphen-Central-Station C.R.–1/1 Telegramm- und Rohrpostamt 2","1"
"Berlin","168","52,52437 13,41053","Charlottenburg","9925","52,516667 13,3","Directed","Berlin–Charlottenburg","4"
"Charlottenburg","9925","52,516667 13,3","9/3 Post- und Telegraphenamt 72","365208","48,216197 16,356623","Directed","Charlottenburg–9/3 Post- und Telegraphenamt 72","1"
"Kopenhagen","36300","55,67594 12,56553","Marienlyst","959","56,042028 12,601917","Directed","Kopenhagen–Marienlyst","2"
"Porzellangasse 45","231945","48,223406 16,361349","9/1 Post- und Telegraphenamt 66","365266","48,219619 16,3617","Directed","Porzellangasse 45–9/1 Post- und Telegraphenamt 66","2"
"9/1 Post- und Telegraphenamt 66","365266","48,219619 16,3617","18/1 Post- und Telegraphenamt 111","365226","48,230794 16,344569","Directed","9/1 Post- und Telegraphenamt 66–18/1 Post- und Telegraphenamt 111","1"
"18/1 Post- und Telegraphenamt 111","365226","48,230794 16,344569","Edmund-Weiß-Gasse 7","168940","48,2304 16,33472","Directed","18/1 Post- und Telegraphenamt 111–Edmund-Weiß-Gasse 7","19"
"Schloss Arenberg","160","47,80003 13,05858","Salzburg","30","47,80067 13,04532","Directed","Schloss Arenberg–Salzburg","3"
"Salzburg","30","47,80067 13,04532","Sternwartestraße 71","168815","48,23188 16,33716","Directed","Salzburg–Sternwartestraße 71","10"
"Dürnstein","34031","48,395556 15,520278","Dürnstein","34031","48,395556 15,520278","Directed","Dürnstein–Dürnstein","1"
"Dürnstein","34031","48,395556 15,520278","Sternwartestraße 71","168815","48,23188 16,33716","Directed","Dürnstein–Sternwartestraße 71","1"
"Hotel Bellevue [Dresden]","53107","51,0549041 13,736206","Dresden","866","51,0833 13,7666","Directed","Hotel Bellevue [Dresden]–Dresden","1"
"Dresden","866","51,0833 13,7666","Hasenauerstraße 59","235251","48,23365 16,33494","Directed","Dresden–Hasenauerstraße 59","1"
"Menton","36456","43,77649 7,50435","Menton","36456","43,77649 7,50435","Directed","Menton–Menton","4"
"Menton","36456","43,77649 7,50435","Sternwartestraße 71","168815","48,23188 16,33716","Directed","Menton–Sternwartestraße 71","1"
"Sternwartestraße 71","168815","48,23188 16,33716","9/3 Post- und Telegraphenamt 72","365208","48,216197 16,356623","Directed","Sternwartestraße 71–9/3 Post- und Telegraphenamt 72","6"
"9/3 Post- und Telegraphenamt 72","365208","48,216197 16,356623","Genf","562","46,20222 6,14569","Directed","9/3 Post- und Telegraphenamt 72–Genf","1"
"Genf","562","46,20222 6,14569","Hôtel Beau-Séjour","294001","46,1881943314491 6,15002700866006","Directed","Genf–Hôtel Beau-Séjour","3"
"Währinger Gürtel 154","364944","48,23047 16,351441","1/1 Post- und Telegraphenamt 1","365214","48,209928 16,379065","Directed","Währinger Gürtel 154–1/1 Post- und Telegraphenamt 1","1"
"18/1 Post- und Telegraphenamt 110","365223","48,22513 16,343276","Sieveringer Straße 191","365643","48,252261604003735 16,31915855509781","Directed","18/1 Post- und Telegraphenamt 110–Sieveringer Straße 191","3"
"Hôtel Byron","293686","46,404612 6,929787","Montreux Bon-Port","299347","46,429982 6,915679","Directed","Hôtel Byron–Montreux Bon-Port","1"
"Montreux Bon-Port","299347","46,429982 6,915679","Parkhotel Beau Site","245351","46,02066 7,75065","Directed","Montreux Bon-Port–Parkhotel Beau Site","1"
"8/1 Post- und Telegraphenamt 64","365450","48,210695 16,351186","1/1 Telegraphen-Central-Station C.R.","290824","48,2139 16,3665","Directed","8/1 Post- und Telegraphenamt 64–1/1 Telegraphen-Central-Station C.R.","1"
"Salesianergasse 12","192623","48,198484 16,380905","3/1 Post- und Telegraphenamt 40","365294","48,203159 16,38967","Directed","Salesianergasse 12–3/1 Post- und Telegraphenamt 40","12"
"3/1 Post- und Telegraphenamt 40","365294","48,203159 16,38967","1/1 Post- und Telegraphenamt 10","365217","48,210234 16,357213","Directed","3/1 Post- und Telegraphenamt 40–1/1 Post- und Telegraphenamt 10","4"
"1/1 Post- und Telegraphenamt 10","365217","48,210234 16,357213","Wohnung und Ordination Arthur Schnitzler Grillparzerstraße 7/3. Stock","167782","48,212477 16,357233","Directed","1/1 Post- und Telegraphenamt 10–Wohnung und Ordination Arthur Schnitzler Grillparzerstraße 7/3. Stock","5"
"Tutzing","44493","47,90938 11,2803","Tutzing","44493","47,90938 11,2803","Directed","Tutzing–Tutzing","1"
"Tutzing","44493","47,90938 11,2803","Tiefer Graben 17","207301","48,212284 16,367725","Directed","Tutzing–Tiefer Graben 17","1"
"Kremsmünster","48393","48,05301 14,12842","Wien","50","48,208333 16,373056","Directed","Kremsmünster–Wien","8"
"St. Anton am Arlberg","212","47,1275 10,26372","Westerwede","258929","53,19852 8,92013","Directed","St. Anton am Arlberg–Westerwede","1"
"Stratford-upon-Avon","49870","52,19166 -1,70734","Stratford-upon-Avon","49870","52,19166 -1,70734","Directed","Stratford-upon-Avon–Stratford-upon-Avon","1"
"Stratford-upon-Avon","49870","52,19166 -1,70734","Edmund-Weiß-Gasse 7","168940","48,2304 16,33472","Directed","Stratford-upon-Avon–Edmund-Weiß-Gasse 7","1"
"18/1 Post- und Telegraphenamt 110","365223","48,22513 16,343276","Porzellangasse 45","231945","48,223406 16,361349","Directed","18/1 Post- und Telegraphenamt 110–Porzellangasse 45","2"
"Bozen","40260","46,49067 11,33982","Bozen","40260","46,49067 11,33982","Directed","Bozen–Bozen","4"
"Bozen","40260","46,49067 11,33982","9/3 Post- und Telegraphenamt 72","365208","48,216197 16,356623","Directed","Bozen–9/3 Post- und Telegraphenamt 72","1"
"9/3 Post- und Telegraphenamt 72","365208","48,216197 16,356623","18/1 Post- und Telegraphenamt 110","365223","48,22513 16,343276","Directed","9/3 Post- und Telegraphenamt 72–18/1 Post- und Telegraphenamt 110","3"
"18/1 Post- und Telegraphenamt 110","365223","48,22513 16,343276","Frankgasse 1","168934","48,21533 16,35736","Directed","18/1 Post- und Telegraphenamt 110–Frankgasse 1","4"
"Salzburg","30","47,80067 13,04532","Wien","50","48,208333 16,373056","Directed","Salzburg–Wien","30"
"9/1 Post- und Telegraphenamt 66","365266","48,219619 16,3617","18/1 Post- und Telegraphenamt 110","365223","48,22513 16,343276","Directed","9/1 Post- und Telegraphenamt 66–18/1 Post- und Telegraphenamt 110","1"
"Brüssel","862","50,85045 4,34878","Wien","50","48,208333 16,373056","Directed","Brüssel–Wien","6"
"Kopenhagen","36300","55,67594 12,56553","Villa Iris","1158","nicht vorhanden","Directed","Kopenhagen–Villa Iris","1"
"18/1 Post- und Telegraphenamt 110","365223","48,22513 16,343276","1/1 Telegraphen-Central-Station C.R.","290824","48,2139 16,3665","Directed","18/1 Post- und Telegraphenamt 110–1/1 Telegraphen-Central-Station C.R.","11"
"Weißenbach am Attersee","34344","47,8004 13,5358","Weißenbach am Attersee","34344","47,8004 13,5358","Directed","Weißenbach am Attersee–Weißenbach am Attersee","4"
"Weißenbach am Attersee","34344","47,8004 13,5358","Sternwartestraße 71","168815","48,23188 16,33716","Directed","Weißenbach am Attersee–Sternwartestraße 71","2"
"Brühl","44413","48,08509 16,24801","Wien","50","48,208333 16,373056","Directed","Brühl–Wien","1"
"18/1 Post- und Telegraphenamt 110","365223","48,22513 16,343276","Meidlinger Hauptstraße 56","365563","48,177598 16,329723","Directed","18/1 Post- und Telegraphenamt 110–Meidlinger Hauptstraße 56","15"
"Villa Dr. Wassing","34014","47,119503 13,140375","Bad Gastein","521","47,11547 13,13467","Directed","Villa Dr. Wassing–Bad Gastein","4"
"Bad Gastein","521","47,11547 13,13467","Hasenauerstraße","383","48,233816866614 16,337927920952","Directed","Bad Gastein–Hasenauerstraße","1"
"1/1 Post- und Telegraphenamt 1","365214","48,209928 16,379065","1/1 Post- und Telegraphenamt 1","365214","48,209928 16,379065","Directed","1/1 Post- und Telegraphenamt 1–1/1 Post- und Telegraphenamt 1","1"
"Velden am Wörthersee","909","46,61901 14,03129","Velden am Wörthersee","909","46,61901 14,03129","Directed","Velden am Wörthersee–Velden am Wörthersee","2"
"Velden am Wörthersee","909","46,61901 14,03129","1/1 Post- und Telegraphenamt 1","365214","48,209928 16,379065","Directed","Velden am Wörthersee–1/1 Post- und Telegraphenamt 1","1"
"Pension Gartenheim","288430","48,14944 11,58117","München","45258","48,13743 11,57549","Directed","Pension Gartenheim–München","1"
"München","45258","48,13743 11,57549","Tiefer Graben 17","207301","48,212284 16,367725","Directed","München–Tiefer Graben 17","4"
"Rennes","55293","48,11198 -1,67429","Rennes","55293","48,11198 -1,67429","Directed","Rennes–Rennes","2"
"Rennes","55293","48,11198 -1,67429","Bad Ischl","213","47,71109 13,61893","Directed","Rennes–Bad Ischl","1"
"Berlin","168","52,52437 13,41053","18/1 Post- und Telegraphenamt 110","365223","48,22513 16,343276","Directed","Berlin–18/1 Post- und Telegraphenamt 110","4"
"Celerina","12589","46,5146 9,8622","Hasenauerstraße 59","235251","48,23365 16,33494","Directed","Celerina–Hasenauerstraße 59","1"
"Hinterbrühl","75","48,08611 16,24809","Wien","50","48,208333 16,373056","Directed","Hinterbrühl–Wien","4"
"Weimar","197","50,97361 11,33806","Frankgasse 1","168934","48,21533 16,35736","Directed","Weimar–Frankgasse 1","1"
"Pötzleinsdorferstraße 88","235591","48,242328 16,309319","1/1 Post- und Telegraphenamt 1","365214","48,209928 16,379065","Directed","Pötzleinsdorferstraße 88–1/1 Post- und Telegraphenamt 1","1"
"1/1 Post- und Telegraphenamt 1","365214","48,209928 16,379065","Edmund-Weiß-Gasse 7","168940","48,2304 16,33472","Directed","1/1 Post- und Telegraphenamt 1–Edmund-Weiß-Gasse 7","1"
"Königs Wusterhausen","147545","52,30141 13,633","Königs Wusterhausen","147545","52,30141 13,633","Directed","Königs Wusterhausen–Königs Wusterhausen","1"
"Königs Wusterhausen","147545","52,30141 13,633","Edmund-Weiß-Gasse 7","168940","48,2304 16,33472","Directed","Königs Wusterhausen–Edmund-Weiß-Gasse 7","1"
"Berlin","168","52,52437 13,41053","Baden bei Wien","662","48,00543 16,23264","Directed","Berlin–Baden bei Wien","1"
"Lido","259","45,38333 12,35","Seis am Schlern","988","46,54133 11,55868","Directed","Lido–Seis am Schlern","1"
"Seis am Schlern","988","46,54133 11,55868","Wien","50","48,208333 16,373056","Directed","Seis am Schlern–Wien","2"
"Wien","50","48,208333 16,373056","Ordination Arthur Schnitzler [Bösendorferstraße 11]","167789","48,2012 16,37188","Directed","Wien–Ordination Arthur Schnitzler [Bösendorferstraße 11]","5"
"München","45258","48,13743 11,57549","18/1 Post- und Telegraphenamt 110","365223","48,22513 16,343276","Directed","München–18/1 Post- und Telegraphenamt 110","2"
"Tiefer Graben 23","207296","48,213038 16,368738","Strobl","895","47,71667 13,48333","Directed","Tiefer Graben 23–Strobl","1"
"Matrei am Brenner","591","47,12852 11,45222","Matrei am Brenner","591","47,12852 11,45222","Directed","Matrei am Brenner–Matrei am Brenner","3"
"Matrei am Brenner","591","47,12852 11,45222","Tiefer Graben 23","207296","48,213038 16,368738","Directed","Matrei am Brenner–Tiefer Graben 23","1"
"Hotel und Pension Lueg","824","47,753992 13,372111","St. Gilgen","33","47,76667 13,36667","Directed","Hotel und Pension Lueg–St. Gilgen","5"
"St. Gilgen","33","47,76667 13,36667","Hasenauerstraße 59","235251","48,23365 16,33494","Directed","St. Gilgen–Hasenauerstraße 59","1"
"Obere Donaustraße 59","333976","48,217918 16,373282","9/1 Post- und Telegraphenamt 66","365266","48,219619 16,3617","Directed","Obere Donaustraße 59–9/1 Post- und Telegraphenamt 66","1"
"9/1 Post- und Telegraphenamt 66","365266","48,219619 16,3617","9/2 Post- und Telegraphenamt 71","365211","48,218574 16,35084","Directed","9/1 Post- und Telegraphenamt 66–9/2 Post- und Telegraphenamt 71","1"
"9/2 Post- und Telegraphenamt 71","365211","48,218574 16,35084","9/3 Post- und Telegraphenamt 72","365208","48,216197 16,356623","Directed","9/2 Post- und Telegraphenamt 71–9/3 Post- und Telegraphenamt 72","2"
"Brijuni","45260","44,91417 13,76222","Brijuni","45260","44,91417 13,76222","Directed","Brijuni–Brijuni","10"
"Brijuni","45260","44,91417 13,76222","Tiefer Graben 17","207301","48,212284 16,367725","Directed","Brijuni–Tiefer Graben 17","5"
"Steindorf am Ossiacher See","34860","46,6992 13,98892","Wien","50","48,208333 16,373056","Directed","Steindorf am Ossiacher See–Wien","4"
"Hotel Tegetthoff","92294","48,20433 16,37479","1/1 Telegrafenamt 18","365486","48,208761 16,375559","Directed","Hotel Tegetthoff–1/1 Telegrafenamt 18","1"
"1/1 Telegrafenamt 18","365486","48,208761 16,375559","18/1 Post- und Telegraphenamt 110","365223","48,22513 16,343276","Directed","1/1 Telegrafenamt 18–18/1 Post- und Telegraphenamt 110","1"
"Bayreuth","734","49,94782 11,57893","Helsingør","726","56,03606 12,6136","Directed","Bayreuth–Helsingør","1"
"Helsingør","726","56,03606 12,6136","Kurhotellet","41010","56,044988 12,603924","Directed","Helsingør–Kurhotellet","5"
"Rodaun","173","48,132793312328 16,256152195922","Semmering","189","47,64224 15,8241","Directed","Rodaun–Semmering","1"
"Zürich","484","47,37174 8,54226","Neumünster","1142","47,36096 8,5587","Directed","Zürich–Neumünster","1"
"Neumünster","1142","47,36096 8,5587","Edmund-Weiß-Gasse 7","168940","48,2304 16,33472","Directed","Neumünster–Edmund-Weiß-Gasse 7","1"
"18/1 Post- und Telegraphenamt 110","365223","48,22513 16,343276","13/7 Post- und Telegraphenamt 94","365275","48,187928 16,266541","Directed","18/1 Post- und Telegraphenamt 110–13/7 Post- und Telegraphenamt 94","4"
"13/7 Post- und Telegraphenamt 94","365275","48,187928 16,266541","Haus Bahr","207274","48,186771 16,261305","Directed","13/7 Post- und Telegraphenamt 94–Haus Bahr","11"
"Frankfurt am Main","146","50,11552 8,68417","Frankfurt am Main","146","50,11552 8,68417","Directed","Frankfurt am Main–Frankfurt am Main","6"
"Frankfurt am Main","146","50,11552 8,68417","Vahrn","946","46,73901 11,63749","Directed","Frankfurt am Main–Vahrn","1"
"Unbekannt","263384","nicht vorhanden","Bad Ischl","213","47,71109 13,61893","Directed","Unbekannt–Bad Ischl","1"
"Bad Ischl","213","47,71109 13,61893","Sternwartestraße 71","168815","48,23188 16,33716","Directed","Bad Ischl–Sternwartestraße 71","4"
"Salzburg","30","47,80067 13,04532","1/1 Post- und Telegraphenamt 1","365214","48,209928 16,379065","Directed","Salzburg–1/1 Post- und Telegraphenamt 1","2"
"1/1 Post- und Telegraphenamt 1","365214","48,209928 16,379065","Tiefer Graben 17","207301","48,212284 16,367725","Directed","1/1 Post- und Telegraphenamt 1–Tiefer Graben 17","2"
"Hamburg","506","53,55055 9,993333","Hamburg","506","53,55055 9,993333","Directed","Hamburg–Hamburg","3"
"Hamburg","506","53,55055 9,993333","Edmund-Weiß-Gasse 7","168940","48,2304 16,33472","Directed","Hamburg–Edmund-Weiß-Gasse 7","2"
"Bad Aussee","415","47,60998 13,78243","St. Gilgen","33","47,76667 13,36667","Directed","Bad Aussee–St. Gilgen","3"
"Bad Ischl","213","47,71109 13,61893","9/1 Post- und Telegraphenamt 66","365266","48,219619 16,3617","Directed","Bad Ischl–9/1 Post- und Telegraphenamt 66","1"
"9/1 Post- und Telegraphenamt 66","365266","48,219619 16,3617","Berggasse 13","255105","48,218252 16,361915","Directed","9/1 Post- und Telegraphenamt 66–Berggasse 13","2"
"9/3 Post- und Telegraphenamt 72","365208","48,216197 16,356623","1/1 Post- und Telegraphenamt 1","365214","48,209928 16,379065","Directed","9/3 Post- und Telegraphenamt 72–1/1 Post- und Telegraphenamt 1","16"
"9/1 Post- und Telegraphenamt 66","365266","48,219619 16,3617","1/1 Telegraphen-Central-Station C.R.","290824","48,2139 16,3665","Directed","9/1 Post- und Telegraphenamt 66–1/1 Telegraphen-Central-Station C.R.","4"
"Berlin","168","52,52437 13,41053","Edmund-Weiß-Gasse 7","168940","48,2304 16,33472","Directed","Berlin–Edmund-Weiß-Gasse 7","7"
"Grand Hotel Forte dei Marmi","52716","43,95291802957647 10,173758622210785","Forte dei Marmi","44248","43,96388 10,17478","Directed","Grand Hotel Forte dei Marmi–Forte dei Marmi","2"
"Forte dei Marmi","44248","43,96388 10,17478","Tiefer Graben 17","207301","48,212284 16,367725","Directed","Forte dei Marmi–Tiefer Graben 17","1"
"Öhningen","218","47,6667 8,9","Wien","50","48,208333 16,373056","Directed","Öhningen–Wien","1"
"Bad Fusch","305739","47,19939 12,85366","Bad Ischl","213","47,71109 13,61893","Directed","Bad Fusch–Bad Ischl","3"
"Kochgasse 8","249577","48,212327 16,349717","8/1 Post- und Telegraphenamt 64","365450","48,210695 16,351186","Directed","Kochgasse 8–8/1 Post- und Telegraphenamt 64","4"
"8/1 Post- und Telegraphenamt 64","365450","48,210695 16,351186","Sternwartestraße 71","168815","48,23188 16,33716","Directed","8/1 Post- und Telegraphenamt 64–Sternwartestraße 71","4"
"Franz-Josefs-Kai 31","403915","48,213305 16,374285","Ordination Arthur Schnitzler [Bösendorferstraße 11]","167789","48,2012 16,37188","Directed","Franz-Josefs-Kai 31–Ordination Arthur Schnitzler [Bösendorferstraße 11]","1"
"18/1 Post- und Telegraphenamt 110","365223","48,22513 16,343276","Rodaun","173","48,132793312328 16,256152195922","Directed","18/1 Post- und Telegraphenamt 110–Rodaun","15"
"Berlin","168","52,52437 13,41053","9/3 Post- und Telegraphenamt 72","365208","48,216197 16,356623","Directed","Berlin–9/3 Post- und Telegraphenamt 72","7"
"Prag","652","50,08333 14,46667","Prag","652","50,08333 14,46667","Directed","Prag–Prag","2"
"Prag","652","50,08333 14,46667","I., Innere Stadt","51","48,20769 16,37049","Directed","Prag–I., Innere Stadt","1"
"I., Innere Stadt","51","48,20769 16,37049","Tiefer Graben 23","207296","48,213038 16,368738","Directed","I., Innere Stadt–Tiefer Graben 23","11"
"Semmering","189","47,64224 15,8241","Semmering","189","47,64224 15,8241","Directed","Semmering–Semmering","15"
"Semmering","189","47,64224 15,8241","1/1 Post- und Telegraphenamt 1","365214","48,209928 16,379065","Directed","Semmering–1/1 Post- und Telegraphenamt 1","5"
"Cottagegasse 37","235812","48,233004 16,34167","18/1 Post- und Telegraphenamt 110","365223","48,22513 16,343276","Directed","Cottagegasse 37–18/1 Post- und Telegraphenamt 110","1"
"18/1 Post- und Telegraphenamt 110","365223","48,22513 16,343276","Sternwartestraße 71","168815","48,23188 16,33716","Directed","18/1 Post- und Telegraphenamt 110–Sternwartestraße 71","2"
"Porzellangasse 45","231945","48,223406 16,361349","1/1 Telegraphen-Central-Station C.R.","365357","48,2139 16,3665","Directed","Porzellangasse 45–1/1 Telegraphen-Central-Station C.R.","1"
"1/1 Telegraphen-Central-Station C.R.","365357","48,2139 16,3665","18/1 Post- und Telegraphenamt 111","365226","48,230794 16,344569","Directed","1/1 Telegraphen-Central-Station C.R.–18/1 Post- und Telegraphenamt 111","2"
"Berlin","168","52,52437 13,41053","Reichenau an der Rax","483","47,7 15,83333","Directed","Berlin–Reichenau an der Rax","2"
"3/3 Post- und Telegraphenamt 49","365229","48,198051 16,380626","9/3 Post- und Telegraphenamt 72","365208","48,216197 16,356623","Directed","3/3 Post- und Telegraphenamt 49–9/3 Post- und Telegraphenamt 72","6"
"Bad Ischl","213","47,71109 13,61893","Mödling","968","48,08605 16,28921","Directed","Bad Ischl–Mödling","1"
"Wohnung und Ordination Arthur Schnitzler Grillparzerstraße 7/3. Stock","167782","48,212477 16,357233","IX., Alsergrund","59","48,22387 16,35641","Directed","Wohnung und Ordination Arthur Schnitzler Grillparzerstraße 7/3. Stock–IX., Alsergrund","2"
"IX., Alsergrund","59","48,22387 16,35641","Bad Ischl","213","47,71109 13,61893","Directed","IX., Alsergrund–Bad Ischl","2"
"Bad Ischl","213","47,71109 13,61893","Schulgasse 8 [Bad Ischl]","41463","47,712523 13,621877","Directed","Bad Ischl–Schulgasse 8 [Bad Ischl]","5"
"Wien","50","48,208333 16,373056","Hasenauerstraße 59","235251","48,23365 16,33494","Directed","Wien–Hasenauerstraße 59","7"
"Orahovica","42960","45,54 17,88472","1/1 Post- und Telegraphenamt 1","365214","48,209928 16,379065","Directed","Orahovica–1/1 Post- und Telegraphenamt 1","1"
"Vahrn","946","46,73901 11,63749","München","45258","48,13743 11,57549","Directed","Vahrn–München","1"
"Grand Hotel Metropol","1135","37,85139 15,28514","Taormina","906","37,85358 15,28851","Directed","Grand Hotel Metropol–Taormina","1"
"Taormina","906","37,85358 15,28851","Sternwartestraße 71","168815","48,23188 16,33716","Directed","Taormina–Sternwartestraße 71","1"
"Predazzo","90170","46,316666666667 11,6","Predazzo","90170","46,316666666667 11,6","Directed","Predazzo–Predazzo","1"
"Predazzo","90170","46,316666666667 11,6","1/1 Post- und Telegraphenamt 1","365214","48,209928 16,379065","Directed","Predazzo–1/1 Post- und Telegraphenamt 1","1"
"Mittelmeer","41016","35,0 18,0","Piraeus","49145","37,94203 23,64619","Directed","Mittelmeer–Piraeus","1"
"Piraeus","49145","37,94203 23,64619","Tiefer Graben 17","207301","48,212284 16,367725","Directed","Piraeus–Tiefer Graben 17","1"
"Wien","50","48,208333 16,373056","Kopenhagen","36300","55,67594 12,56553","Directed","Wien–Kopenhagen","14"
"Pörtschach am Wörthersee","44278","46,635556 14,1425","Vahrn","946","46,73901 11,63749","Directed","Pörtschach am Wörthersee–Vahrn","4"
"Wien","50","48,208333 16,373056","Brühl","44413","48,08509 16,24801","Directed","Wien–Brühl","1"
"Verona","44153","45,4299 10,98444","Verona Porta Nuova","365444","45,429167 10,982222","Directed","Verona–Verona Porta Nuova","1"
"Verona Porta Nuova","365444","45,429167 10,982222","Tiefer Graben 17","207301","48,212284 16,367725","Directed","Verona Porta Nuova–Tiefer Graben 17","4"
"18/1 Post- und Telegraphenamt 110","365223","48,22513 16,343276","Berghof","411","47,799951 13,4815496","Directed","18/1 Post- und Telegraphenamt 110–Berghof","2"
"Wohnung und Ordination Arthur Schnitzler Grillparzerstraße 7/3. Stock","167782","48,212477 16,357233","1/1 Post- und Telegraphenamt 1","365214","48,209928 16,379065","Directed","Wohnung und Ordination Arthur Schnitzler Grillparzerstraße 7/3. Stock–1/1 Post- und Telegraphenamt 1","9"
"1/1 Post- und Telegraphenamt 1","365214","48,209928 16,379065","Bad Ischl","213","47,71109 13,61893","Directed","1/1 Post- und Telegraphenamt 1–Bad Ischl","8"
"Frankgasse 1","168934","48,21533 16,35736","Tschortkiw","45274","49,01701 25,79808","Directed","Frankgasse 1–Tschortkiw","1"
"Bad Aussee","415","47,60998 13,78243","Altaussee","34401","47,639444 13,763333","Directed","Bad Aussee–Altaussee","2"
"1/1 Post- und Telegraphenamt 1","365214","48,209928 16,379065","Ordination Arthur Schnitzler [Bösendorferstraße 11]","167789","48,2012 16,37188","Directed","1/1 Post- und Telegraphenamt 1–Ordination Arthur Schnitzler [Bösendorferstraße 11]","15"
"Tiefer Graben 23","207296","48,213038 16,368738","1/1 Post- und Telegraphenamt 1","365214","48,209928 16,379065","Directed","Tiefer Graben 23–1/1 Post- und Telegraphenamt 1","12"
"1/1 Post- und Telegraphenamt 1","365214","48,209928 16,379065","Bad Gastein","521","47,11547 13,13467","Directed","1/1 Post- und Telegraphenamt 1–Bad Gastein","2"
"Bad Gastein","521","47,11547 13,13467","Villa Dr. Wassing","34014","47,119503 13,140375","Directed","Bad Gastein–Villa Dr. Wassing","2"
"Sternwartestraße 71","168815","48,23188 16,33716","München","45258","48,13743 11,57549","Directed","Sternwartestraße 71–München","2"
"Cresta Palace","1138","46,512179 9,85759","Celerina","12589","46,5146 9,8622","Directed","Cresta Palace–Celerina","6"
"Dresden","866","51,0833 13,7666","Dresden","866","51,0833 13,7666","Directed","Dresden–Dresden","3"
"Dresden","866","51,0833 13,7666","Tiefer Graben 23","207296","48,213038 16,368738","Directed","Dresden–Tiefer Graben 23","1"
"Hotel und Pension Rudolfshöhe (Leopold Petter)","414","47,706537 13,609575","Bad Ischl","213","47,71109 13,61893","Directed","Hotel und Pension Rudolfshöhe (Leopold Petter)–Bad Ischl","5"
"Bad Ischl","213","47,71109 13,61893","Seeboden am Millstättersee","34824","46,818888888889 13,518333","Directed","Bad Ischl–Seeboden am Millstättersee","2"
"Wohnung und Ordination Arthur Schnitzler Grillparzerstraße 7/3. Stock","167782","48,212477 16,357233","1/1 Post- und Telegraphenamt 10","365217","48,210234 16,357213","Directed","Wohnung und Ordination Arthur Schnitzler Grillparzerstraße 7/3. Stock–1/1 Post- und Telegraphenamt 10","5"
"1/1 Post- und Telegraphenamt 10","365217","48,210234 16,357213","1/1 Telegramm- und Rohrpostamt 2","365269","48,210441 16,378488","Directed","1/1 Post- und Telegraphenamt 10–1/1 Telegramm- und Rohrpostamt 2","2"
"Grand Hôtel Locarno","264004","46,17225 8,79887","Bellinzona","43084","46,19278 9,01703","Directed","Grand Hôtel Locarno–Bellinzona","1"
"Bellinzona","43084","46,19278 9,01703","Tiefer Graben 17","207301","48,212284 16,367725","Directed","Bellinzona–Tiefer Graben 17","1"
"Wien","50","48,208333 16,373056","9/3 Post- und Telegraphenamt 72","365208","48,216197 16,356623","Directed","Wien–9/3 Post- und Telegraphenamt 72","8"
"9/3 Post- und Telegraphenamt 72","365208","48,216197 16,356623","Gardone Riviera","374","45,62499 10,56527","Directed","9/3 Post- und Telegraphenamt 72–Gardone Riviera","1"
"Florenz","263","43,77925 11,24626","Florenz","263","43,77925 11,24626","Directed","Florenz–Florenz","3"
"Florenz","263","43,77925 11,24626","Tiefer Graben 17","207301","48,212284 16,367725","Directed","Florenz–Tiefer Graben 17","1"
"Seewartstraße","34218","47,360681 8,532356","Enge [Zürich]","34215","47,364078 8,531718","Directed","Seewartstraße–Enge [Zürich]","1"
"Enge [Zürich]","34215","47,364078 8,531718","9/3 Post- und Telegraphenamt 72","365208","48,216197 16,356623","Directed","Enge [Zürich]–9/3 Post- und Telegraphenamt 72","1"
"Wien","50","48,208333 16,373056","Prag","652","50,08333 14,46667","Directed","Wien–Prag","1"
"Postbestellbezirk 18/1","405253","48,231941 16,335645","13/7 Post- und Telegraphenamt 94","365275","48,187928 16,266541","Directed","Postbestellbezirk 18/1–13/7 Post- und Telegraphenamt 94","1"
"Bad Ischl","213","47,71109 13,61893","Gasthaus Brunnthaler","40256","47,6417738 13,7682587","Directed","Bad Ischl–Gasthaus Brunnthaler","1"
"Gasthaus Brunnthaler","40256","47,6417738 13,7682587","Gasthaus Brunnthaler","40256","47,6417738 13,7682587","Directed","Gasthaus Brunnthaler–Gasthaus Brunnthaler","1"
"Jaffa","51650","32,05043 34,75224","Ramla","148307","31,9275 34,8625","Directed","Jaffa–Ramla","1"
"Ramla","148307","31,9275 34,8625","Sternwartestraße 71","168815","48,23188 16,33716","Directed","Ramla–Sternwartestraße 71","1"
"Hörlgasse 16","199347","48,217035 16,363578","9/3 Post- und Telegraphenamt 72","365208","48,216197 16,356623","Directed","Hörlgasse 16–9/3 Post- und Telegraphenamt 72","1"
"Edmund-Weiß-Gasse 7","168940","48,2304 16,33472","1/1 Post- und Telegraphenamt 10","365217","48,210234 16,357213","Directed","Edmund-Weiß-Gasse 7–1/1 Post- und Telegraphenamt 10","4"
"1/1 Post- und Telegraphenamt 10","365217","48,210234 16,357213","1/1 Telegraphen-Central-Station C.R.","290824","48,2139 16,3665","Directed","1/1 Post- und Telegraphenamt 10–1/1 Telegraphen-Central-Station C.R.","4"
"18/1 Post- und Telegraphenamt 110","365223","48,22513 16,343276","Gentzgasse","40694","48,228096 16,337917","Directed","18/1 Post- und Telegraphenamt 110–Gentzgasse","1"
"St. Gilgen","33","47,76667 13,36667","Semmering","189","47,64224 15,8241","Directed","St. Gilgen–Semmering","2"
"Sternwartestraße 71","168815","48,23188 16,33716","18/1 Post- und Telegraphenamt 111","365226","48,230794 16,344569","Directed","Sternwartestraße 71–18/1 Post- und Telegraphenamt 111","8"
"18/1 Post- und Telegraphenamt 111","365226","48,230794 16,344569","Kochgasse 8","249577","48,212327 16,349717","Directed","18/1 Post- und Telegraphenamt 111–Kochgasse 8","1"
"Skodsborg","958","55,8225 12,57324","Skodsborg","958","55,8225 12,57324","Directed","Skodsborg–Skodsborg","2"
"Bad Gastein","521","47,11547 13,13467","Bad Gastein","521","47,11547 13,13467","Directed","Bad Gastein–Bad Gastein","1"
"Bad Gastein","521","47,11547 13,13467","Tiefer Graben 17","207301","48,212284 16,367725","Directed","Bad Gastein–Tiefer Graben 17","1"
"Villa Platzer","40788","46,8105 13,515","Seeboden am Millstättersee","34824","46,818888888889 13,518333","Directed","Villa Platzer–Seeboden am Millstättersee","6"
"Seeboden am Millstättersee","34824","46,818888888889 13,518333","Velden am Wörthersee","909","46,61901 14,03129","Directed","Seeboden am Millstättersee–Velden am Wörthersee","1"
"Velden am Wörthersee","909","46,61901 14,03129","Pension Pundschu","36282","46,610344 14,057955","Directed","Velden am Wörthersee–Pension Pundschu","2"
"Sanatorium Loew","89","48,216264483348 16,347492624475","9/4 Post- und Telegraphenamt 68","365615","48,22611 16,361111","Directed","Sanatorium Loew–9/4 Post- und Telegraphenamt 68","1"
"9/4 Post- und Telegraphenamt 68","365615","48,22611 16,361111","Edmund-Weiß-Gasse 7","168940","48,2304 16,33472","Directed","9/4 Post- und Telegraphenamt 68–Edmund-Weiß-Gasse 7","2"
"Villa Kupferschmied","43462","47,705435 13,626622","Bad Ischl","213","47,71109 13,61893","Directed","Villa Kupferschmied–Bad Ischl","3"
"Bad Ischl","213","47,71109 13,61893","Haus Tannenberg","808","47,48881 11,11289","Directed","Bad Ischl–Haus Tannenberg","2"
"Karlovy Vary","842","50,23271 12,87117","Bad Ischl","213","47,71109 13,61893","Directed","Karlovy Vary–Bad Ischl","1"
"Deutschfeistritz","50963","47,19852 15,33623","Peggau","54762","47,2 15,35","Directed","Deutschfeistritz–Peggau","1"
"Peggau","54762","47,2 15,35","Edmund-Weiß-Gasse 7","168940","48,2304 16,33472","Directed","Peggau–Edmund-Weiß-Gasse 7","1"
"Strobl","895","47,71667 13,48333","Bad Ischl","213","47,71109 13,61893","Directed","Strobl–Bad Ischl","2"
"9/3 Post- und Telegraphenamt 72","365208","48,216197 16,356623","Riva del Garda","465","45,88576 10,84118","Directed","9/3 Post- und Telegraphenamt 72–Riva del Garda","2"
"Riva del Garda","465","45,88576 10,84118","Riva del Garda","465","45,88576 10,84118","Directed","Riva del Garda–Riva del Garda","2"
"Wien","50","48,208333 16,373056","Baden bei Wien","662","48,00543 16,23264","Directed","Wien–Baden bei Wien","1"
"18/1 Post- und Telegraphenamt 110","365223","48,22513 16,343276","18/1 Post- und Telegraphenamt 111","365226","48,230794 16,344569","Directed","18/1 Post- und Telegraphenamt 110–18/1 Post- und Telegraphenamt 111","5"
"18/1 Post- und Telegraphenamt 111","365226","48,230794 16,344569","Hasenauerstraße 59","235251","48,23365 16,33494","Directed","18/1 Post- und Telegraphenamt 111–Hasenauerstraße 59","6"
"Sternwartestraße 71","168815","48,23188 16,33716","Kapuzinerberg","297","47,80399 13,05734","Directed","Sternwartestraße 71–Kapuzinerberg","1"
"18/1 Post- und Telegraphenamt 110","365223","48,22513 16,343276","Rathausstraße 17","296105","48,213294 16,356851","Directed","18/1 Post- und Telegraphenamt 110–Rathausstraße 17","1"
"Prag","652","50,08333 14,46667","Wien","50","48,208333 16,373056","Directed","Prag–Wien","4"
"Paris","182","48,85341 2,3488","Bad Ischl","213","47,71109 13,61893","Directed","Paris–Bad Ischl","8"
"St. Gilgen","33","47,76667 13,36667","Wien","50","48,208333 16,373056","Directed","St. Gilgen–Wien","13"
"Piazza Montecitorio 121","336768","41,90063306849813 12,47837907729109","Kärntnerring 12/Bösendorferstraße 11","167805","48,20143 16,37196","Directed","Piazza Montecitorio 121–Kärntnerring 12/Bösendorferstraße 11","1"
"Kärntnerring 12/Bösendorferstraße 11","167805","48,20143 16,37196","Wohnung und Ordination Arthur Schnitzler Grillparzerstraße 7/3. Stock","167782","48,212477 16,357233","Directed","Kärntnerring 12/Bösendorferstraße 11–Wohnung und Ordination Arthur Schnitzler Grillparzerstraße 7/3. Stock","1"
"Ritten","246116","46,54039 11,457027","Bozen","40260","46,49067 11,33982","Directed","Ritten–Bozen","1"
"Bozen","40260","46,49067 11,33982","1/1 Post- und Telegraphenamt 1","365214","48,209928 16,379065","Directed","Bozen–1/1 Post- und Telegraphenamt 1","2"
"Villa Heufler","467","46,54555 11,560026","Seis am Schlern","988","46,54133 11,55868","Directed","Villa Heufler–Seis am Schlern","4"
"Seis am Schlern","988","46,54133 11,55868","Tiefer Graben 23","207296","48,213038 16,368738","Directed","Seis am Schlern–Tiefer Graben 23","1"
"Wien","50","48,208333 16,373056","Meidlinger Hauptstraße 56","365563","48,177598 16,329723","Directed","Wien–Meidlinger Hauptstraße 56","5"
"Frankgasse 1","168934","48,21533 16,35736","IX., Alsergrund","59","48,22387 16,35641","Directed","Frankgasse 1–IX., Alsergrund","5"
"Armbrustergasse 6","237626","48,254547 16,355118","1/1 Telegraphenamt 13","365241","48,208168 16,368996","Directed","Armbrustergasse 6–1/1 Telegraphenamt 13","1"
"1/1 Telegraphenamt 13","365241","48,208168 16,368996","Welsberg-Taisten","428","46,75774 12,10556","Directed","1/1 Telegraphenamt 13–Welsberg-Taisten","1"
"Welsberg-Taisten","428","46,75774 12,10556","Wildbad Waldbrunn","723","46,751211 12,101269","Directed","Welsberg-Taisten–Wildbad Waldbrunn","7"
"Wien","50","48,208333 16,373056","1/1 Post- und Telegraphenamt 15","365220","48,20246 16,370739","Directed","Wien–1/1 Post- und Telegraphenamt 15","6"
"1/1 Post- und Telegraphenamt 15","365220","48,20246 16,370739","9/2 Post- und Telegraphenamt 71","365211","48,218574 16,35084","Directed","1/1 Post- und Telegraphenamt 15–9/2 Post- und Telegraphenamt 71","2"
"Frankgasse 1","168934","48,21533 16,35736","I., Innere Stadt","51","48,20769 16,37049","Directed","Frankgasse 1–I., Innere Stadt","1"
"I., Innere Stadt","51","48,20769 16,37049","Baden bei Wien","662","48,00543 16,23264","Directed","I., Innere Stadt–Baden bei Wien","1"
"Wien","50","48,208333 16,373056","Seeboden am Millstättersee","34824","46,818888888889 13,518333","Directed","Wien–Seeboden am Millstättersee","1"
"Berlin","168","52,52437 13,41053","Opatija","38096","45,33771 14,30515","Directed","Berlin–Opatija","1"
"Opatija","38096","45,33771 14,30515","Pension Quisisana","756","45,333852 14,301821","Directed","Opatija–Pension Quisisana","2"
"Sternwartestraße 71","168815","48,23188 16,33716","Paris","182","48,85341 2,3488","Directed","Sternwartestraße 71–Paris","3"
"St. Gilgen","33","47,76667 13,36667","St. Gilgen","33","47,76667 13,36667","Directed","St. Gilgen–St. Gilgen","6"
"Südbahnhotel [Semmering]","413","47,647222 15,83","Semmering","189","47,64224 15,8241","Directed","Südbahnhotel [Semmering]–Semmering","10"
"Semmering","189","47,64224 15,8241","Hasenauerstraße 59","235251","48,23365 16,33494","Directed","Semmering–Hasenauerstraße 59","5"
"18/1 Post- und Telegraphenamt 110","365223","48,22513 16,343276","Tiefer Graben 23","207296","48,213038 16,368738","Directed","18/1 Post- und Telegraphenamt 110–Tiefer Graben 23","6"
"Waldhof, Dependance des Südbahnhotels Semmering","252271","47,64618171 15,8246089","Semmering","189","47,64224 15,8241","Directed","Waldhof, Dependance des Südbahnhotels Semmering–Semmering","1"
"Semmering","189","47,64224 15,8241","Tiefer Graben 23","207296","48,213038 16,368738","Directed","Semmering–Tiefer Graben 23","5"
"Berlin","168","52,52437 13,41053","Villa Heufler","467","46,54555 11,560026","Directed","Berlin–Villa Heufler","2"
"Edmund-Weiß-Gasse 7","168940","48,2304 16,33472","Hasenauerstraße 59","235251","48,23365 16,33494","Directed","Edmund-Weiß-Gasse 7–Hasenauerstraße 59","18"
"Ordination Arthur Schnitzler [Bösendorferstraße 11]","167789","48,2012 16,37188","Salesianergasse 12","192623","48,198484 16,380905","Directed","Ordination Arthur Schnitzler [Bösendorferstraße 11]–Salesianergasse 12","11"
"Edlach an der Rax","470","47,69255 15,80915","Edlach an der Rax","470","47,69255 15,80915","Directed","Edlach an der Rax–Edlach an der Rax","3"
"Edlach an der Rax","470","47,69255 15,80915","Tiefer Graben 23","207296","48,213038 16,368738","Directed","Edlach an der Rax–Tiefer Graben 23","4"
"IX., Alsergrund","59","48,22387 16,35641","Rodaun","173","48,132793312328 16,256152195922","Directed","IX., Alsergrund–Rodaun","2"
"1/1 Post- und Telegraphenamt 1","365214","48,209928 16,379065","Rom","445","41,89193 12,51133","Directed","1/1 Post- und Telegraphenamt 1–Rom","1"
"Rom","445","41,89193 12,51133","Hotel Quirinale","769","41,90163 12,49484","Directed","Rom–Hotel Quirinale","2"
"St. Anton am Arlberg","212","47,1275 10,26372","St. Anton am Arlberg","212","47,1275 10,26372","Directed","St. Anton am Arlberg–St. Anton am Arlberg","2"
"St. Anton am Arlberg","212","47,1275 10,26372","Pörtschach am Wörthersee","44278","46,635556 14,1425","Directed","St. Anton am Arlberg–Pörtschach am Wörthersee","1"
"Berlin","168","52,52437 13,41053","Vahrn","946","46,73901 11,63749","Directed","Berlin–Vahrn","1"
"Berlin","168","52,52437 13,41053","Sternwartestraße 71","168815","48,23188 16,33716","Directed","Berlin–Sternwartestraße 71","3"
"Salesianergasse 12","192623","48,198484 16,380905","Ordination Arthur Schnitzler [Bösendorferstraße 11]","167789","48,2012 16,37188","Directed","Salesianergasse 12–Ordination Arthur Schnitzler [Bösendorferstraße 11]","8"
"Reichenau an der Rax","483","47,7 15,83333","Reichenau an der Rax","483","47,7 15,83333","Directed","Reichenau an der Rax–Reichenau an der Rax","8"
"Reichenau an der Rax","483","47,7 15,83333","Tiefer Graben 17","207301","48,212284 16,367725","Directed","Reichenau an der Rax–Tiefer Graben 17","2"
"Dubrovnik","682","42,64807 18,09216","Dubrovnik","682","42,64807 18,09216","Directed","Dubrovnik–Dubrovnik","3"
"Dubrovnik","682","42,64807 18,09216","18/1 Post- und Telegraphenamt 110","365223","48,22513 16,343276","Directed","Dubrovnik–18/1 Post- und Telegraphenamt 110","2"
"1/1 Post- und Telegraphenamt 1","365214","48,209928 16,379065","18/1 Post- und Telegraphenamt 110","365223","48,22513 16,343276","Directed","1/1 Post- und Telegraphenamt 1–18/1 Post- und Telegraphenamt 110","3"
"18/1 Post- und Telegraphenamt 110","365223","48,22513 16,343276","Venedig","462","45,43713 12,33265","Directed","18/1 Post- und Telegraphenamt 110–Venedig","1"
"18/1 Post- und Telegraphenamt 110","365223","48,22513 16,343276","1/1 Post- und Telegraphenamt 1","365214","48,209928 16,379065","Directed","18/1 Post- und Telegraphenamt 110–1/1 Post- und Telegraphenamt 1","3"
"Kiel","907","54,32133 10,13489","Kieler Yacht-Club","148141","54,33985 10,15621","Directed","Kiel–Kieler Yacht-Club","1"
"Kieler Yacht-Club","148141","54,33985 10,15621","Edmund-Weiß-Gasse 7","168940","48,2304 16,33472","Directed","Kieler Yacht-Club–Edmund-Weiß-Gasse 7","1"
"Hotel d’Jéna","1131","48,86364 2,29338","Paris","182","48,85341 2,3488","Directed","Hotel d’Jéna–Paris","1"
"Paris","182","48,85341 2,3488","Sternwartestraße 71","168815","48,23188 16,33716","Directed","Paris–Sternwartestraße 71","3"
"Grundlsee [Gemeinde]","46000","47,61667 13,81667","Grundlsee [Gemeinde]","46000","47,61667 13,81667","Directed","Grundlsee [Gemeinde]–Grundlsee [Gemeinde]","3"
"Grundlsee [Gemeinde]","46000","47,61667 13,81667","Bad Ischl","213","47,71109 13,61893","Directed","Grundlsee [Gemeinde]–Bad Ischl","1"
"Genf","562","46,20222 6,14569","Wien","50","48,208333 16,373056","Directed","Genf–Wien","2"
"Czernowitz","976","48,29149 25,94034","Czernowitz","976","48,29149 25,94034","Directed","Czernowitz–Czernowitz","1"
"Czernowitz","976","48,29149 25,94034","Sternwartestraße 71","168815","48,23188 16,33716","Directed","Czernowitz–Sternwartestraße 71","1"
"Edmund-Weiß-Gasse 7","168940","48,2304 16,33472","9/1 Post- und Telegraphenamt 66","365266","48,219619 16,3617","Directed","Edmund-Weiß-Gasse 7–9/1 Post- und Telegraphenamt 66","5"
"9/1 Post- und Telegraphenamt 66","365266","48,219619 16,3617","I., Innere Stadt","51","48,20769 16,37049","Directed","9/1 Post- und Telegraphenamt 66–I., Innere Stadt","2"
"Brünn","833","49,19522 16,60796","Ordination Arthur Schnitzler [Bösendorferstraße 11]","167789","48,2012 16,37188","Directed","Brünn–Ordination Arthur Schnitzler [Bösendorferstraße 11]","1"
"Tiefer Graben 17","207301","48,212284 16,367725","1/1 Post- und Telegraphenamt 8","365555","48,214719 16,368323","Directed","Tiefer Graben 17–1/1 Post- und Telegraphenamt 8","10"
"1/1 Post- und Telegraphenamt 8","365555","48,214719 16,368323","Hotel Kaiserin Elisabeth [Bad Ischl]","715","47,7105 13,62173","Directed","1/1 Post- und Telegraphenamt 8–Hotel Kaiserin Elisabeth [Bad Ischl]","1"
"Pörtschach am Wörthersee","44278","46,635556 14,1425","Pörtschach am Wörthersee","44278","46,635556 14,1425","Directed","Pörtschach am Wörthersee–Pörtschach am Wörthersee","4"
"Pörtschach am Wörthersee","44278","46,635556 14,1425","1/1 Post- und Telegraphenamt 1","365214","48,209928 16,379065","Directed","Pörtschach am Wörthersee–1/1 Post- und Telegraphenamt 1","1"
"Kopenhagen","36300","55,67594 12,56553","9/3 Post- und Telegraphenamt 72","365208","48,216197 16,356623","Directed","Kopenhagen–9/3 Post- und Telegraphenamt 72","2"
"Salesianergasse 12","192623","48,198484 16,380905","1/1 Post- und Telegraphenamt 1","365214","48,209928 16,379065","Directed","Salesianergasse 12–1/1 Post- und Telegraphenamt 1","3"
"1/1 Post- und Telegraphenamt 1","365214","48,209928 16,379065","Frankgasse 1","168934","48,21533 16,35736","Directed","1/1 Post- und Telegraphenamt 1–Frankgasse 1","1"
"Amsterdam","40709","52,37403 4,88969","Amsterdam","40709","52,37403 4,88969","Directed","Amsterdam–Amsterdam","3"
"Amsterdam","40709","52,37403 4,88969","1/1 Post- und Telegraphenamt 1","365214","48,209928 16,379065","Directed","Amsterdam–1/1 Post- und Telegraphenamt 1","1"
"Frankfurt am Main","146","50,11552 8,68417","Berlin","168","52,52437 13,41053","Directed","Frankfurt am Main–Berlin","5"
"Lido","259","45,38333 12,35","Frankgasse 1","168934","48,21533 16,35736","Directed","Lido–Frankgasse 1","1"
"Wien","50","48,208333 16,373056","rue Feydeau","42671","48,87 2,3408","Directed","Wien–rue Feydeau","1"
"Berlin","168","52,52437 13,41053","Payerbach","948","47,69209 15,8634","Directed","Berlin–Payerbach","2"
"Mariazell","431","47,77306 15,31639","Mariazell","431","47,77306 15,31639","Directed","Mariazell–Mariazell","2"
"Mariazell","431","47,77306 15,31639","Edmund-Weiß-Gasse 7","168940","48,2304 16,33472","Directed","Mariazell–Edmund-Weiß-Gasse 7","1"
"San Francisco","38216","37,77493 -122,41942","San Francisco","38216","37,77493 -122,41942","Directed","San Francisco–San Francisco","1"
"San Francisco","38216","37,77493 -122,41942","Sternwartestraße 71","168815","48,23188 16,33716","Directed","San Francisco–Sternwartestraße 71","1"
"18/1 Post- und Telegraphenamt 110","365223","48,22513 16,343276","IX., Alsergrund","59","48,22387 16,35641","Directed","18/1 Post- und Telegraphenamt 110–IX., Alsergrund","1"
"IX., Alsergrund","59","48,22387 16,35641","Garnisongasse 10","292961","48,215864 16,356939","Directed","IX., Alsergrund–Garnisongasse 10","1"
"9/3 Post- und Telegraphenamt 72","365208","48,216197 16,356623","Steindorf am Ossiacher See","34860","46,6992 13,98892","Directed","9/3 Post- und Telegraphenamt 72–Steindorf am Ossiacher See","4"
"Steindorf am Ossiacher See","34860","46,6992 13,98892","Steindorf am Ossiacher See","34860","46,6992 13,98892","Directed","Steindorf am Ossiacher See–Steindorf am Ossiacher See","12"
"Öhningen","218","47,6667 8,9","Berlin","168","52,52437 13,41053","Directed","Öhningen–Berlin","1"
"Meran","43520","46,66817 11,15953","Meran","43520","46,66817 11,15953","Directed","Meran–Meran","2"
"Meran","43520","46,66817 11,15953","Tiefer Graben 23","207296","48,213038 16,368738","Directed","Meran–Tiefer Graben 23","1"
"Danzig","42763","54,3611 18,6897","Danzig","42763","54,3611 18,6897","Directed","Danzig–Danzig","1"
"Danzig","42763","54,3611 18,6897","9/3 Post- und Telegraphenamt 72","365208","48,216197 16,356623","Directed","Danzig–9/3 Post- und Telegraphenamt 72","1"
"Tiefer Graben 23","207296","48,213038 16,368738","Paris","182","48,85341 2,3488","Directed","Tiefer Graben 23–Paris","1"
"Bad Fusch","305739","47,19939 12,85366","Trondheim","40290","63,43049 10,39506","Directed","Bad Fusch–Trondheim","1"
"Chemnitz","49582","50,8357 12,92922","Chemnitz","49582","50,8357 12,92922","Directed","Chemnitz–Chemnitz","1"
"Chemnitz","49582","50,8357 12,92922","Sternwartestraße 71","168815","48,23188 16,33716","Directed","Chemnitz–Sternwartestraße 71","1"
"Wien","50","48,208333 16,373056","Dresden","866","51,0833 13,7666","Directed","Wien–Dresden","1"
"Krütznergasse","33993","48,22578 16,34851","Wien","50","48,208333 16,373056","Directed","Krütznergasse–Wien","1"
"Wien","50","48,208333 16,373056","Tłumacz","636","48,86403 25,00325","Directed","Wien–Tłumacz","1"
"Basel","854","47,55839 7,57327","Basel","854","47,55839 7,57327","Directed","Basel–Basel","1"
"Basel","854","47,55839 7,57327","9/3 Post- und Telegraphenamt 72","365208","48,216197 16,356623","Directed","Basel–9/3 Post- und Telegraphenamt 72","1"
"München","45258","48,13743 11,57549","Wien","50","48,208333 16,373056","Directed","München–Wien","34"
"Sternwartestraße 71","168815","48,23188 16,33716","Unterach am Attersee","877","47,80494 13,48728","Directed","Sternwartestraße 71–Unterach am Attersee","1"
"Bern","1223","46,9489 7,4638","Bern","1223","46,9489 7,4638","Directed","Bern–Bern","5"
"Bern","1223","46,9489 7,4638","9/3 Post- und Telegraphenamt 72","365208","48,216197 16,356623","Directed","Bern–9/3 Post- und Telegraphenamt 72","1"
"Mödling","968","48,08605 16,28921","Mödling","968","48,08605 16,28921","Directed","Mödling–Mödling","2"
"Mödling","968","48,08605 16,28921","9/3 Post- und Telegraphenamt 72","365208","48,216197 16,356623","Directed","Mödling–9/3 Post- und Telegraphenamt 72","1"
"Hotel du Lac","52032","46,48738645977862 9,836533607588933","St. Moritz-Bad","52277","46,46667 9,83333","Directed","Hotel du Lac–St. Moritz-Bad","1"
"St. Moritz-Bad","52277","46,46667 9,83333","Sternwartestraße 71","168815","48,23188 16,33716","Directed","St. Moritz-Bad–Sternwartestraße 71","1"
"Reichenau an der Rax","483","47,7 15,83333","Altaussee","34401","47,639444 13,763333","Directed","Reichenau an der Rax–Altaussee","2"
"Grand Hotel Bellevue [Zürich]","53124","47,36701840532128 8,541091269487719","Grand Hotel Bellevue [Zürich]","53124","47,36701840532128 8,541091269487719","Directed","Grand Hotel Bellevue [Zürich]–Grand Hotel Bellevue [Zürich]","1"
"Grand Hotel Bellevue [Zürich]","53124","47,36701840532128 8,541091269487719","Zürich","484","47,37174 8,54226","Directed","Grand Hotel Bellevue [Zürich]–Zürich","1"
"Zürich","484","47,37174 8,54226","Hasenauerstraße 59","235251","48,23365 16,33494","Directed","Zürich–Hasenauerstraße 59","1"
"Gasthaus Gosauschmied","51799","47,55260560167544 13,518606185066574","Bad Aussee","415","47,60998 13,78243","Directed","Gasthaus Gosauschmied–Bad Aussee","1"
"Bad Aussee","415","47,60998 13,78243","Edmund-Weiß-Gasse 7","168940","48,2304 16,33472","Directed","Bad Aussee–Edmund-Weiß-Gasse 7","3"
"Monreale","45264","38,08125 13,28947","Bahnhof Palermo Centrale","365442","38,11 13,366944","Directed","Monreale–Bahnhof Palermo Centrale","1"
"Bahnhof Palermo Centrale","365442","38,11 13,366944","Rodaun","173","48,132793312328 16,256152195922","Directed","Bahnhof Palermo Centrale–Rodaun","1"
"Ordination Arthur Schnitzler [Bösendorferstraße 11]","167789","48,2012 16,37188","Strobl","895","47,71667 13,48333","Directed","Ordination Arthur Schnitzler [Bösendorferstraße 11]–Strobl","3"
"Lanzsch & Co.","144055","52,58777 13,41212","Berlin","168","52,52437 13,41053","Directed","Lanzsch & Co.–Berlin","1"
"9/3 Post- und Telegraphenamt 72","365208","48,216197 16,356623","Rodaun","173","48,132793312328 16,256152195922","Directed","9/3 Post- und Telegraphenamt 72–Rodaun","4"
"Sieveringer Straße 191","365643","48,252261604003735 16,31915855509781","19/1 Post- und Telegraphenamt 117","365640","48,241476341941315 16,35543081276973","Directed","Sieveringer Straße 191–19/1 Post- und Telegraphenamt 117","1"
"19/1 Post- und Telegraphenamt 117","365640","48,241476341941315 16,35543081276973","Sternwartestraße 71","168815","48,23188 16,33716","Directed","19/1 Post- und Telegraphenamt 117–Sternwartestraße 71","1"
"Café Luitpold","100","48,14293 11,57475","München","45258","48,13743 11,57549","Directed","Café Luitpold–München","1"
"München","45258","48,13743 11,57549","Wohnung und Ordination Arthur Schnitzler Grillparzerstraße 7/3. Stock","167782","48,212477 16,357233","Directed","München–Wohnung und Ordination Arthur Schnitzler Grillparzerstraße 7/3. Stock","1"
"Bad Ischl","213","47,71109 13,61893","Villa Platzer","40788","46,8105 13,515","Directed","Bad Ischl–Villa Platzer","1"
"1/1 Post- und Telegraphenamt 1","365214","48,209928 16,379065","Palazzo Orsini di Gravina","365452","40,845237 14,251462","Directed","1/1 Post- und Telegraphenamt 1–Palazzo Orsini di Gravina","3"
"Palazzo Orsini di Gravina","365452","40,845237 14,251462","Neapel","595","40,85216 14,26811","Directed","Palazzo Orsini di Gravina–Neapel","2"
"Neapel","595","40,85216 14,26811","Hotel Hassler [Neapel]","364923","40,8302153354582 14,246194459892541","Directed","Neapel–Hotel Hassler [Neapel]","2"
"Bologna","896","44,49381 11,33875","Bahnhof Bologna Centrale","364532","44,505833333333 11,341666666667","Directed","Bologna–Bahnhof Bologna Centrale","3"
"Bahnhof Bologna Centrale","364532","44,505833333333 11,341666666667","I., Innere Stadt","51","48,20769 16,37049","Directed","Bahnhof Bologna Centrale–I., Innere Stadt","1"
"I., Innere Stadt","51","48,20769 16,37049","Wollzeile 15 (»Berthahof«)","190427","48,208656 16,375924","Directed","I., Innere Stadt–Wollzeile 15 (»Berthahof«)","9"
"Sternwartestraße 71","168815","48,23188 16,33716","8/2 Post- und Telegraphenamt 65","365620","48,21198632016112 16,342797999829006","Directed","Sternwartestraße 71–8/2 Post- und Telegraphenamt 65","2"
"8/2 Post- und Telegraphenamt 65","365620","48,21198632016112 16,342797999829006","Meidlinger Hauptstraße 56","365563","48,177598 16,329723","Directed","8/2 Post- und Telegraphenamt 65–Meidlinger Hauptstraße 56","1"
"Wien","50","48,208333 16,373056","Semmering","189","47,64224 15,8241","Directed","Wien–Semmering","4"
"Berlin","168","52,52437 13,41053","Ordination Arthur Schnitzler [Bösendorferstraße 11]","167789","48,2012 16,37188","Directed","Berlin–Ordination Arthur Schnitzler [Bösendorferstraße 11]","1"
"Rom","445","41,89193 12,51133","Roma Termini","148287","41,900648 12,501755","Directed","Rom–Roma Termini","5"
"Roma Termini","148287","41,900648 12,501755","1/1 Post- und Telegraphenamt 1","365214","48,209928 16,379065","Directed","Roma Termini–1/1 Post- und Telegraphenamt 1","3"
"Bahnhof Bologna Centrale","364532","44,505833333333 11,341666666667","1/1 Post- und Telegraphenamt 1","365214","48,209928 16,379065","Directed","Bahnhof Bologna Centrale–1/1 Post- und Telegraphenamt 1","1"
"Pörtschach am Wörthersee","44278","46,635556 14,1425","Znaim","33978","48,8555 16,0488","Directed","Pörtschach am Wörthersee–Znaim","1"
"Znaim","33978","48,8555 16,0488","Znaim","33978","48,8555 16,0488","Directed","Znaim–Znaim","2"
"Wien","50","48,208333 16,373056","Radolfzell am Bodensee","845","47,74194 8,97098","Directed","Wien–Radolfzell am Bodensee","1"
"Wien","50","48,208333 16,373056","8, rue de Monceau","296731","48,875505 2,306854","Directed","Wien–8, rue de Monceau","1"
"Edmund-Weiß-Gasse 7","168940","48,2304 16,33472","9/3 Post- und Telegraphenamt 72","365208","48,216197 16,356623","Directed","Edmund-Weiß-Gasse 7–9/3 Post- und Telegraphenamt 72","1"
"9/3 Post- und Telegraphenamt 72","365208","48,216197 16,356623","13/7 Post- und Telegraphenamt 94","365275","48,187928 16,266541","Directed","9/3 Post- und Telegraphenamt 72–13/7 Post- und Telegraphenamt 94","1"
"Haus Wiesenstein","1052","50,816944 15,607897","Jagniątków","735","50,816944 15,609444","Directed","Haus Wiesenstein–Jagniątków","1"
"Jagniątków","735","50,816944 15,609444","Edmund-Weiß-Gasse 7","168940","48,2304 16,33472","Directed","Jagniątków–Edmund-Weiß-Gasse 7","1"
"Edmund-Weiß-Gasse 7","168940","48,2304 16,33472","18/3 Post- und Telegraphenamt 114","365517","48,24222408297939 16,30925328021655","Directed","Edmund-Weiß-Gasse 7–18/3 Post- und Telegraphenamt 114","1"
"18/3 Post- und Telegraphenamt 114","365517","48,24222408297939 16,30925328021655","Rettenbachweg 5","250767","47,713869 13,629688","Directed","18/3 Post- und Telegraphenamt 114–Rettenbachweg 5","1"
"Peking","118369","39,9075 116,39723","Peking","118369","39,9075 116,39723","Directed","Peking–Peking","1"
"Peking","118369","39,9075 116,39723","Shanghai","37885","31,22222 121,45806","Directed","Peking–Shanghai","1"
"Shanghai","37885","31,22222 121,45806","Shanghai","37885","31,22222 121,45806","Directed","Shanghai–Shanghai","2"
"Shanghai","37885","31,22222 121,45806","Hong Kong","44086","22,27832 114,17469","Directed","Shanghai–Hong Kong","2"
"Hong Kong","44086","22,27832 114,17469","Frankgasse 1","168934","48,21533 16,35736","Directed","Hong Kong–Frankgasse 1","1"
"Frankfurt am Main","146","50,11552 8,68417","Hotel Deutscher Kaiser","88963","49,44914 11,079535","Directed","Frankfurt am Main–Hotel Deutscher Kaiser","1"
"Palermo","901","38,13205 13,33561","Palermo","901","38,13205 13,33561","Directed","Palermo–Palermo","1"
"Palermo","901","38,13205 13,33561","Sternwartestraße 71","168815","48,23188 16,33716","Directed","Palermo–Sternwartestraße 71","1"
"Celerina","12589","46,5146 9,8622","Rodaun","173","48,132793312328 16,256152195922","Directed","Celerina–Rodaun","1"
"Rodaun","173","48,132793312328 16,256152195922","Bad Aussee","415","47,60998 13,78243","Directed","Rodaun–Bad Aussee","1"
"Bad Ischl","213","47,71109 13,61893","Altaussee","34401","47,639444 13,763333","Directed","Bad Ischl–Altaussee","3"
"9/3 Post- und Telegraphenamt 72","365208","48,216197 16,356623","Čáslav","767","49,91099 15,38972","Directed","9/3 Post- und Telegraphenamt 72–Čáslav","1"
"Čáslav","767","49,91099 15,38972","Čáslav","767","49,91099 15,38972","Directed","Čáslav–Čáslav","4"
"Wien","50","48,208333 16,373056","Postbestellbezirk 1/1","405263","48,208742 16,378142","Directed","Wien–Postbestellbezirk 1/1","2"
"Postbestellbezirk 1/1","405263","48,208742 16,378142","9/3 Post- und Telegraphenamt 72","365208","48,216197 16,356623","Directed","Postbestellbezirk 1/1–9/3 Post- und Telegraphenamt 72","1"
"Nusswaldgasse 22","238485","48,24422 16,353139","Sternwartestraße 71","168815","48,23188 16,33716","Directed","Nusswaldgasse 22–Sternwartestraße 71","5"
"Mendelgebirge","147362","46,36 11,2","Edmund-Weiß-Gasse 7","168940","48,2304 16,33472","Directed","Mendelgebirge–Edmund-Weiß-Gasse 7","1"
"München","45258","48,13743 11,57549","1/1 Post- und Telegraphenamt 1","365214","48,209928 16,379065","Directed","München–1/1 Post- und Telegraphenamt 1","4"
"1/1 Post- und Telegraphenamt 1","365214","48,209928 16,379065","Wohnung und Ordination Arthur Schnitzler Grillparzerstraße 7/3. Stock","167782","48,212477 16,357233","Directed","1/1 Post- und Telegraphenamt 1–Wohnung und Ordination Arthur Schnitzler Grillparzerstraße 7/3. Stock","11"
"Welsberg-Taisten","428","46,75774 12,10556","Maria Schutz","45277","47,64168 15,86924","Directed","Welsberg-Taisten–Maria Schutz","2"
"Maria Schutz","45277","47,64168 15,86924","Maria Schutz","45277","47,64168 15,86924","Directed","Maria Schutz–Maria Schutz","2"
"Dölsach","945","46,85721 12,83416","Wien","50","48,208333 16,373056","Directed","Dölsach–Wien","1"
"Weimar","197","50,97361 11,33806","Rodaun","173","48,132793312328 16,256152195922","Directed","Weimar–Rodaun","1"
"Villa Annerl","34387","47,6416 13,77095","Bad Aussee","415","47,60998 13,78243","Directed","Villa Annerl–Bad Aussee","1"
"Bad Aussee","415","47,60998 13,78243","Villa Kupferschmied","43462","47,705435 13,626622","Directed","Bad Aussee–Villa Kupferschmied","1"
"9/1 Post- und Telegraphenamt 66","365266","48,219619 16,3617","Nussdorfer Straße","1270","48,22921 16,35461","Directed","9/1 Post- und Telegraphenamt 66–Nussdorfer Straße","1"
"Pula","851","44,86833 13,84806","Pula","851","44,86833 13,84806","Directed","Pula–Pula","1"
"Pula","851","44,86833 13,84806","18/1 Post- und Telegraphenamt 110","365223","48,22513 16,343276","Directed","Pula–18/1 Post- und Telegraphenamt 110","1"
"Alland","90217","48,03953 16,08085","Wien","50","48,208333 16,373056","Directed","Alland–Wien","3"
"Venedig","462","45,43713 12,33265","Venedig","462","45,43713 12,33265","Directed","Venedig–Venedig","6"
"Venedig","462","45,43713 12,33265","IX., Alsergrund","59","48,22387 16,35641","Directed","Venedig–IX., Alsergrund","1"
"IX., Alsergrund","59","48,22387 16,35641","Frankgasse 1","168934","48,21533 16,35736","Directed","IX., Alsergrund–Frankgasse 1","19"
"Bad Ischl","213","47,71109 13,61893","Villa Annerl","34387","47,6416 13,77095","Directed","Bad Ischl–Villa Annerl","1"
"Welsberg-Taisten","428","46,75774 12,10556","Marienbad","772","49,964444 12,701944","Directed","Welsberg-Taisten–Marienbad","1"
"Bayreuth","734","49,94782 11,57893","Villach","40454","46,61254 13,8529","Directed","Bayreuth–Villach","1"
"Saas-Fee","91634","46,10805 7,92741","Saas-Fee","91634","46,10805 7,92741","Directed","Saas-Fee–Saas-Fee","1"
"Saas-Fee","91634","46,10805 7,92741","9/3 Post- und Telegraphenamt 72","365208","48,216197 16,356623","Directed","Saas-Fee–9/3 Post- und Telegraphenamt 72","1"
"Bad Fusch","305739","47,19939 12,85366","Tschortkiw","45274","49,01701 25,79808","Directed","Bad Fusch–Tschortkiw","1"
"Berchtesgaden","797","47,63236 13,00187","Tiefer Graben 17","207301","48,212284 16,367725","Directed","Berchtesgaden–Tiefer Graben 17","1"
"Hotel Elefant [Graz]","34018","47,070941 15,432787","Graz","860","47,06667 15,43333","Directed","Hotel Elefant [Graz]–Graz","1"
"Graz","860","47,06667 15,43333","Steindorf am Ossiacher See","34860","46,6992 13,98892","Directed","Graz–Steindorf am Ossiacher See","1"
"9/3 Post- und Telegraphenamt 72","365208","48,216197 16,356623","Villa Kupferschmied","43462","47,705435 13,626622","Directed","9/3 Post- und Telegraphenamt 72–Villa Kupferschmied","1"
"Den Haag","58810","52,07667 4,29861","Wien","50","48,208333 16,373056","Directed","Den Haag–Wien","2"
"Biel","36477","47,13713 7,24608","Magglingen","45272","47,139 7,21407","Directed","Biel–Magglingen","1"
"Magglingen","45272","47,139 7,21407","Sternwartestraße 71","168815","48,23188 16,33716","Directed","Magglingen–Sternwartestraße 71","1"
"Klamm","8281","47,66001 15,86754","Klamm","8281","47,66001 15,86754","Directed","Klamm–Klamm","1"
"Klamm","8281","47,66001 15,86754","Hotel Radetzky","44510","48,090788 16,241739","Directed","Klamm–Hotel Radetzky","1"
"Wien","50","48,208333 16,373056","4/1 Post- und Telegraphenamt 50","365454","48,195824 16,368253","Directed","Wien–4/1 Post- und Telegraphenamt 50","2"
"4/1 Post- und Telegraphenamt 50","365454","48,195824 16,368253","18/1 Post- und Telegraphenamt 111","365226","48,230794 16,344569","Directed","4/1 Post- und Telegraphenamt 50–18/1 Post- und Telegraphenamt 111","1"
"Paris","182","48,85341 2,3488","Trondheim","40290","63,43049 10,39506","Directed","Paris–Trondheim","1"
"Bad Fusch","305739","47,19939 12,85366","Bad Fusch","305739","47,19939 12,85366","Directed","Bad Fusch–Bad Fusch","2"
"Bad Fusch","305739","47,19939 12,85366","9/3 Post- und Telegraphenamt 72","365208","48,216197 16,356623","Directed","Bad Fusch–9/3 Post- und Telegraphenamt 72","1"
"3/3 Post- und Telegraphenamt 49","365229","48,198051 16,380626","Wohnung und Ordination Arthur Schnitzler Grillparzerstraße 7/3. Stock","167782","48,212477 16,357233","Directed","3/3 Post- und Telegraphenamt 49–Wohnung und Ordination Arthur Schnitzler Grillparzerstraße 7/3. Stock","2"
"3/1 Post- und Telegraphenamt 40","365294","48,203159 16,38967","9/2 Post- und Telegraphenamt 71","365211","48,218574 16,35084","Directed","3/1 Post- und Telegraphenamt 40–9/2 Post- und Telegraphenamt 71","4"
"Tiefer Graben 17","207301","48,212284 16,367725","Brijuni","45260","44,91417 13,76222","Directed","Tiefer Graben 17–Brijuni","1"
"Garmisch-Partenkirchen","667","47,49209 11,09576","Garmisch-Partenkirchen","667","47,49209 11,09576","Directed","Garmisch-Partenkirchen–Garmisch-Partenkirchen","1"
"Garmisch-Partenkirchen","667","47,49209 11,09576","Hôtel Lutetia","1095","48,851111 2,326667","Directed","Garmisch-Partenkirchen–Hôtel Lutetia","1"
"Cuxhaven","90504","53,86828 8,69902","Sternwartestraße 71","168815","48,23188 16,33716","Directed","Cuxhaven–Sternwartestraße 71","1"
"Kochgasse 32","231623","48,214365 16,349593","1/1 Post- und Telegraphenamt 1","365214","48,209928 16,379065","Directed","Kochgasse 32–1/1 Post- und Telegraphenamt 1","1"
"1/1 Post- und Telegraphenamt 1","365214","48,209928 16,379065","Berlin","168","52,52437 13,41053","Directed","1/1 Post- und Telegraphenamt 1–Berlin","1"
"Berlin","168","52,52437 13,41053","Hotel Bristol Berlin","127","52,516152 13,383456","Directed","Berlin–Hotel Bristol Berlin","2"
"Hotel Bonvecchiati","260","45,435282 12,336047","Verona Porta Nuova","365444","45,429167 10,982222","Directed","Hotel Bonvecchiati–Verona Porta Nuova","1"
"Verona Porta Nuova","365444","45,429167 10,982222","Stauffenbergstraße","63858","52,50803115685549 13,363494826997902","Directed","Verona Porta Nuova–Stauffenbergstraße","1"
"Berlin","168","52,52437 13,41053","Breslau","677","51,10773 17,03533","Directed","Berlin–Breslau","1"
"Bormio","49343","46,46717 10,37008","Bormio","49343","46,46717 10,37008","Directed","Bormio–Bormio","1"
"Bormio","49343","46,46717 10,37008","Altaussee","34401","47,639444 13,763333","Directed","Bormio–Altaussee","1"
"Lugano","885","46,01008 8,96004","Lugano","885","46,01008 8,96004","Directed","Lugano–Lugano","2"
"Lugano","885","46,01008 8,96004","IX., Alsergrund","59","48,22387 16,35641","Directed","Lugano–IX., Alsergrund","1"
"Unterach am Attersee","877","47,80494 13,48728","Tutzing","44493","47,90938 11,2803","Directed","Unterach am Attersee–Tutzing","1"
"Venedig","462","45,43713 12,33265","1/1 Post- und Telegraphenamt 1","365214","48,209928 16,379065","Directed","Venedig–1/1 Post- und Telegraphenamt 1","1"
"Wohnung und Ordination Arthur Schnitzler Grillparzerstraße 7/3. Stock","167782","48,212477 16,357233","9/2 Post- und Telegraphenamt 71","365211","48,218574 16,35084","Directed","Wohnung und Ordination Arthur Schnitzler Grillparzerstraße 7/3. Stock–9/2 Post- und Telegraphenamt 71","1"
"9/2 Post- und Telegraphenamt 71","365211","48,218574 16,35084","Bad Ischl","213","47,71109 13,61893","Directed","9/2 Post- und Telegraphenamt 71–Bad Ischl","1"
"Korunní 1153/78","333990","50,075283 14,4517283","Frankgasse 1","168934","48,21533 16,35736","Directed","Korunní 1153/78–Frankgasse 1","2"
"Mailand","886","45,46427 9,18951","Venedig","462","45,43713 12,33265","Directed","Mailand–Venedig","1"
"Venedig","462","45,43713 12,33265","18/1 Post- und Telegraphenamt 110","365223","48,22513 16,343276","Directed","Venedig–18/1 Post- und Telegraphenamt 110","1"
"18/1 Post- und Telegraphenamt 110","365223","48,22513 16,343276","Lueg","186","47,754041 13,372211","Directed","18/1 Post- und Telegraphenamt 110–Lueg","1"
"9/3 Post- und Telegraphenamt 72","365208","48,216197 16,356623","Seeboden am Millstättersee","34824","46,818888888889 13,518333","Directed","9/3 Post- und Telegraphenamt 72–Seeboden am Millstättersee","4"
"Mahlerstraße 13","232296","48,202526 16,372966","1/1 Post- und Telegraphenamt 1","365214","48,209928 16,379065","Directed","Mahlerstraße 13–1/1 Post- und Telegraphenamt 1","2"
"Edmund-Weiß-Gasse 7","168940","48,2304 16,33472","7/2 Post- und Telegraphenamt 61","365633","48,205488 16,349528","Directed","Edmund-Weiß-Gasse 7–7/2 Post- und Telegraphenamt 61","1"
"7/2 Post- und Telegraphenamt 61","365633","48,205488 16,349528","Tiefer Graben 23","207296","48,213038 16,368738","Directed","7/2 Post- und Telegraphenamt 61–Tiefer Graben 23","1"
"Dessauer Straße","40583","52,504956 13,378587","Hotel Continental [Berlin]","399","52,518889 13,385556","Directed","Dessauer Straße–Hotel Continental [Berlin]","1"
"Hotel Continental [Berlin]","399","52,518889 13,385556","Berlin","168","52,52437 13,41053","Directed","Hotel Continental [Berlin]–Berlin","1"
"Wien","50","48,208333 16,373056","Frankgasse 1","168934","48,21533 16,35736","Directed","Wien–Frankgasse 1","9"
"Willergasse 2","231810","48,139276 16,257741","Edmund-Weiß-Gasse 7","168940","48,2304 16,33472","Directed","Willergasse 2–Edmund-Weiß-Gasse 7","1"
"Karlovy Vary","842","50,23271 12,87117","Karlovy Vary","842","50,23271 12,87117","Directed","Karlovy Vary–Karlovy Vary","2"
"Karlovy Vary","842","50,23271 12,87117","Edmund-Weiß-Gasse 7","168940","48,2304 16,33472","Directed","Karlovy Vary–Edmund-Weiß-Gasse 7","1"
"Edmund-Weiß-Gasse 7","168940","48,2304 16,33472","Payerbach","948","47,69209 15,8634","Directed","Edmund-Weiß-Gasse 7–Payerbach","1"
"Payerbach","948","47,69209 15,8634","Hotel Edlacherhof","714","47,689132 15,805582","Directed","Payerbach–Hotel Edlacherhof","1"
"Jagniątków","735","50,816944 15,609444","Wien","50","48,208333 16,373056","Directed","Jagniątków–Wien","3"
"Blankenese","1226","53,5652 9,7972","Wien","50","48,208333 16,373056","Directed","Blankenese–Wien","1"
"Hong Kong","44086","22,27832 114,17469","Hong Kong","44086","22,27832 114,17469","Directed","Hong Kong–Hong Kong","1"
"Hong Kong","44086","22,27832 114,17469","9/3 Post- und Telegraphenamt 72","365208","48,216197 16,356623","Directed","Hong Kong–9/3 Post- und Telegraphenamt 72","3"
"Miskolc","44142","48,10306 20,77806","Wien","50","48,208333 16,373056","Directed","Miskolc–Wien","3"
"Solin","453","43,5 16,5","Solin","453","43,5 16,5","Directed","Solin–Solin","2"
"Solin","453","43,5 16,5","18/1 Post- und Telegraphenamt 110","365223","48,22513 16,343276","Directed","Solin–18/1 Post- und Telegraphenamt 110","1"
"Kaiser-Franz-Ring 54","365095","48,010891 16,242066","Baden bei Wien","662","48,00543 16,23264","Directed","Kaiser-Franz-Ring 54–Baden bei Wien","3"
"Baden bei Wien","662","48,00543 16,23264","9/3 Post- und Telegraphenamt 72","365208","48,216197 16,356623","Directed","Baden bei Wien–9/3 Post- und Telegraphenamt 72","3"
"Edmund-Weiß-Gasse 7","168940","48,2304 16,33472","XVIII., Währing","68","48,23333 16,31667","Directed","Edmund-Weiß-Gasse 7–XVIII., Währing","1"
"XVIII., Währing","68","48,23333 16,31667","18/3 Post- und Telegraphenamt 114","365517","48,24222408297939 16,30925328021655","Directed","XVIII., Währing–18/3 Post- und Telegraphenamt 114","1"
"18/3 Post- und Telegraphenamt 114","365517","48,24222408297939 16,30925328021655","Starkfriedgassse","92548","48,2425 16,314615","Directed","18/3 Post- und Telegraphenamt 114–Starkfriedgassse","1"
"1/1 Post- und Telegraphenamt 1","365214","48,209928 16,379065","5, rue de Maubeuge","592","48,876475 2,340852","Directed","1/1 Post- und Telegraphenamt 1–5, rue de Maubeuge","1"
"Villa Heufler","467","46,54555 11,560026","Haus Bahr","207274","48,186771 16,261305","Directed","Villa Heufler–Haus Bahr","1"
"Wiesbaden","883","50,08258 8,24932","Wiesbaden","883","50,08258 8,24932","Directed","Wiesbaden–Wiesbaden","2"
"Sternwartestraße 71","168815","48,23188 16,33716","Kopenhagen","36300","55,67594 12,56553","Directed","Sternwartestraße 71–Kopenhagen","5"
"9/3 Post- und Telegraphenamt 72","365208","48,216197 16,356623","Meidlinger Hauptstraße 56","365563","48,177598 16,329723","Directed","9/3 Post- und Telegraphenamt 72–Meidlinger Hauptstraße 56","2"
"Rodaun","173","48,132793312328 16,256152195922","Venedig","462","45,43713 12,33265","Directed","Rodaun–Venedig","1"
"Venedig","462","45,43713 12,33265","Grand Hotel des Bains","40983","45,413333 12,374722","Directed","Venedig–Grand Hotel des Bains","4"
"Semmering","189","47,64224 15,8241","Haus Bahr","207274","48,186771 16,261305","Directed","Semmering–Haus Bahr","2"
"Bad Fusch","305739","47,19939 12,85366","Ordination Arthur Schnitzler [Bösendorferstraße 11]","167789","48,2012 16,37188","Directed","Bad Fusch–Ordination Arthur Schnitzler [Bösendorferstraße 11]","5"
"Starkfriedgasse 12","231941","48,242571 16,314491","Edmund-Weiß-Gasse 7","168940","48,2304 16,33472","Directed","Starkfriedgasse 12–Edmund-Weiß-Gasse 7","1"
"Edmund-Weiß-Gasse 7","168940","48,2304 16,33472","Wien","50","48,208333 16,373056","Directed","Edmund-Weiß-Gasse 7–Wien","6"
"Berlin","168","52,52437 13,41053","Unter den Linden","216","52,51699 13,38832","Directed","Berlin–Unter den Linden","1"
"Bad Ischl","213","47,71109 13,61893","Salzburg","30","47,80067 13,04532","Directed","Bad Ischl–Salzburg","1"
"Postbestellbezirk 1/1","405263","48,208742 16,378142","Sternwartestraße 71","168815","48,23188 16,33716","Directed","Postbestellbezirk 1/1–Sternwartestraße 71","1"
"Zirndorf","40867","49,4424 10,95414","Zirndorf","40867","49,4424 10,95414","Directed","Zirndorf–Zirndorf","1"
"Zirndorf","40867","49,4424 10,95414","Vahrn","946","46,73901 11,63749","Directed","Zirndorf–Vahrn","1"
"Vahrn","946","46,73901 11,63749","Vahrn","946","46,73901 11,63749","Directed","Vahrn–Vahrn","11"
"Sternwartestraße 71","168815","48,23188 16,33716","9/2 Post- und Telegraphenamt 71","365211","48,218574 16,35084","Directed","Sternwartestraße 71–9/2 Post- und Telegraphenamt 71","1"
"9/2 Post- und Telegraphenamt 71","365211","48,218574 16,35084","Pension Villa Quisisana","299703","48,003137 16,224985","Directed","9/2 Post- und Telegraphenamt 71–Pension Villa Quisisana","1"
"Bahnhof Bologna Centrale","364532","44,505833333333 11,341666666667","IX., Alsergrund","59","48,22387 16,35641","Directed","Bahnhof Bologna Centrale–IX., Alsergrund","1"
"1/1 Post- und Telegraphenamt 8","365555","48,214719 16,368323","Zistersdorf","44400","48,53585 16,75613","Directed","1/1 Post- und Telegraphenamt 8–Zistersdorf","1"
"Linzer Gasse","146054","47,80337 13,04692","Postamt Salzburg Stadt","365625","47,797964 13,047662","Directed","Linzer Gasse–Postamt Salzburg Stadt","1"
"Postamt Salzburg Stadt","365625","47,797964 13,047662","Bad Ischl","213","47,71109 13,61893","Directed","Postamt Salzburg Stadt–Bad Ischl","3"
"Reichenau an der Rax","483","47,7 15,83333","Wien","50","48,208333 16,373056","Directed","Reichenau an der Rax–Wien","3"
"Hotel Bad Ratzes","45098","46,533075 11,584027","Seis am Schlern","988","46,54133 11,55868","Directed","Hotel Bad Ratzes–Seis am Schlern","1"
"Seis am Schlern","988","46,54133 11,55868","9/3 Post- und Telegraphenamt 72","365208","48,216197 16,356623","Directed","Seis am Schlern–9/3 Post- und Telegraphenamt 72","1"
"Hinterbrühl","75","48,08611 16,24809","Hinterbrühl","75","48,08611 16,24809","Directed","Hinterbrühl–Hinterbrühl","5"
"Hinterbrühl","75","48,08611 16,24809","Kochgasse 8","249577","48,212327 16,349717","Directed","Hinterbrühl–Kochgasse 8","1"
"Rodaun","173","48,132793312328 16,256152195922","XVIII., Währing","68","48,23333 16,31667","Directed","Rodaun–XVIII., Währing","3"
"Taormina","906","37,85358 15,28851","Taormina","906","37,85358 15,28851","Directed","Taormina–Taormina","2"
"Taormina","906","37,85358 15,28851","Badgasse","1006","48,130176324727 16,278871077438","Directed","Taormina–Badgasse","2"
"Badgasse","1006","48,130176324727 16,278871077438","Willergasse 2","231810","48,139276 16,257741","Directed","Badgasse–Willergasse 2","1"
"Salzburg","30","47,80067 13,04532","Innsbruck","867","47,272569 11,389534","Directed","Salzburg–Innsbruck","1"
"Altaussee","34401","47,639444 13,763333","Wien","50","48,208333 16,373056","Directed","Altaussee–Wien","5"
"Hotel Kongen af Danmark","40903","55,676944 12,586111","Kopenhagen","36300","55,67594 12,56553","Directed","Hotel Kongen af Danmark–Kopenhagen","1"
"Kopenhagen","36300","55,67594 12,56553","Stockholm","1119","59,325 18,05","Directed","Kopenhagen–Stockholm","2"
"Stockholm","1119","59,325 18,05","Grand Hotel Stockholm","40705","59,329722 18,075556","Directed","Stockholm–Grand Hotel Stockholm","1"
"Rájec-Jestřebí","50476","49,41094 16,63902","Wien","50","48,208333 16,373056","Directed","Rájec-Jestřebí–Wien","2"
"Mödling","968","48,08605 16,28921","Bad Ischl","213","47,71109 13,61893","Directed","Mödling–Bad Ischl","1"
"Montreux","40482","46,45179 6,94084","Wien","50","48,208333 16,373056","Directed","Montreux–Wien","2"
"München","45258","48,13743 11,57549","Hodonín","49823","48,84893 17,13244","Directed","München–Hodonín","1"
"Steindorf am Ossiacher See","34860","46,6992 13,98892","Frankgasse 1","168934","48,21533 16,35736","Directed","Steindorf am Ossiacher See–Frankgasse 1","2"
"18/1 Post- und Telegraphenamt 111","365226","48,230794 16,344569","Cap-d’Ail","34869","43,72192 7,40685","Directed","18/1 Post- und Telegraphenamt 111–Cap-d’Ail","1"
"Cap-d’Ail","34869","43,72192 7,40685","Menton","36456","43,77649 7,50435","Directed","Cap-d’Ail–Menton","1"
"Tiefer Graben 23","207296","48,213038 16,368738","Reichenau an der Rax","483","47,7 15,83333","Directed","Tiefer Graben 23–Reichenau an der Rax","2"
"Dubrovnik","682","42,64807 18,09216","Gruž","90757","42,65927 18,0875","Directed","Dubrovnik–Gruž","1"
"Gruž","90757","42,65927 18,0875","1/1 Post- und Telegraphenamt 1","365214","48,209928 16,379065","Directed","Gruž–1/1 Post- und Telegraphenamt 1","1"
"Berlin","168","52,52437 13,41053","Wallnertheaterstraße","146883","nicht vorhanden","Directed","Berlin–Wallnertheaterstraße","1"
"Berchtesgaden","797","47,63236 13,00187","Berchtesgaden","797","47,63236 13,00187","Directed","Berchtesgaden–Berchtesgaden","1"
"Berchtesgaden","797","47,63236 13,00187","Mayrhofen","40332","47,16539 11,86475","Directed","Berchtesgaden–Mayrhofen","1"
"Hotel Sacher","29","48,203889 16,369444","Ordination Arthur Schnitzler [Bösendorferstraße 11]","167789","48,2012 16,37188","Directed","Hotel Sacher–Ordination Arthur Schnitzler [Bösendorferstraße 11]","1"
"Eppan an der Weinstraße","36485","46,45472 11,26178","Sankt Michael","40832","46,455308 11,258736","Directed","Eppan an der Weinstraße–Sankt Michael","1"
"Sankt Michael","40832","46,455308 11,258736","Wiesbaden","883","50,08258 8,24932","Directed","Sankt Michael–Wiesbaden","1"
"Wiesbaden","883","50,08258 8,24932","Hôtel du Parc & Bristol","43055","50,08161 8,24473","Directed","Wiesbaden–Hôtel du Parc & Bristol","1"
"Wohnung und Ordination Arthur Schnitzler Grillparzerstraße 7/3. Stock","167782","48,212477 16,357233","1/1 Telegraphen-Central-Station C.R.","290824","48,2139 16,3665","Directed","Wohnung und Ordination Arthur Schnitzler Grillparzerstraße 7/3. Stock–1/1 Telegraphen-Central-Station C.R.","4"
"Pension Wiener Heim","334003","nicht vorhanden","Opatija","38096","45,33771 14,30515","Directed","Pension Wiener Heim–Opatija","1"
"Opatija","38096","45,33771 14,30515","Sternwartestraße 71","168815","48,23188 16,33716","Directed","Opatija–Sternwartestraße 71","1"
"Sternwartestraße 71","168815","48,23188 16,33716","4/1 Post- und Telegraphenamt 50","365454","48,195824 16,368253","Directed","Sternwartestraße 71–4/1 Post- und Telegraphenamt 50","1"
"4/1 Post- und Telegraphenamt 50","365454","48,195824 16,368253","Tiefer Graben 17","207301","48,212284 16,367725","Directed","4/1 Post- und Telegraphenamt 50–Tiefer Graben 17","1"
"Wien","50","48,208333 16,373056","Vahrn","946","46,73901 11,63749","Directed","Wien–Vahrn","2"
"Wien","50","48,208333 16,373056","St. Gilgen","33","47,76667 13,36667","Directed","Wien–St. Gilgen","2"
"Seis am Schlern","988","46,54133 11,55868","Hotel am See","51516","47,72028 13,48347","Directed","Seis am Schlern–Hotel am See","1"
"Berlin","168","52,52437 13,41053","Palasthotel Berlin","88","52,509241 13,376984","Directed","Berlin–Palasthotel Berlin","3"
"Selzthal","43004","47,55328 14,32596","Bahnhof Selzthal","365250","47,550042 14,312175","Directed","Selzthal–Bahnhof Selzthal","1"
"Bahnhof Selzthal","365250","47,550042 14,312175","Bad Ischl","213","47,71109 13,61893","Directed","Bahnhof Selzthal–Bad Ischl","1"
"Wien","50","48,208333 16,373056","1/1 Post- und Telegraphenamt 3","365613","48,212234 16,370763","Directed","Wien–1/1 Post- und Telegraphenamt 3","1"
"1/1 Post- und Telegraphenamt 3","365613","48,212234 16,370763","Edmund-Weiß-Gasse 7","168940","48,2304 16,33472","Directed","1/1 Post- und Telegraphenamt 3–Edmund-Weiß-Gasse 7","1"
"Wien","50","48,208333 16,373056","Edmund-Weiß-Gasse 7","168940","48,2304 16,33472","Directed","Wien–Edmund-Weiß-Gasse 7","7"
"Marienbad","772","49,964444 12,701944","Bad Ischl","213","47,71109 13,61893","Directed","Marienbad–Bad Ischl","1"
"Berlin","168","52,52437 13,41053","Bad Aussee","415","47,60998 13,78243","Directed","Berlin–Bad Aussee","1"
"Gardone Riviera","374","45,62499 10,56527","Gardone Riviera","374","45,62499 10,56527","Directed","Gardone Riviera–Gardone Riviera","2"
"Gardone Riviera","374","45,62499 10,56527","Tiefer Graben 17","207301","48,212284 16,367725","Directed","Gardone Riviera–Tiefer Graben 17","1"
"Sternwartestraße 71","168815","48,23188 16,33716","Hamburg","506","53,55055 9,993333","Directed","Sternwartestraße 71–Hamburg","1"
"Pension Quisisana","756","45,333852 14,301821","Opatija","38096","45,33771 14,30515","Directed","Pension Quisisana–Opatija","2"
"Opatija","38096","45,33771 14,30515","1/1 Post- und Telegraphenamt 1","365214","48,209928 16,379065","Directed","Opatija–1/1 Post- und Telegraphenamt 1","1"
"Wilhelmsaue","594","52,48544 13,32247","Wilmersdorf","593","52,48333 13,31667","Directed","Wilhelmsaue–Wilmersdorf","1"
"Wilmersdorf","593","52,48333 13,31667","9/3 Post- und Telegraphenamt 72","365208","48,216197 16,356623","Directed","Wilmersdorf–9/3 Post- und Telegraphenamt 72","1"
"9/3 Post- und Telegraphenamt 72","365208","48,216197 16,356623","Edmund-Weiß-Gasse 7","168940","48,2304 16,33472","Directed","9/3 Post- und Telegraphenamt 72–Edmund-Weiß-Gasse 7","1"
"Ordination Arthur Schnitzler [Bösendorferstraße 11]","167789","48,2012 16,37188","1/1 Post- und Telegraphenamt 1","365214","48,209928 16,379065","Directed","Ordination Arthur Schnitzler [Bösendorferstraße 11]–1/1 Post- und Telegraphenamt 1","6"
"Bad Ischl","213","47,71109 13,61893","Unbekannt","405441","nicht vorhanden","Directed","Bad Ischl–Unbekannt","5"
"Bad Tölz","424","47,76111 11,5589","Wien","50","48,208333 16,373056","Directed","Bad Tölz–Wien","5"
"Café Tomaselli","41187","47,799167 13,045","Salzburg","30","47,80067 13,04532","Directed","Café Tomaselli–Salzburg","2"
"Salzburg","30","47,80067 13,04532","Helsingør","726","56,03606 12,6136","Directed","Salzburg–Helsingør","1"
"Velden am Wörthersee","909","46,61901 14,03129","Welsberg-Taisten","428","46,75774 12,10556","Directed","Velden am Wörthersee–Welsberg-Taisten","1"
"Wien","50","48,208333 16,373056","Kreuzberg [Breitenstein]","91067","47,66667 15,81667","Directed","Wien–Kreuzberg [Breitenstein]","1"
"Hôtel Hassler","623","41,90627 12,4829","Roma Termini","148287","41,900648 12,501755","Directed","Hôtel Hassler–Roma Termini","1"
"Roma Termini","148287","41,900648 12,501755","9/3 Post- und Telegraphenamt 72","365208","48,216197 16,356623","Directed","Roma Termini–9/3 Post- und Telegraphenamt 72","2"
"Unbekannt","342560","nicht vorhanden","Frankgasse 1","168934","48,21533 16,35736","Directed","Unbekannt–Frankgasse 1","1"
"Wiesbaden","883","50,08258 8,24932","Bukarest","993","44,432 26,106","Directed","Wiesbaden–Bukarest","1"
"Bukarest","993","44,432 26,106","1/1 Post- und Telegraphenamt 1","365214","48,209928 16,379065","Directed","Bukarest–1/1 Post- und Telegraphenamt 1","1"
"1/1 Post- und Telegraphenamt 1","365214","48,209928 16,379065","Wien","50","48,208333 16,373056","Directed","1/1 Post- und Telegraphenamt 1–Wien","1"
"Edmund-Weiß-Gasse 7","168940","48,2304 16,33472","9/4 Post- und Telegraphenamt 69","403924","48,230314 16,353678","Directed","Edmund-Weiß-Gasse 7–9/4 Post- und Telegraphenamt 69","2"
"9/4 Post- und Telegraphenamt 69","403924","48,230314 16,353678","Rodaun","173","48,132793312328 16,256152195922","Directed","9/4 Post- und Telegraphenamt 69–Rodaun","2"
"Teplice","955","50,6404 13,82451","Wien","50","48,208333 16,373056","Directed","Teplice–Wien","2"
"Partenkirchen","2318","47,4956 11,1097","Partenkirchen","2318","47,4956 11,1097","Directed","Partenkirchen–Partenkirchen","1"
"Partenkirchen","2318","47,4956 11,1097","Tiefer Graben 17","207301","48,212284 16,367725","Directed","Partenkirchen–Tiefer Graben 17","1"
"Hradec nad Moravicí","36534","49,85192 17,86698","Wien","50","48,208333 16,373056","Directed","Hradec nad Moravicí–Wien","1"
"Dresden","866","51,0833 13,7666","Sternwartestraße 71","168815","48,23188 16,33716","Directed","Dresden–Sternwartestraße 71","2"
"Sambir","36570","49,5183 23,19752","Sambir","36570","49,5183 23,19752","Directed","Sambir–Sambir","1"
"Sambir","36570","49,5183 23,19752","9/3 Post- und Telegraphenamt 72","365208","48,216197 16,356623","Directed","Sambir–9/3 Post- und Telegraphenamt 72","1"
"Berlin","168","52,52437 13,41053","Salzburg","30","47,80067 13,04532","Directed","Berlin–Salzburg","2"
"9/1 Post- und Telegraphenamt 66","365266","48,219619 16,3617","Pension Quisisana","756","45,333852 14,301821","Directed","9/1 Post- und Telegraphenamt 66–Pension Quisisana","1"
"Haus Bahr","207274","48,186771 16,261305","13/5 Post- und Telegraphenamt 100","365604","48,202658 16,257424","Directed","Haus Bahr–13/5 Post- und Telegraphenamt 100","6"
"13/5 Post- und Telegraphenamt 100","365604","48,202658 16,257424","Edmund-Weiß-Gasse 7","168940","48,2304 16,33472","Directed","13/5 Post- und Telegraphenamt 100–Edmund-Weiß-Gasse 7","2"
"Wien","50","48,208333 16,373056","18/1 Post- und Telegraphenamt 110","365223","48,22513 16,343276","Directed","Wien–18/1 Post- und Telegraphenamt 110","2"
"München","45258","48,13743 11,57549","Brijuni","45260","44,91417 13,76222","Directed","München–Brijuni","1"
"Grand Hotel Stockholm","40705","59,329722 18,075556","Hotel Kongen af Danmark","40903","55,676944 12,586111","Directed","Grand Hotel Stockholm–Hotel Kongen af Danmark","1"
"Wien","50","48,208333 16,373056","Tiefer Graben 23","207296","48,213038 16,368738","Directed","Wien–Tiefer Graben 23","5"
"Bad Fusch","305739","47,19939 12,85366","1/1 Post- und Telegraphenamt 1","365214","48,209928 16,379065","Directed","Bad Fusch–1/1 Post- und Telegraphenamt 1","1"
"1/1 Post- und Telegraphenamt 1","365214","48,209928 16,379065","Wollzeile","338","48,20852 16,37592","Directed","1/1 Post- und Telegraphenamt 1–Wollzeile","2"
"Grado","53379","45,67774 13,40323","Wien","50","48,208333 16,373056","Directed","Grado–Wien","2"
"Feldafing","53150","47,94602 11,29326","Wien","50","48,208333 16,373056","Directed","Feldafing–Wien","1"
"Florenz","263","43,77925 11,24626","Bahnhof Firenze Santa Maria Novella","52725","43,776338 11,247527","Directed","Florenz–Bahnhof Firenze Santa Maria Novella","5"
"Bahnhof Firenze Santa Maria Novella","52725","43,776338 11,247527","18/1 Post- und Telegraphenamt 110","365223","48,22513 16,343276","Directed","Bahnhof Firenze Santa Maria Novella–18/1 Post- und Telegraphenamt 110","1"
"Stansstad","52078","46,9768 8,33553","Luzern","967","47,05048 8,30635","Directed","Stansstad–Luzern","1"
"Luzern","967","47,05048 8,30635","Tiefer Graben 17","207301","48,212284 16,367725","Directed","Luzern–Tiefer Graben 17","1"
"Berlin","168","52,52437 13,41053","IX., Alsergrund","59","48,22387 16,35641","Directed","Berlin–IX., Alsergrund","2"
"Kalksburg","555","48,142780596146 16,245159724901","Wien","50","48,208333 16,373056","Directed","Kalksburg–Wien","1"
"Salzburg","30","47,80067 13,04532","Postamt Salzburg Stadt","365625","47,797964 13,047662","Directed","Salzburg–Postamt Salzburg Stadt","4"
"Postamt Salzburg Stadt","365625","47,797964 13,047662","1/1 Post- und Telegraphenamt 1","365214","48,209928 16,379065","Directed","Postamt Salzburg Stadt–1/1 Post- und Telegraphenamt 1","2"
"Haus Bahr","207274","48,186771 16,261305","13/7 Post- und Telegraphenamt 94","365275","48,187928 16,266541","Directed","Haus Bahr–13/7 Post- und Telegraphenamt 94","6"
"13/7 Post- und Telegraphenamt 94","365275","48,187928 16,266541","9/2 Post- und Telegraphenamt 71","365211","48,218574 16,35084","Directed","13/7 Post- und Telegraphenamt 94–9/2 Post- und Telegraphenamt 71","1"
"Monreale","45264","38,08125 13,28947","Palermo","901","38,13205 13,33561","Directed","Monreale–Palermo","2"
"Palermo","901","38,13205 13,33561","1/1 Post- und Telegraphenamt 1","365214","48,209928 16,379065","Directed","Palermo–1/1 Post- und Telegraphenamt 1","1"
"Rodaun","173","48,132793312328 16,256152195922","Edmund-Weiß-Gasse 7","168940","48,2304 16,33472","Directed","Rodaun–Edmund-Weiß-Gasse 7","5"
"Ordination Arthur Schnitzler [Bösendorferstraße 11]","167789","48,2012 16,37188","1/1 Post- und Telegraphenamt 15","365220","48,20246 16,370739","Directed","Ordination Arthur Schnitzler [Bösendorferstraße 11]–1/1 Post- und Telegraphenamt 15","5"
"1/1 Post- und Telegraphenamt 15","365220","48,20246 16,370739","1/1 Telegraphen-Central-Station C.R.","290824","48,2139 16,3665","Directed","1/1 Post- und Telegraphenamt 15–1/1 Telegraphen-Central-Station C.R.","3"
"Grado","53379","45,67774 13,40323","Grado","53379","45,67774 13,40323","Directed","Grado–Grado","2"
"Hochschneeberg","5836","47,775833 15,8075","Hochschneeberg","5836","47,775833 15,8075","Directed","Hochschneeberg–Hochschneeberg","4"
"Hochschneeberg","5836","47,775833 15,8075","Sternwartestraße 71","168815","48,23188 16,33716","Directed","Hochschneeberg–Sternwartestraße 71","1"
"Zürich","484","47,37174 8,54226","Zürich","484","47,37174 8,54226","Directed","Zürich–Zürich","1"
"Zürich","484","47,37174 8,54226","Sternwartestraße 71","168815","48,23188 16,33716","Directed","Zürich–Sternwartestraße 71","1"
"Nordsee","118890","55,33333 3,0","Nordsee","118890","55,33333 3,0","Directed","Nordsee–Nordsee","1"
"Nordsee","118890","55,33333 3,0","Edmund-Weiß-Gasse 7","168940","48,2304 16,33472","Directed","Nordsee–Edmund-Weiß-Gasse 7","1"
"Salzburg","30","47,80067 13,04532","Villa Heufler","467","46,54555 11,560026","Directed","Salzburg–Villa Heufler","1"
"1/1 Post- und Telegraphenamt 8","365555","48,214719 16,368323","Hotel Kaiserkrone","655","47,71356 13,61926","Directed","1/1 Post- und Telegraphenamt 8–Hotel Kaiserkrone","1"
"Freiburg im Breisgau","631","47,9959 7,85222","Freiburg im Breisgau","631","47,9959 7,85222","Directed","Freiburg im Breisgau–Freiburg im Breisgau","1"
"Freiburg im Breisgau","631","47,9959 7,85222","Tiefer Graben 17","207301","48,212284 16,367725","Directed","Freiburg im Breisgau–Tiefer Graben 17","1"
"Frankfurt am Main","146","50,11552 8,68417","Edmund-Weiß-Gasse 7","168940","48,2304 16,33472","Directed","Frankfurt am Main–Edmund-Weiß-Gasse 7","1"
"Sternwartestraße 71","168815","48,23188 16,33716","Salzburg","30","47,80067 13,04532","Directed","Sternwartestraße 71–Salzburg","11"
"Bern","1223","46,9489 7,4638","Tiefer Graben 17","207301","48,212284 16,367725","Directed","Bern–Tiefer Graben 17","1"
"Edmund-Weiß-Gasse 7","168940","48,2304 16,33472","VIII., Josefstadt","58","48,21126 16,34706","Directed","Edmund-Weiß-Gasse 7–VIII., Josefstadt","1"
"VIII., Josefstadt","58","48,21126 16,34706","Hasenauerstraße 59","235251","48,23365 16,33494","Directed","VIII., Josefstadt–Hasenauerstraße 59","1"
"Istanbul","966","41,01384 28,94966","Istanbul","966","41,01384 28,94966","Directed","Istanbul–Istanbul","3"
"Istanbul","966","41,01384 28,94966","Hasenauerstraße 59","235251","48,23365 16,33494","Directed","Istanbul–Hasenauerstraße 59","1"
"Wiesbaden","883","50,08258 8,24932","Vahrn","946","46,73901 11,63749","Directed","Wiesbaden–Vahrn","1"
"Österreichischer Hof","230","47,802045 13,043401","Salzburg","30","47,80067 13,04532","Directed","Österreichischer Hof–Salzburg","4"
"Salzburg","30","47,80067 13,04532","Hasenauerstraße 59","235251","48,23365 16,33494","Directed","Salzburg–Hasenauerstraße 59","2"
"Villa Elena","51732","45,414872 12,375877","Verona Porta Nuova","365444","45,429167 10,982222","Directed","Villa Elena–Verona Porta Nuova","1"
"Verona Porta Nuova","365444","45,429167 10,982222","Edlach an der Rax","470","47,69255 15,80915","Directed","Verona Porta Nuova–Edlach an der Rax","1"
"Peter-Hille-Straße","1276","52,4531 13,621","Ordination Arthur Schnitzler [Bösendorferstraße 11]","167789","48,2012 16,37188","Directed","Peter-Hille-Straße–Ordination Arthur Schnitzler [Bösendorferstraße 11]","4"
"Sternwartestraße 71","168815","48,23188 16,33716","XIII., Hietzing","63","48,17547 16,29101","Directed","Sternwartestraße 71–XIII., Hietzing","1"
"XIII., Hietzing","63","48,17547 16,29101","Sieveringer Straße 191","365643","48,252261604003735 16,31915855509781","Directed","XIII., Hietzing–Sieveringer Straße 191","1"
"Pompeji","1283","40,750556 14,489722","Pompeji","1283","40,750556 14,489722","Directed","Pompeji–Pompeji","1"
"Pompeji","1283","40,750556 14,489722","Sternwartestraße 71","168815","48,23188 16,33716","Directed","Pompeji–Sternwartestraße 71","1"
"Sternwartestraße 71","168815","48,23188 16,33716","Postamt 137","405247","nicht vorhanden","Directed","Sternwartestraße 71–Postamt 137","1"
"Postamt 137","405247","nicht vorhanden","Haus Bahr","207274","48,186771 16,261305","Directed","Postamt 137–Haus Bahr","1"
"London","224","51,50853 -0,12574","Wien","50","48,208333 16,373056","Directed","London–Wien","1"
"Lessing-Theater","18","52,5225 13,376389","Wien","50","48,208333 16,373056","Directed","Lessing-Theater–Wien","2"
"1/1 Post- und Telegraphenamt 1","365214","48,209928 16,379065","Seeboden am Millstättersee","34824","46,818888888889 13,518333","Directed","1/1 Post- und Telegraphenamt 1–Seeboden am Millstättersee","2"
"Hotel Marienbad [München]","401","48,143964 11,567552","München","45258","48,13743 11,57549","Directed","Hotel Marienbad [München]–München","1"
"Mautern in Steiermark","334803","47,4 14,833333333333","Mautern in Steiermark","334803","47,4 14,833333333333","Directed","Mautern in Steiermark–Mautern in Steiermark","1"
"Mautern in Steiermark","334803","47,4 14,833333333333","Sternwartestraße 71","168815","48,23188 16,33716","Directed","Mautern in Steiermark–Sternwartestraße 71","1"
"Schliersee","936","47,73621 11,85936","Wien","50","48,208333 16,373056","Directed","Schliersee–Wien","4"
"Vahrn","946","46,73901 11,63749","Wien","50","48,208333 16,373056","Directed","Vahrn–Wien","5"
"Altaussee","34401","47,639444 13,763333","San Martino di Castrozza","44311","46,26667 11,8","Directed","Altaussee–San Martino di Castrozza","1"
"Sternwartestraße 71","168815","48,23188 16,33716","Kochgasse 8","249577","48,212327 16,349717","Directed","Sternwartestraße 71–Kochgasse 8","1"
"Kurhotellet","41010","56,044988 12,603924","Willergasse 2","231810","48,139276 16,257741","Directed","Kurhotellet–Willergasse 2","1"
"1/1 Post- und Telegraphenamt 15","365220","48,20246 16,370739","1/1 Post- und Telegraphenamt 15","365220","48,20246 16,370739","Directed","1/1 Post- und Telegraphenamt 15–1/1 Post- und Telegraphenamt 15","1"
"1/1 Post- und Telegraphenamt 15","365220","48,20246 16,370739","Wohnung und Ordination Arthur Schnitzler Grillparzerstraße 7/3. Stock","167782","48,212477 16,357233","Directed","1/1 Post- und Telegraphenamt 15–Wohnung und Ordination Arthur Schnitzler Grillparzerstraße 7/3. Stock","1"
"Dahmsdorf","50112","52,53193 14,10798","Dahmsdorf","50112","52,53193 14,10798","Directed","Dahmsdorf–Dahmsdorf","1"
"Dahmsdorf","50112","52,53193 14,10798","Edmund-Weiß-Gasse 7","168940","48,2304 16,33472","Directed","Dahmsdorf–Edmund-Weiß-Gasse 7","1"
"Hotel Kammer","296548","47,9460166 13,5911926","Innsbruck","867","47,272569 11,389534","Directed","Hotel Kammer–Innsbruck","1"
"Baden bei Wien","662","48,00543 16,23264","Baden bei Wien","662","48,00543 16,23264","Directed","Baden bei Wien–Baden bei Wien","1"
"Baden bei Wien","662","48,00543 16,23264","Sternwartestraße 71","168815","48,23188 16,33716","Directed","Baden bei Wien–Sternwartestraße 71","3"
"Hotel Preinerwand","51370","47,6757 15,7596","Edlach an der Rax","470","47,69255 15,80915","Directed","Hotel Preinerwand–Edlach an der Rax","1"
"Edlach an der Rax","470","47,69255 15,80915","Edmund-Weiß-Gasse 7","168940","48,2304 16,33472","Directed","Edlach an der Rax–Edmund-Weiß-Gasse 7","2"
"Villa Helgoland","334783","49,982651 12,697926","Marienbad","772","49,964444 12,701944","Directed","Villa Helgoland–Marienbad","1"
"Marienbad","772","49,964444 12,701944","Altaussee","34401","47,639444 13,763333","Directed","Marienbad–Altaussee","1"
"Dubrovnik","682","42,64807 18,09216","Wien","50","48,208333 16,373056","Directed","Dubrovnik–Wien","1"
"Wohnung und Ordination Arthur Schnitzler Grillparzerstraße 7/3. Stock","167782","48,212477 16,357233","9/3 Post- und Telegraphenamt 72","365208","48,216197 16,356623","Directed","Wohnung und Ordination Arthur Schnitzler Grillparzerstraße 7/3. Stock–9/3 Post- und Telegraphenamt 72","2"
"9/3 Post- und Telegraphenamt 72","365208","48,216197 16,356623","Mödling","968","48,08605 16,28921","Directed","9/3 Post- und Telegraphenamt 72–Mödling","1"
"Mödling","968","48,08605 16,28921","Zum goldenen Stern","625","48,081286 16,261108","Directed","Mödling–Zum goldenen Stern","1"
"Kuranstalt Dr. Konried","80","47,691299 15,808343","Edlach an der Rax","470","47,69255 15,80915","Directed","Kuranstalt Dr. Konried–Edlach an der Rax","1"
"Edlach an der Rax","470","47,69255 15,80915","9/3 Post- und Telegraphenamt 72","365208","48,216197 16,356623","Directed","Edlach an der Rax–9/3 Post- und Telegraphenamt 72","1"
"Berlin","168","52,52437 13,41053","Frankgasse 1","168934","48,21533 16,35736","Directed","Berlin–Frankgasse 1","1"
"Celerina","12589","46,5146 9,8622","Weißenbach am Attersee","34344","47,8004 13,5358","Directed","Celerina–Weißenbach am Attersee","2"
"Split","4231","43,5 16,433333","Split","4231","43,5 16,433333","Directed","Split–Split","2"
"Split","4231","43,5 16,433333","Paris","182","48,85341 2,3488","Directed","Split–Paris","1"
"Paris","182","48,85341 2,3488","Boulevard Haussmann","34022","48,874433 2,322216","Directed","Paris–Boulevard Haussmann","1"
"Paris","182","48,85341 2,3488","Salzburg","30","47,80067 13,04532","Directed","Paris–Salzburg","1"
"Wien","50","48,208333 16,373056","Altaussee","34401","47,639444 13,763333","Directed","Wien–Altaussee","2"
"Zell am Ziller","134","47,22982 11,88535","Zell am Ziller","134","47,22982 11,88535","Directed","Zell am Ziller–Zell am Ziller","1"
"Zell am Ziller","134","47,22982 11,88535","Edmund-Weiß-Gasse 7","168940","48,2304 16,33472","Directed","Zell am Ziller–Edmund-Weiß-Gasse 7","1"
"Edmund-Weiß-Gasse 7","168940","48,2304 16,33472","Hotel Vier Jahreszeiten","485","48,138889 11,581667","Directed","Edmund-Weiß-Gasse 7–Hotel Vier Jahreszeiten","1"
"Sternwartestraße 71","168815","48,23188 16,33716","Tiefer Graben 23","207296","48,213038 16,368738","Directed","Sternwartestraße 71–Tiefer Graben 23","1"
"Barer Straße 50","405283","48,149644 11,572946","Sternwartestraße 71","168815","48,23188 16,33716","Directed","Barer Straße 50–Sternwartestraße 71","2"
"Baden bei Wien","662","48,00543 16,23264","Wien","50","48,208333 16,373056","Directed","Baden bei Wien–Wien","2"
"Grand Hotel des Bains","40983","45,413333 12,374722","Santa Maria Elisabetta","843","45,41748 12,36861","Directed","Grand Hotel des Bains–Santa Maria Elisabetta","2"
"Santa Maria Elisabetta","843","45,41748 12,36861","Brijuni","45260","44,91417 13,76222","Directed","Santa Maria Elisabetta–Brijuni","2"
"Wien","50","48,208333 16,373056","I., Innere Stadt","51","48,20769 16,37049","Directed","Wien–I., Innere Stadt","4"
"I., Innere Stadt","51","48,20769 16,37049","Altaussee","34401","47,639444 13,763333","Directed","I., Innere Stadt–Altaussee","2"
"Bad Gastein","521","47,11547 13,13467","Tiefer Graben 23","207296","48,213038 16,368738","Directed","Bad Gastein–Tiefer Graben 23","1"
"Bern","1223","46,9489 7,4638","IX., Alsergrund","59","48,22387 16,35641","Directed","Bern–IX., Alsergrund","1"
"Bad Aussee","415","47,60998 13,78243","Parsch","49759","47,8 13,06667","Directed","Bad Aussee–Parsch","1"
"Parsch","49759","47,8 13,06667","Edmund-Weiß-Gasse 7","168940","48,2304 16,33472","Directed","Parsch–Edmund-Weiß-Gasse 7","1"
"Kurhotellet","41010","56,044988 12,603924","Kopenhagen","36300","55,67594 12,56553","Directed","Kurhotellet–Kopenhagen","1"
"Kopenhagen","36300","55,67594 12,56553","Unbekannt","238114","nicht vorhanden","Directed","Kopenhagen–Unbekannt","1"
"Grand Hotel San Domenico","234089","37,84975 15,283583","Taormina","906","37,85358 15,28851","Directed","Grand Hotel San Domenico–Taormina","1"
"Badgasse","1006","48,130176324727 16,278871077438","Hofmannsthal-Schlössl","40297","48,133611 16,255556","Directed","Badgasse–Hofmannsthal-Schlössl","3"
"Barer Straße 50","405283","48,149644 11,572946","München","45258","48,13743 11,57549","Directed","Barer Straße 50–München","1"
"München","45258","48,13743 11,57549","Sternwartestraße 71","168815","48,23188 16,33716","Directed","München–Sternwartestraße 71","3"
"Frankgasse 1","168934","48,21533 16,35736","1/1 Post- und Telegraphenamt 15","365220","48,20246 16,370739","Directed","Frankgasse 1–1/1 Post- und Telegraphenamt 15","1"
"Berghof","411","47,799951 13,4815496","Unterach am Attersee","877","47,80494 13,48728","Directed","Berghof–Unterach am Attersee","3"
"Unterach am Attersee","877","47,80494 13,48728","Edmund-Weiß-Gasse 7","168940","48,2304 16,33472","Directed","Unterach am Attersee–Edmund-Weiß-Gasse 7","2"
"Fulpmes","985","47,15202 11,34922","Wien","50","48,208333 16,373056","Directed","Fulpmes–Wien","1"
"Wollzeile 15 (»Berthahof«)","190427","48,208656 16,375924","Frankgasse 1","168934","48,21533 16,35736","Directed","Wollzeile 15 (»Berthahof«)–Frankgasse 1","2"
"Hinterbrühl","75","48,08611 16,24809","Tiefer Graben 23","207296","48,213038 16,368738","Directed","Hinterbrühl–Tiefer Graben 23","2"
"Kopenhagen","36300","55,67594 12,56553","Sternwartestraße 71","168815","48,23188 16,33716","Directed","Kopenhagen–Sternwartestraße 71","8"
"Berlin","168","52,52437 13,41053","Tiefer Graben 23","207296","48,213038 16,368738","Directed","Berlin–Tiefer Graben 23","2"
"Wien","50","48,208333 16,373056","Breslau","677","51,10773 17,03533","Directed","Wien–Breslau","1"
"Altaussee","34401","47,639444 13,763333","Tiefer Graben 17","207301","48,212284 16,367725","Directed","Altaussee–Tiefer Graben 17","4"
"Meran","43520","46,66817 11,15953","I., Innere Stadt","51","48,20769 16,37049","Directed","Meran–I., Innere Stadt","1"
"13/5 Post- und Telegraphenamt 100","365604","48,202658 16,257424","18/1 Post- und Telegraphenamt 110","365223","48,22513 16,343276","Directed","13/5 Post- und Telegraphenamt 100–18/1 Post- und Telegraphenamt 110","2"
"Berlin","168","52,52437 13,41053","Postbestellbezirk 18/1","405253","48,231941 16,335645","Directed","Berlin–Postbestellbezirk 18/1","1"
"Parkhotel München","52580","48,141240506268204 11,570521871552252","München","45258","48,13743 11,57549","Directed","Parkhotel München–München","1"
"München","45258","48,13743 11,57549","Hasenauerstraße 59","235251","48,23365 16,33494","Directed","München–Hasenauerstraße 59","2"
"Wien","50","48,208333 16,373056","Julienhof","34067","48,010324 16,238308","Directed","Wien–Julienhof","1"
"Nago-Torbole","36469","45,87594 10,89106","9/3 Post- und Telegraphenamt 72","365208","48,216197 16,356623","Directed","Nago-Torbole–9/3 Post- und Telegraphenamt 72","1"
"Berlin","168","52,52437 13,41053","Welsberg-Taisten","428","46,75774 12,10556","Directed","Berlin–Welsberg-Taisten","2"
"Armbrustergasse 6","237626","48,254547 16,355118","19/2 Post- und Telegraphenamt 119","405258","48,258591 16,366941","Directed","Armbrustergasse 6–19/2 Post- und Telegraphenamt 119","2"
"19/2 Post- und Telegraphenamt 119","405258","48,258591 16,366941","Edmund-Weiß-Gasse 7","168940","48,2304 16,33472","Directed","19/2 Post- und Telegraphenamt 119–Edmund-Weiß-Gasse 7","1"
"Marienlyst","959","56,042028 12,601917","Marienlyst","959","56,042028 12,601917","Directed","Marienlyst–Marienlyst","1"
"Marienlyst","959","56,042028 12,601917","Tiefer Graben 23","207296","48,213038 16,368738","Directed","Marienlyst–Tiefer Graben 23","1"
"Wien","50","48,208333 16,373056","Bad Fusch","305739","47,19939 12,85366","Directed","Wien–Bad Fusch","1"
"Taormina","906","37,85358 15,28851","1/1 Post- und Telegraphenamt 1","365214","48,209928 16,379065","Directed","Taormina–1/1 Post- und Telegraphenamt 1","1"
"Gasthof zur Post","142878","47,565968 12,7060512","Lofer","33929","47,58475 12,69333","Directed","Gasthof zur Post–Lofer","1"
"Lofer","33929","47,58475 12,69333","Kaltenleutgeben","44102","48,11646 16,19956","Directed","Lofer–Kaltenleutgeben","1"
"Kaltenleutgeben","44102","48,11646 16,19956","Kaltwasserheilanstalt Winternitz","93742","nicht vorhanden","Directed","Kaltenleutgeben–Kaltwasserheilanstalt Winternitz","1"
"Wien","50","48,208333 16,373056","Tschortkiw","45274","49,01701 25,79808","Directed","Wien–Tschortkiw","1"
"Faakersee","605","46,5775 13,92556","Föderlach","45268","46,59139 13,98139","Directed","Faakersee–Föderlach","1"
"Föderlach","45268","46,59139 13,98139","Vahrn","946","46,73901 11,63749","Directed","Föderlach–Vahrn","1"
"84, rue de Longchamp","300061","48,8657381912549 2,28383352821815","Sternwartestraße 71","168815","48,23188 16,33716","Directed","84, rue de Longchamp–Sternwartestraße 71","1"
"1/1 Post- und Telegraphenamt 1","365214","48,209928 16,379065","Čáslav","767","49,91099 15,38972","Directed","1/1 Post- und Telegraphenamt 1–Čáslav","3"
"Hotel Edlacherhof","714","47,689132 15,805582","Edlach an der Rax","470","47,69255 15,80915","Directed","Hotel Edlacherhof–Edlach an der Rax","4"
"Bellagio","984","45,98745 9,26199","Bellagio","984","45,98745 9,26199","Directed","Bellagio–Bellagio","1"
"Bellagio","984","45,98745 9,26199","9/3 Post- und Telegraphenamt 72","365208","48,216197 16,356623","Directed","Bellagio–9/3 Post- und Telegraphenamt 72","1"
"Palazzo Orsini di Gravina","365452","40,845237 14,251462","Hotel Hassler [Neapel]","364923","40,8302153354582 14,246194459892541","Directed","Palazzo Orsini di Gravina–Hotel Hassler [Neapel]","1"
"Vahrn","946","46,73901 11,63749","Pörtschach am Wörthersee","44278","46,635556 14,1425","Directed","Vahrn–Pörtschach am Wörthersee","5"
"Edmund-Weiß-Gasse 7","168940","48,2304 16,33472","Haus Bahr","207274","48,186771 16,261305","Directed","Edmund-Weiß-Gasse 7–Haus Bahr","2"
"Frankgasse 1","168934","48,21533 16,35736","1/1 Post- und Telegraphenamt 10","365217","48,210234 16,357213","Directed","Frankgasse 1–1/1 Post- und Telegraphenamt 10","2"
"1/1 Post- und Telegraphenamt 10","365217","48,210234 16,357213","1/1 Post- und Telegraphenamt 1","365214","48,209928 16,379065","Directed","1/1 Post- und Telegraphenamt 10–1/1 Post- und Telegraphenamt 1","3"
"Wien","50","48,208333 16,373056","Cottagegasse","63834","48,2400114 16,3437542","Directed","Wien–Cottagegasse","1"
"Hôtel du Parc","513","46,002723 8,946726","Lugano","885","46,01008 8,96004","Directed","Hôtel du Parc–Lugano","3"
"Lugano","885","46,01008 8,96004","Luzern","967","47,05048 8,30635","Directed","Lugano–Luzern","2"
"Luzern","967","47,05048 8,30635","Luzern","967","47,05048 8,30635","Directed","Luzern–Luzern","4"
"Grand Hotel Lavarone","147028","45,9398 11,273789","Lavarone","461","45,93632 11,27206","Directed","Grand Hotel Lavarone–Lavarone","1"
"Lavarone","461","45,93632 11,27206","Haus Bahr","207274","48,186771 16,261305","Directed","Lavarone–Haus Bahr","1"
"Schönberg im Stubaital","759","47,18333 11,41667","Schönberg im Stubaital","759","47,18333 11,41667","Directed","Schönberg im Stubaital–Schönberg im Stubaital","3"
"Schönberg im Stubaital","759","47,18333 11,41667","Pörtschach am Wörthersee","44278","46,635556 14,1425","Directed","Schönberg im Stubaital–Pörtschach am Wörthersee","1"
"Lübeck","884","53,86893 10,68729","Lübeck","884","53,86893 10,68729","Directed","Lübeck–Lübeck","1"
"Lübeck","884","53,86893 10,68729","St. Gilgen","33","47,76667 13,36667","Directed","Lübeck–St. Gilgen","1"
"Sternwartestraße 71","168815","48,23188 16,33716","1/1 Post- und Telegraphenamt 6","365459","48,213955 16,366048","Directed","Sternwartestraße 71–1/1 Post- und Telegraphenamt 6","2"
"1/1 Post- und Telegraphenamt 6","365459","48,213955 16,366048","Meidlinger Hauptstraße 56","365563","48,177598 16,329723","Directed","1/1 Post- und Telegraphenamt 6–Meidlinger Hauptstraße 56","1"
"Wien","50","48,208333 16,373056","3/2 Post- und Telegraphenamt 45","365287","48,208497 16,392674","Directed","Wien–3/2 Post- und Telegraphenamt 45","1"
"3/2 Post- und Telegraphenamt 45","365287","48,208497 16,392674","Seidlgasse 30","364746","48,205599 16,388584","Directed","3/2 Post- und Telegraphenamt 45–Seidlgasse 30","7"
"Alland","90217","48,03953 16,08085","Edmund-Weiß-Gasse 7","168940","48,2304 16,33472","Directed","Alland–Edmund-Weiß-Gasse 7","1"
"Beach Hotel","141925","37,545 121,4","Yantai","118678","37,4725 121,45042","Directed","Beach Hotel–Yantai","1"
"Yantai","118678","37,4725 121,45042","Hong Kong","44086","22,27832 114,17469","Directed","Yantai–Hong Kong","1"
"Vahrn","946","46,73901 11,63749","Frankfurt am Main","146","50,11552 8,68417","Directed","Vahrn–Frankfurt am Main","1"
"Wien","50","48,208333 16,373056","1/1 Telegramm- und Rohrpostamt 2","365269","48,210441 16,378488","Directed","Wien–1/1 Telegramm- und Rohrpostamt 2","3"
"1/1 Telegramm- und Rohrpostamt 2","365269","48,210441 16,378488","18/1 Post- und Telegraphenamt 111","365226","48,230794 16,344569","Directed","1/1 Telegramm- und Rohrpostamt 2–18/1 Post- und Telegraphenamt 111","1"
"Versailles","36549","48,80359 2,13424","Versailles","36549","48,80359 2,13424","Directed","Versailles–Versailles","2"
"Versailles","36549","48,80359 2,13424","IX., Alsergrund","59","48,22387 16,35641","Directed","Versailles–IX., Alsergrund","1"
"IX., Alsergrund","59","48,22387 16,35641","St. Anton am Arlberg","212","47,1275 10,26372","Directed","IX., Alsergrund–St. Anton am Arlberg","1"
"9/4 Post- und Telegraphenamt 68","365615","48,22611 16,361111","Tiefer Graben 23","207296","48,213038 16,368738","Directed","9/4 Post- und Telegraphenamt 68–Tiefer Graben 23","1"
"Café Tomaselli","41187","47,799167 13,045","Postamt Salzburg Stadt","365625","47,797964 13,047662","Directed","Café Tomaselli–Postamt Salzburg Stadt","2"
"Postamt Salzburg Stadt","365625","47,797964 13,047662","Znaim","33978","48,8555 16,0488","Directed","Postamt Salzburg Stadt–Znaim","1"
"Znaim","33978","48,8555 16,0488","1/1 Post- und Telegraphenamt 1","365214","48,209928 16,379065","Directed","Znaim–1/1 Post- und Telegraphenamt 1","1"
"18/1 Post- und Telegraphenamt 110","365223","48,22513 16,343276","Jagniątków","735","50,816944 15,609444","Directed","18/1 Post- und Telegraphenamt 110–Jagniątków","1"
"Sternwartestraße 71","168815","48,23188 16,33716","1/1 Post- und Telegraphenamt 11","365284","48,207483 16,368355","Directed","Sternwartestraße 71–1/1 Post- und Telegraphenamt 11","2"
"1/1 Post- und Telegraphenamt 11","365284","48,207483 16,368355","Pension Wiener Heim","334003","nicht vorhanden","Directed","1/1 Post- und Telegraphenamt 11–Pension Wiener Heim","1"
"Palasthotel Berlin","88","52,509241 13,376984","Berlin","168","52,52437 13,41053","Directed","Palasthotel Berlin–Berlin","2"
"Berlin","168","52,52437 13,41053","1/1 Post- und Telegraphenamt 1","365214","48,209928 16,379065","Directed","Berlin–1/1 Post- und Telegraphenamt 1","4"
"Wien","50","48,208333 16,373056","Westerwede","258929","53,19852 8,92013","Directed","Wien–Westerwede","2"
"18/1 Post- und Telegraphenamt 111","365226","48,230794 16,344569","1/1 Telegraphen-Central-Station C.R.","290824","48,2139 16,3665","Directed","18/1 Post- und Telegraphenamt 111–1/1 Telegraphen-Central-Station C.R.","4"
"Bad Ischl","213","47,71109 13,61893","1/1 Post- und Telegraphenamt 1","365214","48,209928 16,379065","Directed","Bad Ischl–1/1 Post- und Telegraphenamt 1","1"
"Wien","50","48,208333 16,373056","Ottakringer Straße 114","237241","48,213619 16,323195","Directed","Wien–Ottakringer Straße 114","1"
"Seis am Schlern","988","46,54133 11,55868","Noordwijk","960","52,26953 4,46354","Directed","Seis am Schlern–Noordwijk","1"
"Noordwijk","960","52,26953 4,46354","Noordwijk","960","52,26953 4,46354","Directed","Noordwijk–Noordwijk","2"
"Frankgasse 1","168934","48,21533 16,35736","1/1 Telegraphen-Central-Station C.R.","365357","48,2139 16,3665","Directed","Frankgasse 1–1/1 Telegraphen-Central-Station C.R.","1"
"Tiefer Graben 23","207296","48,213038 16,368738","1/1 Post- und Telegraphenamt 9","365278","48,208958 16,364661","Directed","Tiefer Graben 23–1/1 Post- und Telegraphenamt 9","2"
"1/1 Post- und Telegraphenamt 9","365278","48,208958 16,364661","Edmund-Weiß-Gasse 7","168940","48,2304 16,33472","Directed","1/1 Post- und Telegraphenamt 9–Edmund-Weiß-Gasse 7","1"
"Salzburg","30","47,80067 13,04532","Hauptbahnhof Salzburg","50792","47,813139 13,045769","Directed","Salzburg–Hauptbahnhof Salzburg","5"
"Hauptbahnhof Salzburg","50792","47,813139 13,045769","Pörtschach am Wörthersee","44278","46,635556 14,1425","Directed","Hauptbahnhof Salzburg–Pörtschach am Wörthersee","1"
"Lido","259","45,38333 12,35","Santa Maria Elisabetta","843","45,41748 12,36861","Directed","Lido–Santa Maria Elisabetta","2"
"Santa Maria Elisabetta","843","45,41748 12,36861","Sternwartestraße 71","168815","48,23188 16,33716","Directed","Santa Maria Elisabetta–Sternwartestraße 71","1"
"Rodaun","173","48,132793312328 16,256152195922","Hinterbrühl","75","48,08611 16,24809","Directed","Rodaun–Hinterbrühl","1"
"Hinterbrühl","75","48,08611 16,24809","Hauptstraße 56 [Hinterbrühl]","145165","48,08736 16,24924","Directed","Hinterbrühl–Hauptstraße 56 [Hinterbrühl]","2"
"Frankgasse 1","168934","48,21533 16,35736","1/1 Telegraphenamt 13","365241","48,208168 16,368996","Directed","Frankgasse 1–1/1 Telegraphenamt 13","2"
"1/1 Telegraphenamt 13","365241","48,208168 16,368996","1/1 Telegramm- und Rohrpostamt 2","365269","48,210441 16,378488","Directed","1/1 Telegraphenamt 13–1/1 Telegramm- und Rohrpostamt 2","2"
"St. Gilgen","33","47,76667 13,36667","Jagniątków","735","50,816944 15,609444","Directed","St. Gilgen–Jagniątków","1"
"Jagniątków","735","50,816944 15,609444","Haus Wiesenstein","1052","50,816944 15,607897","Directed","Jagniątków–Haus Wiesenstein","1"
"Berlin","168","52,52437 13,41053","Altaussee","34401","47,639444 13,763333","Directed","Berlin–Altaussee","1"
"Wohnung und Ordination Johann Schnitzler Burgring 1","168765","48,20334 16,363819","Kaiserin-Augusta-Straße 71","292772","52,459499 13,381023","Directed","Wohnung und Ordination Johann Schnitzler Burgring 1–Kaiserin-Augusta-Straße 71","1"
"Palermo","901","38,13205 13,33561","Rodaun","173","48,132793312328 16,256152195922","Directed","Palermo–Rodaun","1"
"Wien","50","48,208333 16,373056","Miskolc","44142","48,10306 20,77806","Directed","Wien–Miskolc","2"
"Maria Wörth","45266","46,61639 14,16306","Maria Wörth","45266","46,61639 14,16306","Directed","Maria Wörth–Maria Wörth","1"
"Maria Wörth","45266","46,61639 14,16306","IX., Alsergrund","59","48,22387 16,35641","Directed","Maria Wörth–IX., Alsergrund","1"
"Hofmannsthal-Schlössl","40297","48,133611 16,255556","10/2 Telegraphenamt 78","365407","48,18507 16,387613","Directed","Hofmannsthal-Schlössl–10/2 Telegraphenamt 78","1"
"10/2 Telegraphenamt 78","365407","48,18507 16,387613","18/1 Post- und Telegraphenamt 110","365223","48,22513 16,343276","Directed","10/2 Telegraphenamt 78–18/1 Post- und Telegraphenamt 110","1"
"Ordination Arthur Schnitzler [Bösendorferstraße 11]","167789","48,2012 16,37188","Wien","50","48,208333 16,373056","Directed","Ordination Arthur Schnitzler [Bösendorferstraße 11]–Wien","5"
"Wien","50","48,208333 16,373056","Hotel Neuhauser","40154","49,19294 16,61001","Directed","Wien–Hotel Neuhauser","1"
"Paris","182","48,85341 2,3488","Frankfurt am Main","146","50,11552 8,68417","Directed","Paris–Frankfurt am Main","1"
"Tegernsee","39752","47,7123 11,7582","Tegernsee","39752","47,7123 11,7582","Directed","Tegernsee–Tegernsee","2"
"Tegernsee","39752","47,7123 11,7582","Steindorf am Ossiacher See","34860","46,6992 13,98892","Directed","Tegernsee–Steindorf am Ossiacher See","2"
"Bad Aussee","415","47,60998 13,78243","Bad Ischl","213","47,71109 13,61893","Directed","Bad Aussee–Bad Ischl","3"
"Wien","50","48,208333 16,373056","IX., Alsergrund","59","48,22387 16,35641","Directed","Wien–IX., Alsergrund","2"
"IX., Alsergrund","59","48,22387 16,35641","I., Innere Stadt","51","48,20769 16,37049","Directed","IX., Alsergrund–I., Innere Stadt","2"
"Solin","453","43,5 16,5","Split","4231","43,5 16,433333","Directed","Solin–Split","1"
"Split","4231","43,5 16,433333","Tiefer Graben 23","207296","48,213038 16,368738","Directed","Split–Tiefer Graben 23","1"
"Bad Tölz","424","47,76111 11,5589","Salzburg","30","47,80067 13,04532","Directed","Bad Tölz–Salzburg","1"
"Kopenhagen","36300","55,67594 12,56553","Grand Hotel Metropol","1135","37,85139 15,28514","Directed","Kopenhagen–Grand Hotel Metropol","1"
"Pension Pundschu","36282","46,610344 14,057955","Velden am Wörthersee","909","46,61901 14,03129","Directed","Pension Pundschu–Velden am Wörthersee","1"
"Velden am Wörthersee","909","46,61901 14,03129","Seeboden am Millstättersee","34824","46,818888888889 13,518333","Directed","Velden am Wörthersee–Seeboden am Millstättersee","1"
"Seeboden am Millstättersee","34824","46,818888888889 13,518333","Seeboden am Millstättersee","34824","46,818888888889 13,518333","Directed","Seeboden am Millstättersee–Seeboden am Millstättersee","2"
"Wien","50","48,208333 16,373056","3/3 Post- und Telegraphenamt 49","365229","48,198051 16,380626","Directed","Wien–3/3 Post- und Telegraphenamt 49","2"
"Grand Hotel Wien","255","48,202111 16,372194","1/1 Post- und Telegraphenamt 15","365220","48,20246 16,370739","Directed","Grand Hotel Wien–1/1 Post- und Telegraphenamt 15","1"
"1/1 Post- und Telegraphenamt 15","365220","48,20246 16,370739","XVIII., Währing","68","48,23333 16,31667","Directed","1/1 Post- und Telegraphenamt 15–XVIII., Währing","1"
"XVIII., Währing","68","48,23333 16,31667","Semmering","189","47,64224 15,8241","Directed","XVIII., Währing–Semmering","1"
"1/1 Post- und Telegraphenamt 15","365220","48,20246 16,370739","3/1 Post- und Telegraphenamt 40","365294","48,203159 16,38967","Directed","1/1 Post- und Telegraphenamt 15–3/1 Post- und Telegraphenamt 40","1"
"3/1 Post- und Telegraphenamt 40","365294","48,203159 16,38967","Seidlgasse 30","364746","48,205599 16,388584","Directed","3/1 Post- und Telegraphenamt 40–Seidlgasse 30","2"
"3/3 Post- und Telegraphenamt 49","365229","48,198051 16,380626","Frankgasse 1","168934","48,21533 16,35736","Directed","3/3 Post- und Telegraphenamt 49–Frankgasse 1","1"
"Restaurant Künstlerhaus","51880","48,13987343195991 11,56781931875383","München","45258","48,13743 11,57549","Directed","Restaurant Künstlerhaus–München","1"
"München","45258","48,13743 11,57549","Steinsdorfstraße 7","1231","48,135746 11,588173","Directed","München–Steinsdorfstraße 7","1"
"Unterach am Attersee","877","47,80494 13,48728","Unterach am Attersee","877","47,80494 13,48728","Directed","Unterach am Attersee–Unterach am Attersee","5"
"Unterach am Attersee","877","47,80494 13,48728","Bad Ischl","213","47,71109 13,61893","Directed","Unterach am Attersee–Bad Ischl","1"
"Hospiz des Westens","1104","52,502809 13,3365775","Berlin","168","52,52437 13,41053","Directed","Hospiz des Westens–Berlin","1"
"Rettenbachweg 5","250767","47,713869 13,629688","Wien","50","48,208333 16,373056","Directed","Rettenbachweg 5–Wien","1"
"Salzburg","30","47,80067 13,04532","XVIII., Währing","68","48,23333 16,31667","Directed","Salzburg–XVIII., Währing","1"
"Maria Schutz","45277","47,64168 15,86924","Welsberg-Taisten","428","46,75774 12,10556","Directed","Maria Schutz–Welsberg-Taisten","2"
"Rosenburg","91618","48,62809 15,64058","Bahnhof Rosenburg","364392","48,628418 15,643509","Directed","Rosenburg–Bahnhof Rosenburg","1"
"Bahnhof Rosenburg","364392","48,628418 15,643509","Tiefer Graben 23","207296","48,213038 16,368738","Directed","Bahnhof Rosenburg–Tiefer Graben 23","1"
"Olomouc","44176","49,59552 17,25175","Olomouc","44176","49,59552 17,25175","Directed","Olomouc–Olomouc","1"
"Olomouc","44176","49,59552 17,25175","Sternwartestraße 71","168815","48,23188 16,33716","Directed","Olomouc–Sternwartestraße 71","1"
"Mixnitz","44146","47,32925 15,36344","Wien","50","48,208333 16,373056","Directed","Mixnitz–Wien","1"
"Westbahnhof","184918","48,196667 16,337778","15/1 Post- und Telegraphenamt 101","365506","48,196203 16,337636","Directed","Westbahnhof–15/1 Post- und Telegraphenamt 101","1"
"15/1 Post- und Telegraphenamt 101","365506","48,196203 16,337636","9/2 Post- und Telegraphenamt 71","365211","48,218574 16,35084","Directed","15/1 Post- und Telegraphenamt 101–9/2 Post- und Telegraphenamt 71","1"
"Madonna di Campiglio","427","46,22671 10,82582","Madonna di Campiglio","427","46,22671 10,82582","Directed","Madonna di Campiglio–Madonna di Campiglio","4"
"Madonna di Campiglio","427","46,22671 10,82582","Edmund-Weiß-Gasse 7","168940","48,2304 16,33472","Directed","Madonna di Campiglio–Edmund-Weiß-Gasse 7","1"
"Hotel Edlacherhof","714","47,689132 15,805582","Reichenau an der Rax","483","47,7 15,83333","Directed","Hotel Edlacherhof–Reichenau an der Rax","1"
"Reichenau an der Rax","483","47,7 15,83333","I., Innere Stadt","51","48,20769 16,37049","Directed","Reichenau an der Rax–I., Innere Stadt","1"
"Bad Ischl","213","47,71109 13,61893","Schruns","38711","47,06667 9,91667","Directed","Bad Ischl–Schruns","1"
"Hochschneeberg","5836","47,775833 15,8075","Rodaun","173","48,132793312328 16,256152195922","Directed","Hochschneeberg–Rodaun","1"
"Ordination Arthur Schnitzler [Bösendorferstraße 11]","167789","48,2012 16,37188","Bad Fusch","305739","47,19939 12,85366","Directed","Ordination Arthur Schnitzler [Bösendorferstraße 11]–Bad Fusch","4"
"Hôtel des Alpes-Grand Hôtel","53208","46,4256 6,9237","Territet","52051","46,42863 6,92122","Directed","Hôtel des Alpes-Grand Hôtel–Territet","1"
"Territet","52051","46,42863 6,92122","Hasenauerstraße 59","235251","48,23365 16,33494","Directed","Territet–Hasenauerstraße 59","1"
"1/1 Post- und Telegraphenamt 1","365214","48,209928 16,379065","Opatija","38096","45,33771 14,30515","Directed","1/1 Post- und Telegraphenamt 1–Opatija","1"
"Edmund-Weiß-Gasse 7","168940","48,2304 16,33472","1/1 Telegraphenamt 5","405261","48,210182 16,372705","Directed","Edmund-Weiß-Gasse 7–1/1 Telegraphenamt 5","1"
"1/1 Telegraphenamt 5","405261","48,210182 16,372705","Haus Bahr","207274","48,186771 16,261305","Directed","1/1 Telegraphenamt 5–Haus Bahr","1"
"Ordination Arthur Schnitzler [Bösendorferstraße 11]","167789","48,2012 16,37188","7/2 Post- und Telegraphenamt 61","365633","48,205488 16,349528","Directed","Ordination Arthur Schnitzler [Bösendorferstraße 11]–7/2 Post- und Telegraphenamt 61","1"
"7/2 Post- und Telegraphenamt 61","365633","48,205488 16,349528","3/2 Post- und Telegraphenamt 45","365287","48,208497 16,392674","Directed","7/2 Post- und Telegraphenamt 61–3/2 Post- und Telegraphenamt 45","1"
"Sanremo","45279","43,81725 7,7772","Wien","50","48,208333 16,373056","Directed","Sanremo–Wien","1"
"Rhodos","44292","36,43556 28,22199","Triest","341319","45,66667 13,76667","Directed","Rhodos–Triest","1"
"Triest","341319","45,66667 13,76667","Tiefer Graben 17","207301","48,212284 16,367725","Directed","Triest–Tiefer Graben 17","1"
"Armbrustergasse 6","237626","48,254547 16,355118","1/1 Post- und Telegraphenamt 8","365555","48,214719 16,368323","Directed","Armbrustergasse 6–1/1 Post- und Telegraphenamt 8","1"
"1/1 Post- und Telegraphenamt 8","365555","48,214719 16,368323","18/1 Post- und Telegraphenamt 110","365223","48,22513 16,343276","Directed","1/1 Post- und Telegraphenamt 8–18/1 Post- und Telegraphenamt 110","1"
"IV., Wieden","54","48,19198 16,36714","4/2 Post- und Telegraphenamt 53","365610","48,190036 16,376053","Directed","IV., Wieden–4/2 Post- und Telegraphenamt 53","1"
"4/2 Post- und Telegraphenamt 53","365610","48,190036 16,376053","18/1 Post- und Telegraphenamt 110","365223","48,22513 16,343276","Directed","4/2 Post- und Telegraphenamt 53–18/1 Post- und Telegraphenamt 110","1"
"?? [Atlantik, westlich von Frankreich]","252268","46,38 -8,0","Hasenauerstraße 59","235251","48,23365 16,33494","Directed","?? [Atlantik, westlich von Frankreich]–Hasenauerstraße 59","2"
"1/1 Post- und Telegraphenamt 10","365217","48,210234 16,357213","Wollzeile 15 (»Berthahof«)","190427","48,208656 16,375924","Directed","1/1 Post- und Telegraphenamt 10–Wollzeile 15 (»Berthahof«)","1"
"18/1 Post- und Telegraphenamt 110","365223","48,22513 16,343276","Gasthof Josef Kloßner","334801","nicht vorhanden","Directed","18/1 Post- und Telegraphenamt 110–Gasthof Josef Kloßner","1"
"9/1 Post- und Telegraphenamt 66","365266","48,219619 16,3617","1/1 Post- und Telegraphenamt 1","365214","48,209928 16,379065","Directed","9/1 Post- und Telegraphenamt 66–1/1 Post- und Telegraphenamt 1","3"
"1/1 Telegraphen-Central-Station C.R.","290824","48,2139 16,3665","I., Innere Stadt","51","48,20769 16,37049","Directed","1/1 Telegraphen-Central-Station C.R.–I., Innere Stadt","1"
"Taormina","906","37,85358 15,28851","Wien","50","48,208333 16,373056","Directed","Taormina–Wien","1"
"Marienbad","772","49,964444 12,701944","Wildbad Waldbrunn","723","46,751211 12,101269","Directed","Marienbad–Wildbad Waldbrunn","2"
"Bad Ischl","213","47,71109 13,61893","Wohnung und Ordination Arthur Schnitzler Grillparzerstraße 7/3. Stock","167782","48,212477 16,357233","Directed","Bad Ischl–Wohnung und Ordination Arthur Schnitzler Grillparzerstraße 7/3. Stock","1"
"Höhlenstein","758","46,641944 12,2322","Vahrn","946","46,73901 11,63749","Directed","Höhlenstein–Vahrn","2"
"Paris","182","48,85341 2,3488","Berlin","168","52,52437 13,41053","Directed","Paris–Berlin","2"
"Amsterdam","40709","52,37403 4,88969","Tiefer Graben 17","207301","48,212284 16,367725","Directed","Amsterdam–Tiefer Graben 17","1"
"Bologna","896","44,49381 11,33875","Lugano","885","46,01008 8,96004","Directed","Bologna–Lugano","1"
"Lugano","885","46,01008 8,96004","Hôtel du Parc","513","46,002723 8,946726","Directed","Lugano–Hôtel du Parc","2"
"Fürberg","40276","47,76667 13,38333","Trondheim","40290","63,43049 10,39506","Directed","Fürberg–Trondheim","1"
"Bad Ischl","213","47,71109 13,61893","Thusis","20650","46,69729 9,43908","Directed","Bad Ischl–Thusis","1"
"Windischgarsten","39930","47,72183 14,32823","Windischgarsten","39930","47,72183 14,32823","Directed","Windischgarsten–Windischgarsten","2"
"Windischgarsten","39930","47,72183 14,32823","1/1 Post- und Telegraphenamt 1","365214","48,209928 16,379065","Directed","Windischgarsten–1/1 Post- und Telegraphenamt 1","1"
"Unterach am Attersee","877","47,80494 13,48728","Villa Annerl","34387","47,6416 13,77095","Directed","Unterach am Attersee–Villa Annerl","1"
"Kopenhagen","36300","55,67594 12,56553","Frankgasse 1","168934","48,21533 16,35736","Directed","Kopenhagen–Frankgasse 1","2"
"1/1 Post- und Telegraphenamt 1","365214","48,209928 16,379065","Gardone Riviera","374","45,62499 10,56527","Directed","1/1 Post- und Telegraphenamt 1–Gardone Riviera","1"
"Gardone Riviera","374","45,62499 10,56527","1/1 Post- und Telegraphenamt 1","365214","48,209928 16,379065","Directed","Gardone Riviera–1/1 Post- und Telegraphenamt 1","1"
"Bern","1223","46,9489 7,4638","Wien","50","48,208333 16,373056","Directed","Bern–Wien","2"
"Grand Hotel Wien","255","48,202111 16,372194","1/1 Post- und Telegraphenamt 16","365490","48,20499428150922 16,374245768099613","Directed","Grand Hotel Wien–1/1 Post- und Telegraphenamt 16","1"
"1/1 Post- und Telegraphenamt 16","365490","48,20499428150922 16,374245768099613","Postbestellbezirk 18/1","405253","48,231941 16,335645","Directed","1/1 Post- und Telegraphenamt 16–Postbestellbezirk 18/1","1"
"Wien","50","48,208333 16,373056","Rodaun","173","48,132793312328 16,256152195922","Directed","Wien–Rodaun","3"
"1/1 Post- und Telegraphenamt 8","365555","48,214719 16,368323","Venedig","462","45,43713 12,33265","Directed","1/1 Post- und Telegraphenamt 8–Venedig","1"
"Venedig","462","45,43713 12,33265","Grand Hotel Venezia","258","45,431739 12,333875","Directed","Venedig–Grand Hotel Venezia","1"
"St. Anton am Arlberg","212","47,1275 10,26372","Villa Arnstein","1110","47,0277 14,4641","Directed","St. Anton am Arlberg–Villa Arnstein","1"
"Brünn","833","49,19522 16,60796","Brünn Hauptbahnhof","251671","49,19083333 16,61277778","Directed","Brünn–Brünn Hauptbahnhof","1"
"Brünn Hauptbahnhof","251671","49,19083333 16,61277778","Wien","50","48,208333 16,373056","Directed","Brünn Hauptbahnhof–Wien","1"
"Sternwartestraße 71","168815","48,23188 16,33716","Hasenauerstraße 59","235251","48,23365 16,33494","Directed","Sternwartestraße 71–Hasenauerstraße 59","4"
"Axenstein","53227","46,98666 8,61554","Morschach","49170","46,97149 8,64802","Directed","Axenstein–Morschach","2"
"Morschach","49170","46,97149 8,64802","Hasenauerstraße 59","235251","48,23365 16,33494","Directed","Morschach–Hasenauerstraße 59","1"
"Genf","562","46,20222 6,14569","Genf","562","46,20222 6,14569","Directed","Genf–Genf","2"
"Genf","562","46,20222 6,14569","Tiefer Graben 23","207296","48,213038 16,368738","Directed","Genf–Tiefer Graben 23","1"
"3/1 Post- und Telegraphenamt 40","365294","48,203159 16,38967","Wohnung und Ordination Arthur Schnitzler Grillparzerstraße 7/3. Stock","167782","48,212477 16,357233","Directed","3/1 Post- und Telegraphenamt 40–Wohnung und Ordination Arthur Schnitzler Grillparzerstraße 7/3. Stock","1"
"Wien","50","48,208333 16,373056","Kaltenleutgeben","44102","48,11646 16,19956","Directed","Wien–Kaltenleutgeben","2"
"Salzburg","30","47,80067 13,04532","Weißenbach am Attersee","34344","47,8004 13,5358","Directed","Salzburg–Weißenbach am Attersee","1"
"Florenz","263","43,77925 11,24626","Berlin","168","52,52437 13,41053","Directed","Florenz–Berlin","1"
"Hotel & Pension Passerhof","334857","46,6704654 11,161414","Meran","43520","46,66817 11,15953","Directed","Hotel & Pension Passerhof–Meran","1"
"Meran","43520","46,66817 11,15953","1/1 Post- und Telegraphenamt 1","365214","48,209928 16,379065","Directed","Meran–1/1 Post- und Telegraphenamt 1","1"
"Rennes","55293","48,11198 -1,67429","9/3 Post- und Telegraphenamt 72","365208","48,216197 16,356623","Directed","Rennes–9/3 Post- und Telegraphenamt 72","1"
"9/3 Post- und Telegraphenamt 72","365208","48,216197 16,356623","Hotel und Pension Rudolfshöhe (Leopold Petter)","414","47,706537 13,609575","Directed","9/3 Post- und Telegraphenamt 72–Hotel und Pension Rudolfshöhe (Leopold Petter)","1"
"Wien","50","48,208333 16,373056","Czernowitz","976","48,29149 25,94034","Directed","Wien–Czernowitz","1"
"Sternwartestraße 71","168815","48,23188 16,33716","1/1 Telegraphenamt 13","405244","48,20820548131752 16,369043377981647","Directed","Sternwartestraße 71–1/1 Telegraphenamt 13","1"
"1/1 Telegraphenamt 13","405244","48,20820548131752 16,369043377981647","Meidlinger Hauptstraße 56","365563","48,177598 16,329723","Directed","1/1 Telegraphenamt 13–Meidlinger Hauptstraße 56","1"
"Hotel Vier Jahreszeiten","485","48,138889 11,581667","München","45258","48,13743 11,57549","Directed","Hotel Vier Jahreszeiten–München","2"
"München","45258","48,13743 11,57549","Zell am Ziller","134","47,22982 11,88535","Directed","München–Zell am Ziller","1"
"Bad Ischl","213","47,71109 13,61893","Kopenhagen","36300","55,67594 12,56553","Directed","Bad Ischl–Kopenhagen","3"
"Wien","50","48,208333 16,373056","1/1 Post- und Telegraphenamt 8","365555","48,214719 16,368323","Directed","Wien–1/1 Post- und Telegraphenamt 8","1"
"1/1 Post- und Telegraphenamt 8","365555","48,214719 16,368323","Haus Bahr","207274","48,186771 16,261305","Directed","1/1 Post- und Telegraphenamt 8–Haus Bahr","1"
"Haus Bahr","207274","48,186771 16,261305","Villa Mauthner-Markhof","144","47,65067 15,821452","Directed","Haus Bahr–Villa Mauthner-Markhof","1"
"Bad Aussee","415","47,60998 13,78243","Bad Aussee","415","47,60998 13,78243","Directed","Bad Aussee–Bad Aussee","9"
"Bad Aussee","415","47,60998 13,78243","Sternwartestraße 71","168815","48,23188 16,33716","Directed","Bad Aussee–Sternwartestraße 71","3"
"Wien","50","48,208333 16,373056","Blankenese","1226","53,5652 9,7972","Directed","Wien–Blankenese","2"
"Bahnhof Firenze Santa Maria Novella","52725","43,776338 11,247527","Tiefer Graben 17","207301","48,212284 16,367725","Directed","Bahnhof Firenze Santa Maria Novella–Tiefer Graben 17","1"
"Korfu","41212","39,598055 19,852222","Korfu","41212","39,598055 19,852222","Directed","Korfu–Korfu","1"
"Korfu","41212","39,598055 19,852222","Rodaun","173","48,132793312328 16,256152195922","Directed","Korfu–Rodaun","1"
"18/1 Post- und Telegraphenamt 110","365223","48,22513 16,343276","18/1 Post- und Telegraphenamt 113","365599","48,23540182053625 16,325218008155264","Directed","18/1 Post- und Telegraphenamt 110–18/1 Post- und Telegraphenamt 113","1"
"18/1 Post- und Telegraphenamt 113","365599","48,23540182053625 16,325218008155264","Ottakringer Straße 114","237241","48,213619 16,323195","Directed","18/1 Post- und Telegraphenamt 113–Ottakringer Straße 114","1"
"Semmering","189","47,64224 15,8241","Palasthotel Meran","41086","46,667691 11,165082","Directed","Semmering–Palasthotel Meran","1"
"Trafoi","91918","46,5517 10,50988","Wien","50","48,208333 16,373056","Directed","Trafoi–Wien","1"
"Hinterbrühl","75","48,08611 16,24809","Tegernsee","39752","47,7123 11,7582","Directed","Hinterbrühl–Tegernsee","3"
"Biarritz","62045","43,48055 -1,55684","Wien","50","48,208333 16,373056","Directed","Biarritz–Wien","1"
"Hotel Axenstein","53636","46,98669 8,61554","Sternwartestraße 71","168815","48,23188 16,33716","Directed","Hotel Axenstein–Sternwartestraße 71","1"
"Triest","91944","45,66667 13,76667","Triest","91944","45,66667 13,76667","Directed","Triest–Triest","1"
"Triest","91944","45,66667 13,76667","1/1 Post- und Telegraphenamt 1","365214","48,209928 16,379065","Directed","Triest–1/1 Post- und Telegraphenamt 1","1"
"Kaltenleutgeben","44102","48,11646 16,19956","Kaltenleutgeben","44102","48,11646 16,19956","Directed","Kaltenleutgeben–Kaltenleutgeben","1"
"Kaltenleutgeben","44102","48,11646 16,19956","18/1 Post- und Telegraphenamt 110","365223","48,22513 16,343276","Directed","Kaltenleutgeben–18/1 Post- und Telegraphenamt 110","1"
"1/1 Post- und Telegraphenamt 8","365555","48,214719 16,368323","Weißenbach am Attersee","34344","47,8004 13,5358","Directed","1/1 Post- und Telegraphenamt 8–Weißenbach am Attersee","1"
"Burgtheater","14","48,210333 16,361139","13/2 Post- und Telegraphenamt 89","365511","48,189782 16,304998","Directed","Burgtheater–13/2 Post- und Telegraphenamt 89","1"
"13/2 Post- und Telegraphenamt 89","365511","48,189782 16,304998","Rodaun","173","48,132793312328 16,256152195922","Directed","13/2 Post- und Telegraphenamt 89–Rodaun","1"
"Wien","50","48,208333 16,373056","Reichenau an der Rax","483","47,7 15,83333","Directed","Wien–Reichenau an der Rax","2"
"Seidlgasse 23","365290","48,206448 16,389944","Wien","50","48,208333 16,373056","Directed","Seidlgasse 23–Wien","3"
"1/1 Post- und Telegraphenamt 1","365214","48,209928 16,379065","3/2 Post- und Telegraphenamt 45","365287","48,208497 16,392674","Directed","1/1 Post- und Telegraphenamt 1–3/2 Post- und Telegraphenamt 45","1"
"Breslau","677","51,10773 17,03533","Wien","50","48,208333 16,373056","Directed","Breslau–Wien","1"
"Zdislavice","65192","49,22351 17,26127","Wien","50","48,208333 16,373056","Directed","Zdislavice–Wien","2"
"Isola Bella","89841","45,89556 8,52676","Wien","50","48,208333 16,373056","Directed","Isola Bella–Wien","1"
"Tiefer Graben 23","207296","48,213038 16,368738","1/1 Telegraphen-Central-Station C.R.","365357","48,2139 16,3665","Directed","Tiefer Graben 23–1/1 Telegraphen-Central-Station C.R.","1"
"London","224","51,50853 -0,12574","Forest Hill","43409","51,439189 -0,054063","Directed","London–Forest Hill","2"
"Forest Hill","43409","51,439189 -0,054063","I., Innere Stadt","51","48,20769 16,37049","Directed","Forest Hill–I., Innere Stadt","1"
"Bahnhof Firenze Santa Maria Novella","52725","43,776338 11,247527","1/1 Post- und Telegraphenamt 1","365214","48,209928 16,379065","Directed","Bahnhof Firenze Santa Maria Novella–1/1 Post- und Telegraphenamt 1","1"
"18/1 Post- und Telegraphenamt 110","365223","48,22513 16,343276","Haus Bahr","207274","48,186771 16,261305","Directed","18/1 Post- und Telegraphenamt 110–Haus Bahr","1"
"Rodaun","173","48,132793312328 16,256152195922","Hofmannsthal-Schlössl","40297","48,133611 16,255556","Directed","Rodaun–Hofmannsthal-Schlössl","4"
"Unbekannt","234399","nicht vorhanden","St. Gilgen","33","47,76667 13,36667","Directed","Unbekannt–St. Gilgen","1"
"St. Gilgen","33","47,76667 13,36667","Edlach an der Rax","470","47,69255 15,80915","Directed","St. Gilgen–Edlach an der Rax","1"
"Wien","50","48,208333 16,373056","Haus Bahr","207274","48,186771 16,261305","Directed","Wien–Haus Bahr","1"
"IX., Alsergrund","59","48,22387 16,35641","Alland","90217","48,03953 16,08085","Directed","IX., Alsergrund–Alland","1"
"Alland","90217","48,03953 16,08085","Alland","90217","48,03953 16,08085","Directed","Alland–Alland","1"
"Forte dei Marmi","44248","43,96388 10,17478","Hasenauerstraße 59","235251","48,23365 16,33494","Directed","Forte dei Marmi–Hasenauerstraße 59","1"
"Mödling","968","48,08605 16,28921","18/1 Post- und Telegraphenamt 110","365223","48,22513 16,343276","Directed","Mödling–18/1 Post- und Telegraphenamt 110","1"
"Regensburg","58684","49,01513 12,10161","Regensburg","58684","49,01513 12,10161","Directed","Regensburg–Regensburg","1"
"Regensburg","58684","49,01513 12,10161","Tiefer Graben 17","207301","48,212284 16,367725","Directed","Regensburg–Tiefer Graben 17","1"
"Edmund-Weiß-Gasse 7","168940","48,2304 16,33472","Rodaun","173","48,132793312328 16,256152195922","Directed","Edmund-Weiß-Gasse 7–Rodaun","2"
"Skodsborg","958","55,8225 12,57324","Wien","50","48,208333 16,373056","Directed","Skodsborg–Wien","1"
"Unbekannt","232250","nicht vorhanden","Frankgasse 1","168934","48,21533 16,35736","Directed","Unbekannt–Frankgasse 1","1"
"Verona Porta Nuova","365444","45,429167 10,982222","Edmund-Weiß-Gasse 7","168940","48,2304 16,33472","Directed","Verona Porta Nuova–Edmund-Weiß-Gasse 7","2"
"Messina","44129","38,19394 15,55256","Messina","44129","38,19394 15,55256","Directed","Messina–Messina","1"
"Messina","44129","38,19394 15,55256","Badgasse","1006","48,130176324727 16,278871077438","Directed","Messina–Badgasse","1"
"Semmering","189","47,64224 15,8241","Ottakringer Straße 114","237241","48,213619 16,323195","Directed","Semmering–Ottakringer Straße 114","1"
"Postbestellbezirk 18/1","405253","48,231941 16,335645","Sekirn","91729","46,60936 14,21037","Directed","Postbestellbezirk 18/1–Sekirn","1"
"Wien","50","48,208333 16,373056","XVIII., Währing","68","48,23333 16,31667","Directed","Wien–XVIII., Währing","2"
"XVIII., Währing","68","48,23333 16,31667","Hotel garni Athen","264667","47,713189 13,622779","Directed","XVIII., Währing–Hotel garni Athen","1"
"Pension Villa Quisisana","299703","48,003137 16,224985","Baden bei Wien","662","48,00543 16,23264","Directed","Pension Villa Quisisana–Baden bei Wien","1"
"Belišće","90320","45,6799 18,40073","Belišće","90320","45,6799 18,40073","Directed","Belišće–Belišće","1"
"Belišće","90320","45,6799 18,40073","Tiefer Graben 23","207296","48,213038 16,368738","Directed","Belišće–Tiefer Graben 23","1"
"1/1 Post- und Telegraphenamt 1","365214","48,209928 16,379065","Venedig","462","45,43713 12,33265","Directed","1/1 Post- und Telegraphenamt 1–Venedig","1"
"Venedig","462","45,43713 12,33265","Grand Hotel Bauer-Grünwald","310","45,4328 12,336106","Directed","Venedig–Grand Hotel Bauer-Grünwald","1"
"Iselsberg","141909","46,83806 12,84944","Wien","50","48,208333 16,373056","Directed","Iselsberg–Wien","1"
"Unterach am Attersee","877","47,80494 13,48728","Ordination Arthur Schnitzler [Bösendorferstraße 11]","167789","48,2012 16,37188","Directed","Unterach am Attersee–Ordination Arthur Schnitzler [Bösendorferstraße 11]","1"
"Kurhotellet","41010","56,044988 12,603924","Venedig","462","45,43713 12,33265","Directed","Kurhotellet–Venedig","1"
"Venedig","462","45,43713 12,33265","Casa Petrarca","305","45,43507 12,33541","Directed","Venedig–Casa Petrarca","1"
"Tschortkiw","45274","49,01701 25,79808","Wien","50","48,208333 16,373056","Directed","Tschortkiw–Wien","2"
"Hühnerspielalm","167610","46,94244075 11,468729461","Gossensaß","40474","46,93857 11,44245","Directed","Hühnerspielalm–Gossensaß","1"
"Gossensaß","40474","46,93857 11,44245","Edmund-Weiß-Gasse 7","168940","48,2304 16,33472","Directed","Gossensaß–Edmund-Weiß-Gasse 7","1"
"Prag","652","50,08333 14,46667","9/3 Post- und Telegraphenamt 72","365208","48,216197 16,356623","Directed","Prag–9/3 Post- und Telegraphenamt 72","1"
"Hotel Waldhaus am See","51935","46,49703 9,84903","St. Moritz","44374","46,49937 9,84327","Directed","Hotel Waldhaus am See–St. Moritz","2"
"St. Moritz","44374","46,49937 9,84327","Brijuni","45260","44,91417 13,76222","Directed","St. Moritz–Brijuni","1"
"Passauerstraße 37","365593","52,50105537898337 13,339962447891704","Berlin","168","52,52437 13,41053","Directed","Passauerstraße 37–Berlin","1"
"Graz","860","47,06667 15,43333","Post- und Telegraphenamt Graz Murvorstadt","365616","47,070893 15,428903","Directed","Graz–Post- und Telegraphenamt Graz Murvorstadt","2"
"Post- und Telegraphenamt Graz Murvorstadt","365616","47,070893 15,428903","Tiefer Graben 23","207296","48,213038 16,368738","Directed","Post- und Telegraphenamt Graz Murvorstadt–Tiefer Graben 23","1"
"Edmund-Weiß-Gasse 7","168940","48,2304 16,33472","Hofmannsthal-Schlössl","40297","48,133611 16,255556","Directed","Edmund-Weiß-Gasse 7–Hofmannsthal-Schlössl","1"
"Edmund-Weiß-Gasse 7","168940","48,2304 16,33472","10/2 Post- und Telegraphenamt 76","365402","48,18666 16,37984","Directed","Edmund-Weiß-Gasse 7–10/2 Post- und Telegraphenamt 76","1"
"10/2 Post- und Telegraphenamt 76","365402","48,18666 16,37984","1/1 Telegraphen-Central-Station C.R.","290824","48,2139 16,3665","Directed","10/2 Post- und Telegraphenamt 76–1/1 Telegraphen-Central-Station C.R.","1"
"Höhlenstein","758","46,641944 12,2322","Höhlenstein","758","46,641944 12,2322","Directed","Höhlenstein–Höhlenstein","3"
"Höhlenstein","758","46,641944 12,2322","Edlach an der Rax","470","47,69255 15,80915","Directed","Höhlenstein–Edlach an der Rax","3"
"Welsberg-Taisten","428","46,75774 12,10556","Velden am Wörthersee","909","46,61901 14,03129","Directed","Welsberg-Taisten–Velden am Wörthersee","1"
"13/5 Post- und Telegraphenamt 100","365604","48,202658 16,257424","12/1 Post- und Telegraphenamt 82","365607","48,18272 16,329538","Directed","13/5 Post- und Telegraphenamt 100–12/1 Post- und Telegraphenamt 82","2"
"12/1 Post- und Telegraphenamt 82","365607","48,18272 16,329538","18/1 Post- und Telegraphenamt 111","365226","48,230794 16,344569","Directed","12/1 Post- und Telegraphenamt 82–18/1 Post- und Telegraphenamt 111","1"
"Wohnung und Ordination Arthur Schnitzler Grillparzerstraße 7/3. Stock","167782","48,212477 16,357233","8/1 Post- und Telegraphenamt 64","365450","48,210695 16,351186","Directed","Wohnung und Ordination Arthur Schnitzler Grillparzerstraße 7/3. Stock–8/1 Post- und Telegraphenamt 64","2"
"8/1 Post- und Telegraphenamt 64","365450","48,210695 16,351186","I., Innere Stadt","51","48,20769 16,37049","Directed","8/1 Post- und Telegraphenamt 64–I., Innere Stadt","1"
"9/3 Post- und Telegraphenamt 72","365208","48,216197 16,356623","Altaussee","34401","47,639444 13,763333","Directed","9/3 Post- und Telegraphenamt 72–Altaussee","1"
"18/1 Post- und Telegraphenamt 110","365223","48,22513 16,343276","Gartengasse","52575","47,611587818489916 13,782609825157191","Directed","18/1 Post- und Telegraphenamt 110–Gartengasse","1"
"St. Gilgen","33","47,76667 13,36667","Rodaun","173","48,132793312328 16,256152195922","Directed","St. Gilgen–Rodaun","1"
"Matrei am Brenner","591","47,12852 11,45222","Rodaun","173","48,132793312328 16,256152195922","Directed","Matrei am Brenner–Rodaun","1"
"Florenz","263","43,77925 11,24626","Wien","50","48,208333 16,373056","Directed","Florenz–Wien","1"
"Scuol","63808","46,79671 10,29804","Scuol","63808","46,79671 10,29804","Directed","Scuol–Scuol","1"
"Scuol","63808","46,79671 10,29804","Tiefer Graben 17","207301","48,212284 16,367725","Directed","Scuol–Tiefer Graben 17","1"
"Bad Fusch","305739","47,19939 12,85366","Seis am Schlern","988","46,54133 11,55868","Directed","Bad Fusch–Seis am Schlern","1"
"Wien","50","48,208333 16,373056","Unbekannt","263384","nicht vorhanden","Directed","Wien–Unbekannt","1"
"18/1 Post- und Telegraphenamt 111","365226","48,230794 16,344569","Nussdorfer Straße","1270","48,22921 16,35461","Directed","18/1 Post- und Telegraphenamt 111–Nussdorfer Straße","1"
"1/1 Post- und Telegraphenamt 8","365555","48,214719 16,368323","Meidlinger Hauptstraße 56","365563","48,177598 16,329723","Directed","1/1 Post- und Telegraphenamt 8–Meidlinger Hauptstraße 56","3"
"9/4 Post- und Telegraphenamt 68","365615","48,22611 16,361111","Rodaun","173","48,132793312328 16,256152195922","Directed","9/4 Post- und Telegraphenamt 68–Rodaun","3"
"Solin","453","43,5 16,5","1/1 Post- und Telegraphenamt 1","365214","48,209928 16,379065","Directed","Solin–1/1 Post- und Telegraphenamt 1","1"
"3/1 Post- und Telegraphenamt 40","365294","48,203159 16,38967","1/1 Post- und Telegraphenamt 1","365214","48,209928 16,379065","Directed","3/1 Post- und Telegraphenamt 40–1/1 Post- und Telegraphenamt 1","1"
"Lindau am Bodensee","986","47,54612 9,68431","Bahnhof Lindau am Bodensee","853","47,54441 9,68076","Directed","Lindau am Bodensee–Bahnhof Lindau am Bodensee","1"
"Bahnhof Lindau am Bodensee","853","47,54441 9,68076","Edmund-Weiß-Gasse 7","168940","48,2304 16,33472","Directed","Bahnhof Lindau am Bodensee–Edmund-Weiß-Gasse 7","1"
"Ouchy","36464","46,50666 6,62493","Ouchy","36464","46,50666 6,62493","Directed","Ouchy–Ouchy","2"
"Ouchy","36464","46,50666 6,62493","Tiefer Graben 23","207296","48,213038 16,368738","Directed","Ouchy–Tiefer Graben 23","1"
"Mariazell","431","47,77306 15,31639","Sternwartestraße 71","168815","48,23188 16,33716","Directed","Mariazell–Sternwartestraße 71","1"
"Linkstraße 25","364699","52,507 13,37459","Ordination Arthur Schnitzler [Bösendorferstraße 11]","167789","48,2012 16,37188","Directed","Linkstraße 25–Ordination Arthur Schnitzler [Bösendorferstraße 11]","2"
"München","45258","48,13743 11,57549","Salzburg","30","47,80067 13,04532","Directed","München–Salzburg","1"
"Hauptbahnhof Salzburg","50792","47,813139 13,045769","Rodaun","173","48,132793312328 16,256152195922","Directed","Hauptbahnhof Salzburg–Rodaun","1"
"Berlin","168","52,52437 13,41053","I., Innere Stadt","51","48,20769 16,37049","Directed","Berlin–I., Innere Stadt","2"
"Seeboden am Millstättersee","34824","46,818888888889 13,518333","Toblach","987","46,72493 12,22109","Directed","Seeboden am Millstättersee–Toblach","1"
"Toblach","987","46,72493 12,22109","Südbahnhotel [Toblach]","36284","46,723101 12,225656","Directed","Toblach–Südbahnhotel [Toblach]","1"
"Frankfurt am Main","146","50,11552 8,68417","Ordination Arthur Schnitzler [Bösendorferstraße 11]","167789","48,2012 16,37188","Directed","Frankfurt am Main–Ordination Arthur Schnitzler [Bösendorferstraße 11]","1"
"Tiefer Graben 23","207296","48,213038 16,368738","IX., Alsergrund","59","48,22387 16,35641","Directed","Tiefer Graben 23–IX., Alsergrund","1"
"IX., Alsergrund","59","48,22387 16,35641","IX., Alsergrund","59","48,22387 16,35641","Directed","IX., Alsergrund–IX., Alsergrund","1"
"Lugano","885","46,01008 8,96004","Bahnhof Lugano","844","46,0035 8,9479","Directed","Lugano–Bahnhof Lugano","1"
"Bahnhof Lugano","844","46,0035 8,9479","Haus Bahr","207274","48,186771 16,261305","Directed","Bahnhof Lugano–Haus Bahr","1"
"Szklarska Poręba","34528","50,82567 15,52274","Wien","50","48,208333 16,373056","Directed","Szklarska Poręba–Wien","1"
"Gerngroß","183","48,199904627721 16,354007973149","Wien","50","48,208333 16,373056","Directed","Gerngroß–Wien","1"
"Postamt Salzburg Stadt","365625","47,797964 13,047662","9/2 Post- und Telegraphenamt 71","365211","48,218574 16,35084","Directed","Postamt Salzburg Stadt–9/2 Post- und Telegraphenamt 71","1"
"Tiefer Graben 23","207296","48,213038 16,368738","Bad Ischl","213","47,71109 13,61893","Directed","Tiefer Graben 23–Bad Ischl","4"
"Bad Aussee","415","47,60998 13,78243","Ordination Arthur Schnitzler [Bösendorferstraße 11]","167789","48,2012 16,37188","Directed","Bad Aussee–Ordination Arthur Schnitzler [Bösendorferstraße 11]","2"
"Brenner","608","47,00528 11,50836","Wien","50","48,208333 16,373056","Directed","Brenner–Wien","1"
"Kaliningrad","304404","54,733333 20,483333","Tschernyschewskoje","138","54,63889 22,73306","Directed","Kaliningrad–Tschernyschewskoje","1"
"Tschernyschewskoje","138","54,63889 22,73306","Edmund-Weiß-Gasse 7","168940","48,2304 16,33472","Directed","Tschernyschewskoje–Edmund-Weiß-Gasse 7","1"
"Hotel Goldenes Horn","93043","47,799899 13,041523","Postamt Salzburg Stadt","365625","47,797964 13,047662","Directed","Hotel Goldenes Horn–Postamt Salzburg Stadt","1"
"Wien","50","48,208333 16,373056","1/1 Post- und Telegraphenamt 11","365284","48,207483 16,368355","Directed","Wien–1/1 Post- und Telegraphenamt 11","3"
"1/1 Post- und Telegraphenamt 11","365284","48,207483 16,368355","18/1 Post- und Telegraphenamt 111","365226","48,230794 16,344569","Directed","1/1 Post- und Telegraphenamt 11–18/1 Post- und Telegraphenamt 111","3"
"Opatija","38096","45,33771 14,30515","Wien","50","48,208333 16,373056","Directed","Opatija–Wien","1"
"Wien","50","48,208333 16,373056","1/1 Telegraphen-Central-Station C.R.","365357","48,2139 16,3665","Directed","Wien–1/1 Telegraphen-Central-Station C.R.","3"
"St. Anton am Arlberg","212","47,1275 10,26372","13/7 Post- und Telegraphenamt 94","365275","48,187928 16,266541","Directed","St. Anton am Arlberg–13/7 Post- und Telegraphenamt 94","1"
"Hamburg","506","53,55055 9,993333","Wien","50","48,208333 16,373056","Directed","Hamburg–Wien","3"
"Wien","50","48,208333 16,373056","Brijuni","45260","44,91417 13,76222","Directed","Wien–Brijuni","1"
"Berghaus Moserboden","90148","47,16667 12,71667","Alpenhaus Kesselfall","40435","47,216326 12,726278","Directed","Berghaus Moserboden–Alpenhaus Kesselfall","1"
"Alpenhaus Kesselfall","40435","47,216326 12,726278","1/1 Post- und Telegraphenamt 1","365214","48,209928 16,379065","Directed","Alpenhaus Kesselfall–1/1 Post- und Telegraphenamt 1","1"
"Wien","50","48,208333 16,373056","Hotel Hammerand","585","48,2123639 16,3534843","Directed","Wien–Hotel Hammerand","1"
"Sternwartestraße 71","168815","48,23188 16,33716","Menton","36456","43,77649 7,50435","Directed","Sternwartestraße 71–Menton","1"
"München","45258","48,13743 11,57549","Glaspalast","497","48,142331 11,564675","Directed","München–Glaspalast","1"
"Glaspalast","497","48,142331 11,564675","Edmund-Weiß-Gasse 7","168940","48,2304 16,33472","Directed","Glaspalast–Edmund-Weiß-Gasse 7","1"
"Znojmo","33976","48,85024 16,04869","Wien","50","48,208333 16,373056","Directed","Znojmo–Wien","1"
"Dubrovnik","682","42,64807 18,09216","Rijeka","44246","45,32673 14,44241","Directed","Dubrovnik–Rijeka","1"
"Rijeka","44246","45,32673 14,44241","Rodaun","173","48,132793312328 16,256152195922","Directed","Rijeka–Rodaun","1"
"St. Gilgen","33","47,76667 13,36667","Tiefer Graben 23","207296","48,213038 16,368738","Directed","St. Gilgen–Tiefer Graben 23","1"
"Hotel Royal","1101","48,2078844 16,3723234","1/1 Post- und Telegraphenamt 1","365214","48,209928 16,379065","Directed","Hotel Royal–1/1 Post- und Telegraphenamt 1","3"
"Sand in Taufers","46965","46,90844 11,96036","Sand in Taufers","46965","46,90844 11,96036","Directed","Sand in Taufers–Sand in Taufers","1"
"Sand in Taufers","46965","46,90844 11,96036","Pörtschach am Wörthersee","44278","46,635556 14,1425","Directed","Sand in Taufers–Pörtschach am Wörthersee","1"
"Atlantischer Ozean","12376","7,0 -31,0","New York City","44053","40,71427 -74,00597","Directed","Atlantischer Ozean–New York City","1"
"New York City","44053","40,71427 -74,00597","Sternwartestraße 71","168815","48,23188 16,33716","Directed","New York City–Sternwartestraße 71","1"
"Porzellangasse 45","231945","48,223406 16,361349","1/1 Post- und Telegraphenamt 6","365459","48,213955 16,366048","Directed","Porzellangasse 45–1/1 Post- und Telegraphenamt 6","1"
"1/1 Post- und Telegraphenamt 6","365459","48,213955 16,366048","18/1 Post- und Telegraphenamt 110","365223","48,22513 16,343276","Directed","1/1 Post- und Telegraphenamt 6–18/1 Post- und Telegraphenamt 110","2"
"Schruns","38711","47,06667 9,91667","Schruns","38711","47,06667 9,91667","Directed","Schruns–Schruns","1"
"Schruns","38711","47,06667 9,91667","1/1 Post- und Telegraphenamt 1","365214","48,209928 16,379065","Directed","Schruns–1/1 Post- und Telegraphenamt 1","1"
"Weißenbach am Attersee","34344","47,8004 13,5358","Lunz am See","941","47,8612 15,02998","Directed","Weißenbach am Attersee–Lunz am See","1"
"Lunz am See","941","47,8612 15,02998","Sternwartestraße 71","168815","48,23188 16,33716","Directed","Lunz am See–Sternwartestraße 71","1"
"Wien","50","48,208333 16,373056","Marienbad","772","49,964444 12,701944","Directed","Wien–Marienbad","2"
"Hörlgasse 16","199347","48,217035 16,363578","1/1 Telegraphen-Central-Station C.R.","290824","48,2139 16,3665","Directed","Hörlgasse 16–1/1 Telegraphen-Central-Station C.R.","1"
"1/1 Telegraphen-Central-Station C.R.","290824","48,2139 16,3665","9/2 Post- und Telegraphenamt 71","365211","48,218574 16,35084","Directed","1/1 Telegraphen-Central-Station C.R.–9/2 Post- und Telegraphenamt 71","2"
"Shanghai","37885","31,22222 121,45806","Salzburg","30","47,80067 13,04532","Directed","Shanghai–Salzburg","1"
"5, rue de Maubeuge","592","48,876475 2,340852","51 Bureau de poste La Fayette, 35","365463","48,874596 2,338465","Directed","5, rue de Maubeuge–51 Bureau de poste La Fayette, 35","3"
"51 Bureau de poste La Fayette, 35","365463","48,874596 2,338465","1/1 Post- und Telegraphenamt 1","365214","48,209928 16,379065","Directed","51 Bureau de poste La Fayette, 35–1/1 Post- und Telegraphenamt 1","3"
"Ordination Arthur Schnitzler [Bösendorferstraße 11]","167789","48,2012 16,37188","Burgtheater","14","48,210333 16,361139","Directed","Ordination Arthur Schnitzler [Bösendorferstraße 11]–Burgtheater","1"
"Hotel St. Gotthard Luzern","200956","47,050286 8,30899","Luzern","967","47,05048 8,30635","Directed","Hotel St. Gotthard Luzern–Luzern","1"
"Luzern","967","47,05048 8,30635","I., Innere Stadt","51","48,20769 16,37049","Directed","Luzern–I., Innere Stadt","1"
"Wien","50","48,208333 16,373056","3/1 Post- und Telegraphenamt 44","365503","48,198942451702166 16,400327611202457","Directed","Wien–3/1 Post- und Telegraphenamt 44","1"
"3/1 Post- und Telegraphenamt 44","365503","48,198942451702166 16,400327611202457","Bad Ischl","213","47,71109 13,61893","Directed","3/1 Post- und Telegraphenamt 44–Bad Ischl","1"
"Santa Maria Elisabetta","843","45,41748 12,36861","Edmund-Weiß-Gasse 7","168940","48,2304 16,33472","Directed","Santa Maria Elisabetta–Edmund-Weiß-Gasse 7","2"
"Florenz","263","43,77925 11,24626","9/3 Post- und Telegraphenamt 72","365208","48,216197 16,356623","Directed","Florenz–9/3 Post- und Telegraphenamt 72","1"
"Seeboden am Millstättersee","34824","46,818888888889 13,518333","Bad Ischl","213","47,71109 13,61893","Directed","Seeboden am Millstättersee–Bad Ischl","2"
"Poschingerstraße","1213","48,15353 11,6038","München","45258","48,13743 11,57549","Directed","Poschingerstraße–München","1"
"IX., Alsergrund","59","48,22387 16,35641","1/1 Post- und Telegraphenamt 1","365214","48,209928 16,379065","Directed","IX., Alsergrund–1/1 Post- und Telegraphenamt 1","1"
"Eglmoosgasse 22","364910","47,712155 13,616607","Frankgasse 1","168934","48,21533 16,35736","Directed","Eglmoosgasse 22–Frankgasse 1","1"
"1/1 Post- und Telegraphenamt 1","365214","48,209928 16,379065","Znaim","33978","48,8555 16,0488","Directed","1/1 Post- und Telegraphenamt 1–Znaim","1"
"Bad Ischl","213","47,71109 13,61893","Paris","182","48,85341 2,3488","Directed","Bad Ischl–Paris","1"
"Venedig","462","45,43713 12,33265","Ordination Arthur Schnitzler [Bösendorferstraße 11]","167789","48,2012 16,37188","Directed","Venedig–Ordination Arthur Schnitzler [Bösendorferstraße 11]","1"
"Brijuni","45260","44,91417 13,76222","Venedig","462","45,43713 12,33265","Directed","Brijuni–Venedig","2"
"Marienlyst","959","56,042028 12,601917","Kurhotellet","41010","56,044988 12,603924","Directed","Marienlyst–Kurhotellet","1"
"Menton","36456","43,77649 7,50435","Tiefer Graben 23","207296","48,213038 16,368738","Directed","Menton–Tiefer Graben 23","2"
"Hotel Neuhauser","40154","49,19294 16,61001","Ordination Arthur Schnitzler [Bösendorferstraße 11]","167789","48,2012 16,37188","Directed","Hotel Neuhauser–Ordination Arthur Schnitzler [Bösendorferstraße 11]","2"
"Pegli","41022","44,42445 8,81213","Pegli","41022","44,42445 8,81213","Directed","Pegli–Pegli","2"
"Pegli","41022","44,42445 8,81213","9/3 Post- und Telegraphenamt 72","365208","48,216197 16,356623","Directed","Pegli–9/3 Post- und Telegraphenamt 72","1"
"Oslo","36296","59,91273 10,74609","Oslo","36296","59,91273 10,74609","Directed","Oslo–Oslo","2"
"Oslo","36296","59,91273 10,74609","Kopenhagen","36300","55,67594 12,56553","Directed","Oslo–Kopenhagen","2"
"Tarvisio","43059","46,50567 13,58689","Villa Platzer","40788","46,8105 13,515","Directed","Tarvisio–Villa Platzer","1"
"Unterach am Attersee","877","47,80494 13,48728","Semmering","189","47,64224 15,8241","Directed","Unterach am Attersee–Semmering","1"
"18/1 Post- und Telegraphenamt 111","365226","48,230794 16,344569","Sternwartestraße 71","168815","48,23188 16,33716","Directed","18/1 Post- und Telegraphenamt 111–Sternwartestraße 71","3"
"St. Johann in Tirol","40127","47,52332 12,42326","Bad Ischl","213","47,71109 13,61893","Directed","St. Johann in Tirol–Bad Ischl","1"
"Villa Kupferschmied","43462","47,705435 13,626622","Wien","50","48,208333 16,373056","Directed","Villa Kupferschmied–Wien","1"
"Hôtel Dürrenstein","147834","46,6533632 12,18012515","Höhlenstein","758","46,641944 12,2322","Directed","Hôtel Dürrenstein–Höhlenstein","1"
"Hotel und Pension Rudolfshöhe (Leopold Petter)","414","47,706537 13,609575","Tiefer Graben 23","207296","48,213038 16,368738","Directed","Hotel und Pension Rudolfshöhe (Leopold Petter)–Tiefer Graben 23","1"
"Bad Ischl","213","47,71109 13,61893","Opernring","717","48,202859933076 16,366977055984","Directed","Bad Ischl–Opernring","1"
"Opernring","717","48,202859933076 16,366977055984","Ordination Arthur Schnitzler [Bösendorferstraße 11]","167789","48,2012 16,37188","Directed","Opernring–Ordination Arthur Schnitzler [Bösendorferstraße 11]","1"
"XVIII., Währing","68","48,23333 16,31667","Pension Wiener Heim","334003","nicht vorhanden","Directed","XVIII., Währing–Pension Wiener Heim","1"
"Pension Wiener Heim","334003","nicht vorhanden","Pension Wiener Heim","334003","nicht vorhanden","Directed","Pension Wiener Heim–Pension Wiener Heim","1"
"Hotel Quirinale","769","41,90163 12,49484","Hotel Quirinale","769","41,90163 12,49484","Directed","Hotel Quirinale–Hotel Quirinale","1"
"Hotel Quirinale","769","41,90163 12,49484","Roma Termini","148287","41,900648 12,501755","Directed","Hotel Quirinale–Roma Termini","1"
"Tiefer Graben 23","207296","48,213038 16,368738","Kopenhagen","36300","55,67594 12,56553","Directed","Tiefer Graben 23–Kopenhagen","1"
"Berlin","168","52,52437 13,41053","Bad Ischl","213","47,71109 13,61893","Directed","Berlin–Bad Ischl","2"
"3/3 Post- und Telegraphenamt 49","365229","48,198051 16,380626","1/1 Post- und Telegraphenamt 1","365214","48,209928 16,379065","Directed","3/3 Post- und Telegraphenamt 49–1/1 Post- und Telegraphenamt 1","1"
"Puchberg am Schneeberg","48761","47,78709 15,91352","Frankgasse 1","168934","48,21533 16,35736","Directed","Puchberg am Schneeberg–Frankgasse 1","1"
"Leipzig","864","51,33962 12,37129","Leipzig","864","51,33962 12,37129","Directed","Leipzig–Leipzig","2"
"Leipzig","864","51,33962 12,37129","I., Innere Stadt","51","48,20769 16,37049","Directed","Leipzig–I., Innere Stadt","1"
"I., Innere Stadt","51","48,20769 16,37049","Wohnung und Ordination Arthur Schnitzler Grillparzerstraße 7/3. Stock","167782","48,212477 16,357233","Directed","I., Innere Stadt–Wohnung und Ordination Arthur Schnitzler Grillparzerstraße 7/3. Stock","2"
"Wien","50","48,208333 16,373056","Wipplingerstraße","120","48,213598341107 16,368419109635","Directed","Wien–Wipplingerstraße","1"
"Wipplingerstraße","120","48,213598341107 16,368419109635","1/1 Post- und Telegraphenamt 1","365214","48,209928 16,379065","Directed","Wipplingerstraße–1/1 Post- und Telegraphenamt 1","1"
"Szklarska Poręba","34528","50,82567 15,52274","Szklarska Poręba","34528","50,82567 15,52274","Directed","Szklarska Poręba–Szklarska Poręba","1"
"Szklarska Poręba","34528","50,82567 15,52274","9/3 Post- und Telegraphenamt 72","365208","48,216197 16,356623","Directed","Szklarska Poręba–9/3 Post- und Telegraphenamt 72","1"
"Algier","43991","36,73225 3,08746","Algier","43991","36,73225 3,08746","Directed","Algier–Algier","1"
"Algier","43991","36,73225 3,08746","Tiefer Graben 17","207301","48,212284 16,367725","Directed","Algier–Tiefer Graben 17","1"
"München","45258","48,13743 11,57549","Tiefer Graben 23","207296","48,213038 16,368738","Directed","München–Tiefer Graben 23","1"
"Breitenstein am Semmering","36503","47,65949 15,82151","Wien","50","48,208333 16,373056","Directed","Breitenstein am Semmering–Wien","2"
"Salzburg","30","47,80067 13,04532","München","45258","48,13743 11,57549","Directed","Salzburg–München","1"
"Wien","50","48,208333 16,373056","9/4 Post- und Telegraphenamt 68","365615","48,22611 16,361111","Directed","Wien–9/4 Post- und Telegraphenamt 68","1"
"Gilleleje","44252","56,12196 12,31056","Gilleleje","44252","56,12196 12,31056","Directed","Gilleleje–Gilleleje","1"
"Gilleleje","44252","56,12196 12,31056","Tiefer Graben 17","207301","48,212284 16,367725","Directed","Gilleleje–Tiefer Graben 17","1"
"18/1 Post- und Telegraphenamt 110","365223","48,22513 16,343276","9/3 Post- und Telegraphenamt 72","365208","48,216197 16,356623","Directed","18/1 Post- und Telegraphenamt 110–9/3 Post- und Telegraphenamt 72","1"
"9/3 Post- und Telegraphenamt 72","365208","48,216197 16,356623","Schwarzspanierhof","341379","48,217480113263235 16,35709019873894","Directed","9/3 Post- und Telegraphenamt 72–Schwarzspanierhof","1"
"Wien","50","48,208333 16,373056","9/1 Post- und Telegraphenamt 66","365266","48,219619 16,3617","Directed","Wien–9/1 Post- und Telegraphenamt 66","2"
"9/1 Post- und Telegraphenamt 66","365266","48,219619 16,3617","Pörtschach am Wörthersee","44278","46,635556 14,1425","Directed","9/1 Post- und Telegraphenamt 66–Pörtschach am Wörthersee","1"
"1/1 Post- und Telegraphenamt 8","365555","48,214719 16,368323","Caux","90460","46,43241 6,93855","Directed","1/1 Post- und Telegraphenamt 8–Caux","1"
"Otto-Wagner-Spital","153","48,20875 16,27962","Seidlgasse 23","365290","48,206448 16,389944","Directed","Otto-Wagner-Spital–Seidlgasse 23","1"
"Sternwartestraße 71","168815","48,23188 16,33716","15/1 Post- und Telegraphenamt 101","365506","48,196203 16,337636","Directed","Sternwartestraße 71–15/1 Post- und Telegraphenamt 101","2"
"15/1 Post- und Telegraphenamt 101","365506","48,196203 16,337636","1/1 Telegraphen-Central-Station C.R.","290824","48,2139 16,3665","Directed","15/1 Post- und Telegraphenamt 101–1/1 Telegraphen-Central-Station C.R.","1"
"1/1 Telegramm- und Rohrpostamt 2","365269","48,210441 16,378488","Tiefer Graben 23","207296","48,213038 16,368738","Directed","1/1 Telegramm- und Rohrpostamt 2–Tiefer Graben 23","1"
"Paris","182","48,85341 2,3488","London","224","51,50853 -0,12574","Directed","Paris–London","3"
"Edlach an der Rax","470","47,69255 15,80915","Hasenauerstraße 59","235251","48,23365 16,33494","Directed","Edlach an der Rax–Hasenauerstraße 59","2"
"Tuchlauben 7","339370","48,2100754 16,3695082","Ordination Arthur Schnitzler [Bösendorferstraße 11]","167789","48,2012 16,37188","Directed","Tuchlauben 7–Ordination Arthur Schnitzler [Bösendorferstraße 11]","1"
"Riva del Garda","465","45,88576 10,84118","Madonna di Campiglio","427","46,22671 10,82582","Directed","Riva del Garda–Madonna di Campiglio","1"
"Berlin","168","52,52437 13,41053","Jagniątków","735","50,816944 15,609444","Directed","Berlin–Jagniątków","1"
"Reichenau an der Rax","483","47,7 15,83333","1/1 Post- und Telegraphenamt 1","365214","48,209928 16,379065","Directed","Reichenau an der Rax–1/1 Post- und Telegraphenamt 1","2"
"Strobl","895","47,71667 13,48333","Strobl","895","47,71667 13,48333","Directed","Strobl–Strobl","2"
"Strobl","895","47,71667 13,48333","Pontresina","34946","46,4955 9,90126","Directed","Strobl–Pontresina","1"
"Pontresina","34946","46,4955 9,90126","Pontresina","34946","46,4955 9,90126","Directed","Pontresina–Pontresina","3"
"Paris","182","48,85341 2,3488","place de la Bourse","87780","48,8657 2,3414","Directed","Paris–place de la Bourse","3"
"place de la Bourse","87780","48,8657 2,3414","9/3 Post- und Telegraphenamt 72","365208","48,216197 16,356623","Directed","place de la Bourse–9/3 Post- und Telegraphenamt 72","3"
"Pörtschach am Wörthersee","44278","46,635556 14,1425","Wien","50","48,208333 16,373056","Directed","Pörtschach am Wörthersee–Wien","2"
"18/1 Post- und Telegraphenamt 111","365226","48,230794 16,344569","Meidlinger Hauptstraße 56","365563","48,177598 16,329723","Directed","18/1 Post- und Telegraphenamt 111–Meidlinger Hauptstraße 56","2"
"Fredensborg","51762","55,97558 12,40314","Fredensborg","51762","55,97558 12,40314","Directed","Fredensborg–Fredensborg","1"
"Fredensborg","51762","55,97558 12,40314","Rodaun","173","48,132793312328 16,256152195922","Directed","Fredensborg–Rodaun","1"
"Hotel Alpenrose [Hohenschwangau]","248986","47,553369 10,736035","Hohenschwangau","90895","47,55631 10,74085","Directed","Hotel Alpenrose [Hohenschwangau]–Hohenschwangau","1"
"Hohenschwangau","90895","47,55631 10,74085","Tiefer Graben 17","207301","48,212284 16,367725","Directed","Hohenschwangau–Tiefer Graben 17","1"
"Sternwartestraße 71","168815","48,23188 16,33716","9/4 Post- und Telegraphenamt 68","365615","48,22611 16,361111","Directed","Sternwartestraße 71–9/4 Post- und Telegraphenamt 68","6"
"9/4 Post- und Telegraphenamt 68","365615","48,22611 16,361111","Paschinger Schlössl","253003","47,8027 13,0478","Directed","9/4 Post- und Telegraphenamt 68–Paschinger Schlössl","1"
"München","45258","48,13743 11,57549","Edmund-Weiß-Gasse 7","168940","48,2304 16,33472","Directed","München–Edmund-Weiß-Gasse 7","2"
"Westerwede","258929","53,19852 8,92013","Wien","50","48,208333 16,373056","Directed","Westerwede–Wien","3"
"Wien","50","48,208333 16,373056","St. Anton am Arlberg","212","47,1275 10,26372","Directed","Wien–St. Anton am Arlberg","1"
"Villach","40454","46,61254 13,8529","Wien","50","48,208333 16,373056","Directed","Villach–Wien","1"
"Tiefer Graben 23","207296","48,213038 16,368738","1/1 Post- und Telegraphenamt 8","365555","48,214719 16,368323","Directed","Tiefer Graben 23–1/1 Post- und Telegraphenamt 8","3"
"1/1 Post- und Telegraphenamt 8","365555","48,214719 16,368323","Wildbad Waldbrunn","723","46,751211 12,101269","Directed","1/1 Post- und Telegraphenamt 8–Wildbad Waldbrunn","1"
"9/4 Post- und Telegraphenamt 68","365615","48,22611 16,361111","Mozartgasse 4","244901","48,195232 16,367759","Directed","9/4 Post- und Telegraphenamt 68–Mozartgasse 4","1"
"Wuppertal","989","51,25627 7,14816","Frankfurt am Main","146","50,11552 8,68417","Directed","Wuppertal–Frankfurt am Main","1"
"Frankfurt am Main","146","50,11552 8,68417","Sternwartestraße 71","168815","48,23188 16,33716","Directed","Frankfurt am Main–Sternwartestraße 71","1"
"1/1 Post- und Telegraphenamt 11","365284","48,207483 16,368355","1/1 Post- und Telegraphenamt 1","365214","48,209928 16,379065","Directed","1/1 Post- und Telegraphenamt 11–1/1 Post- und Telegraphenamt 1","1"
"Südbahnhotel [Toblach]","36284","46,723101 12,225656","Bahnhof Toblach","255621","46,7248 12,2256","Directed","Südbahnhotel [Toblach]–Bahnhof Toblach","1"
"Bahnhof Toblach","255621","46,7248 12,2256","Seeboden am Millstättersee","34824","46,818888888889 13,518333","Directed","Bahnhof Toblach–Seeboden am Millstättersee","1"
"Hotel am See","106","47,6417 13,77189","Altaussee","34401","47,639444 13,763333","Directed","Hotel am See–Altaussee","1"
"Altaussee","34401","47,639444 13,763333","Mallnitz","53548","46,99173 13,1678","Directed","Altaussee–Mallnitz","1"
"1/1 Post- und Telegraphenamt 1","365214","48,209928 16,379065","3/1 Post- und Telegraphenamt 40","365294","48,203159 16,38967","Directed","1/1 Post- und Telegraphenamt 1–3/1 Post- und Telegraphenamt 40","1"
"Schüttelstraße 31","231967","48,207773 16,397985","Frankgasse 1","168934","48,21533 16,35736","Directed","Schüttelstraße 31–Frankgasse 1","5"
"Sládkovičovo","44686","48,203056 17,646944","Sládkovičovo","44686","48,203056 17,646944","Directed","Sládkovičovo–Sládkovičovo","1"
"Sládkovičovo","44686","48,203056 17,646944","Edmund-Weiß-Gasse 7","168940","48,2304 16,33472","Directed","Sládkovičovo–Edmund-Weiß-Gasse 7","1"
"15/1 Post- und Telegraphenamt 101","365506","48,196203 16,337636","Meidlinger Hauptstraße 56","365563","48,177598 16,329723","Directed","15/1 Post- und Telegraphenamt 101–Meidlinger Hauptstraße 56","1"
"Meidlinger Hauptstraße 56","365563","48,177598 16,329723","Gutenstein","1036","47,875833333333 15,889166666667","Directed","Meidlinger Hauptstraße 56–Gutenstein","1"
"Gutenstein","1036","47,875833333333 15,889166666667","Erholungsheim der Bundesbeamten","1263","nicht vorhanden","Directed","Gutenstein–Erholungsheim der Bundesbeamten","1"
"Yokohama","53977","35,43333 139,65","Wien","50","48,208333 16,373056","Directed","Yokohama–Wien","1"
"Seeboden am Millstättersee","34824","46,818888888889 13,518333","9/3 Post- und Telegraphenamt 72","365208","48,216197 16,356623","Directed","Seeboden am Millstättersee–9/3 Post- und Telegraphenamt 72","2"
"Bad Gastein","521","47,11547 13,13467","Steindorf am Ossiacher See","34860","46,6992 13,98892","Directed","Bad Gastein–Steindorf am Ossiacher See","1"
"Varese","928","45,82908 8,82193","Varese","928","45,82908 8,82193","Directed","Varese–Varese","1"
"Varese","928","45,82908 8,82193","9/3 Post- und Telegraphenamt 72","365208","48,216197 16,356623","Directed","Varese–9/3 Post- und Telegraphenamt 72","1"
"Hodonín","49823","48,84893 17,13244","Bad Ischl","213","47,71109 13,61893","Directed","Hodonín–Bad Ischl","1"
"München","45258","48,13743 11,57549","Eglmoosgasse 22","364910","47,712155 13,616607","Directed","München–Eglmoosgasse 22","1"
"Seis am Schlern","988","46,54133 11,55868","Hasenauerstraße 59","235251","48,23365 16,33494","Directed","Seis am Schlern–Hasenauerstraße 59","1"
"1/1 Post- und Telegraphenamt 15","365220","48,20246 16,370739","18/1 Post- und Telegraphenamt 111","365226","48,230794 16,344569","Directed","1/1 Post- und Telegraphenamt 15–18/1 Post- und Telegraphenamt 111","5"
"Berlin","168","52,52437 13,41053","Rodaun","173","48,132793312328 16,256152195922","Directed","Berlin–Rodaun","2"
"Bad Aussee","415","47,60998 13,78243","18/1 Post- und Telegraphenamt 110","365223","48,22513 16,343276","Directed","Bad Aussee–18/1 Post- und Telegraphenamt 110","3"
"Wien","50","48,208333 16,373056","Frankfurt am Main","146","50,11552 8,68417","Directed","Wien–Frankfurt am Main","1"
"St. Johann im Pongau","996","47,35 13,2","Tschortkiw","45274","49,01701 25,79808","Directed","St. Johann im Pongau–Tschortkiw","1"
"Tschortkiw","45274","49,01701 25,79808","Tschortkiw","45274","49,01701 25,79808","Directed","Tschortkiw–Tschortkiw","1"
"Admont","49312","47,574904 14,460776","1/1 Post- und Telegraphenamt 1","365214","48,209928 16,379065","Directed","Admont–1/1 Post- und Telegraphenamt 1","1"
"Morschach","49170","46,97149 8,64802","Edmund-Weiß-Gasse 7","168940","48,2304 16,33472","Directed","Morschach–Edmund-Weiß-Gasse 7","1"
"Verona Porta Nuova","365444","45,429167 10,982222","Sternwartestraße 71","168815","48,23188 16,33716","Directed","Verona Porta Nuova–Sternwartestraße 71","1"
"Salzburg","30","47,80067 13,04532","Trondheim","40290","63,43049 10,39506","Directed","Salzburg–Trondheim","1"
"Trondheim","40290","63,43049 10,39506","Trondheim","40290","63,43049 10,39506","Directed","Trondheim–Trondheim","2"
"Budapest","43471","47,49835 19,04045","Opatija","38096","45,33771 14,30515","Directed","Budapest–Opatija","1"
"Brügge","36460","51,20892 3,22424","Brügge","36460","51,20892 3,22424","Directed","Brügge–Brügge","1"
"Brügge","36460","51,20892 3,22424","IX., Alsergrund","59","48,22387 16,35641","Directed","Brügge–IX., Alsergrund","1"
"1/1 Post- und Telegraphenamt 1","365214","48,209928 16,379065","Helsingør","726","56,03606 12,6136","Directed","1/1 Post- und Telegraphenamt 1–Helsingør","1"
"Feldafing","53150","47,94602 11,29326","Feldafing","53150","47,94602 11,29326","Directed","Feldafing–Feldafing","1"
"Feldafing","53150","47,94602 11,29326","Tiefer Graben 17","207301","48,212284 16,367725","Directed","Feldafing–Tiefer Graben 17","2"
"9/3 Post- und Telegraphenamt 72","365208","48,216197 16,356623","I., Innere Stadt","51","48,20769 16,37049","Directed","9/3 Post- und Telegraphenamt 72–I., Innere Stadt","1"
"Semmering","189","47,64224 15,8241","Tiefer Graben 17","207301","48,212284 16,367725","Directed","Semmering–Tiefer Graben 17","1"
"Altaussee","34401","47,639444 13,763333","Reichenau an der Rax","483","47,7 15,83333","Directed","Altaussee–Reichenau an der Rax","1"
"Wien","50","48,208333 16,373056","Trondheim","40290","63,43049 10,39506","Directed","Wien–Trondheim","2"
"Ordination Arthur Schnitzler [Bösendorferstraße 11]","167789","48,2012 16,37188","Steinsdorfstraße 7","1231","48,135746 11,588173","Directed","Ordination Arthur Schnitzler [Bösendorferstraße 11]–Steinsdorfstraße 7","1"
"Alpnachstad","36232","46,95317 8,2776","Alpnachstad","36232","46,95317 8,2776","Directed","Alpnachstad–Alpnachstad","1"
"Alpnachstad","36232","46,95317 8,2776","Lugano","885","46,01008 8,96004","Directed","Alpnachstad–Lugano","1"
"Lugano","885","46,01008 8,96004","Hôtel du Parc & Bristol","43055","50,08161 8,24473","Directed","Lugano–Hôtel du Parc & Bristol","1"
"Nürnberg","44172","49,45421 11,07752","Hasenauerstraße 59","235251","48,23365 16,33494","Directed","Nürnberg–Hasenauerstraße 59","1"
"Tegernsee","39752","47,7123 11,7582","Hinterbrühl","75","48,08611 16,24809","Directed","Tegernsee–Hinterbrühl","1"
"Paris","182","48,85341 2,3488","Stockholm","1119","59,325 18,05","Directed","Paris–Stockholm","1"
"Kaltenleutgeben","44102","48,11646 16,19956","Wien","50","48,208333 16,373056","Directed","Kaltenleutgeben–Wien","1"
"9/3 Post- und Telegraphenamt 72","365208","48,216197 16,356623","Schönberg im Stubaital","759","47,18333 11,41667","Directed","9/3 Post- und Telegraphenamt 72–Schönberg im Stubaital","2"
"Innsbruck","867","47,272569 11,389534","Innsbruck","867","47,272569 11,389534","Directed","Innsbruck–Innsbruck","3"
"Innsbruck","867","47,272569 11,389534","1/1 Post- und Telegraphenamt 1","365214","48,209928 16,379065","Directed","Innsbruck–1/1 Post- und Telegraphenamt 1","1"
"Armbrustergasse 6","237626","48,254547 16,355118","1/1 Post- und Telegraphenamt 6","365459","48,213955 16,366048","Directed","Armbrustergasse 6–1/1 Post- und Telegraphenamt 6","2"
"Hasenauerstraße 59","235251","48,23365 16,33494","18/1 Post- und Telegraphenamt 110","365223","48,22513 16,343276","Directed","Hasenauerstraße 59–18/1 Post- und Telegraphenamt 110","2"
"18/1 Post- und Telegraphenamt 110","365223","48,22513 16,343276","Hotel Simson","51937","47,90798 11,27453","Directed","18/1 Post- und Telegraphenamt 110–Hotel Simson","1"
"Wien","50","48,208333 16,373056","London","224","51,50853 -0,12574","Directed","Wien–London","1"
"9/4 Post- und Telegraphenamt 68","365615","48,22611 16,361111","12/1 Post- und Telegraphenamt 82","365607","48,18272 16,329538","Directed","9/4 Post- und Telegraphenamt 68–12/1 Post- und Telegraphenamt 82","1"
"12/1 Post- und Telegraphenamt 82","365607","48,18272 16,329538","Meran Haus","34435","47,61153 13,78588","Directed","12/1 Post- und Telegraphenamt 82–Meran Haus","1"
"Frankgasse 1","168934","48,21533 16,35736","15/1 Post- und Telegraphenamt 101","365506","48,196203 16,337636","Directed","Frankgasse 1–15/1 Post- und Telegraphenamt 101","1"
"15/1 Post- und Telegraphenamt 101","365506","48,196203 16,337636","Postamt Salzburg Stadt","365625","47,797964 13,047662","Directed","15/1 Post- und Telegraphenamt 101–Postamt Salzburg Stadt","1"
"Postamt Salzburg Stadt","365625","47,797964 13,047662","Postamt Salzburg Stadt","365625","47,797964 13,047662","Directed","Postamt Salzburg Stadt–Postamt Salzburg Stadt","2"
"19/2 Post- und Telegraphenamt 119","405258","48,258591 16,366941","Welsberg-Taisten","428","46,75774 12,10556","Directed","19/2 Post- und Telegraphenamt 119–Welsberg-Taisten","1"
"Hotel Bristol Wien","205","48,202791 16,370064","1/1 Post- und Telegraphenamt 15","365220","48,20246 16,370739","Directed","Hotel Bristol Wien–1/1 Post- und Telegraphenamt 15","1"
"1/1 Post- und Telegraphenamt 15","365220","48,20246 16,370739","18/1 Post- und Telegraphenamt 110","365223","48,22513 16,343276","Directed","1/1 Post- und Telegraphenamt 15–18/1 Post- und Telegraphenamt 110","1"
"Strobl","895","47,71667 13,48333","Wien","50","48,208333 16,373056","Directed","Strobl–Wien","2"
"Genua","994","44,40478 8,94439","Genua","994","44,40478 8,94439","Directed","Genua–Genua","3"
"Genua","994","44,40478 8,94439","9/3 Post- und Telegraphenamt 72","365208","48,216197 16,356623","Directed","Genua–9/3 Post- und Telegraphenamt 72","1"
"Reichenau an der Rax","483","47,7 15,83333","Tiefer Graben 23","207296","48,213038 16,368738","Directed","Reichenau an der Rax–Tiefer Graben 23","2"
"Genua","994","44,40478 8,94439","Wien","50","48,208333 16,373056","Directed","Genua–Wien","1"
"Bad Ischl","213","47,71109 13,61893","Hodonín","49823","48,84893 17,13244","Directed","Bad Ischl–Hodonín","1"
"Wollzeile 15 (»Berthahof«)","190427","48,208656 16,375924","1/1 Post- und Telegraphenamt 1","365214","48,209928 16,379065","Directed","Wollzeile 15 (»Berthahof«)–1/1 Post- und Telegraphenamt 1","1"
"Postbestellbezirk 18/1","405253","48,231941 16,335645","Meidlinger Hauptstraße 56","365563","48,177598 16,329723","Directed","Postbestellbezirk 18/1–Meidlinger Hauptstraße 56","2"
"Wollzeile 15 (»Berthahof«)","190427","48,208656 16,375924","Paris","182","48,85341 2,3488","Directed","Wollzeile 15 (»Berthahof«)–Paris","1"
"St. Moritz","44374","46,49937 9,84327","Sternwartestraße 71","168815","48,23188 16,33716","Directed","St. Moritz–Sternwartestraße 71","2"
"Velden am Wörthersee","909","46,61901 14,03129","Wien","50","48,208333 16,373056","Directed","Velden am Wörthersee–Wien","2"
"8/1 Post- und Telegraphenamt 64","365450","48,210695 16,351186","Tiefer Graben 23","207296","48,213038 16,368738","Directed","8/1 Post- und Telegraphenamt 64–Tiefer Graben 23","1"
"Pullach im Isartal","60017","48,06122 11,52148","Wien","50","48,208333 16,373056","Directed","Pullach im Isartal–Wien","1"
"Steindorf am Ossiacher See","34860","46,6992 13,98892","Bad Gastein","521","47,11547 13,13467","Directed","Steindorf am Ossiacher See–Bad Gastein","1"
"Hinterbrühl","75","48,08611 16,24809","Strobl","895","47,71667 13,48333","Directed","Hinterbrühl–Strobl","1"
"Krütznergasse","33993","48,22578 16,34851","XVIII., Währing","68","48,23333 16,31667","Directed","Krütznergasse–XVIII., Währing","1"
"XVIII., Währing","68","48,23333 16,31667","IX., Alsergrund","59","48,22387 16,35641","Directed","XVIII., Währing–IX., Alsergrund","1"
"Salzburg","30","47,80067 13,04532","Tiefer Graben 17","207301","48,212284 16,367725","Directed","Salzburg–Tiefer Graben 17","5"
"Bad Aussee","415","47,60998 13,78243","Hotel und Pension Rudolfshöhe (Leopold Petter)","414","47,706537 13,609575","Directed","Bad Aussee–Hotel und Pension Rudolfshöhe (Leopold Petter)","1"
"Sternwartestraße 71","168815","48,23188 16,33716","IX., Alsergrund","59","48,22387 16,35641","Directed","Sternwartestraße 71–IX., Alsergrund","1"
"IX., Alsergrund","59","48,22387 16,35641","Tiefer Graben 23","207296","48,213038 16,368738","Directed","IX., Alsergrund–Tiefer Graben 23","2"
"Sellajoch","91731","46,50894 11,76241","Selva di Val Gardena","65736","46,55472 11,76038","Directed","Sellajoch–Selva di Val Gardena","1"
"Selva di Val Gardena","65736","46,55472 11,76038","Tiefer Graben 23","207296","48,213038 16,368738","Directed","Selva di Val Gardena–Tiefer Graben 23","1"
"Tiefer Graben 23","207296","48,213038 16,368738","Berlin","168","52,52437 13,41053","Directed","Tiefer Graben 23–Berlin","1"
"4/1 Post- und Telegraphenamt 50","365454","48,195824 16,368253","1/1 Telegramm- und Rohrpostamt 2","365269","48,210441 16,378488","Directed","4/1 Post- und Telegraphenamt 50–1/1 Telegramm- und Rohrpostamt 2","1"
"Florenz","263","43,77925 11,24626","Stazione di Venezia Santa Lucia","850","45,44143 12,32024","Directed","Florenz–Stazione di Venezia Santa Lucia","1"
"Stazione di Venezia Santa Lucia","850","45,44143 12,32024","9/3 Post- und Telegraphenamt 72","365208","48,216197 16,356623","Directed","Stazione di Venezia Santa Lucia–9/3 Post- und Telegraphenamt 72","2"
"Grand Hotel Bauer-Grünwald","310","45,4328 12,336106","Stazione di Venezia Santa Lucia","850","45,44143 12,32024","Directed","Grand Hotel Bauer-Grünwald–Stazione di Venezia Santa Lucia","1"
"Bahnhof-Restauration Eppan Girlan","43206","46,453078 11,268552","Eppan an der Weinstraße","36485","46,45472 11,26178","Directed","Bahnhof-Restauration Eppan Girlan–Eppan an der Weinstraße","1"
"Eppan an der Weinstraße","36485","46,45472 11,26178","9/3 Post- und Telegraphenamt 72","365208","48,216197 16,356623","Directed","Eppan an der Weinstraße–9/3 Post- und Telegraphenamt 72","1"
"Gelbes Meer","118872","35,0 123,0","Wien","50","48,208333 16,373056","Directed","Gelbes Meer–Wien","1"
"1/1 Telegramm- und Rohrpostamt 2","365269","48,210441 16,378488","9/1 Post- und Telegraphenamt 66","365266","48,219619 16,3617","Directed","1/1 Telegramm- und Rohrpostamt 2–9/1 Post- und Telegraphenamt 66","1"
"9/1 Post- und Telegraphenamt 66","365266","48,219619 16,3617","Frankgasse 1","168934","48,21533 16,35736","Directed","9/1 Post- und Telegraphenamt 66–Frankgasse 1","1"
"Wien","50","48,208333 16,373056","Florenz","263","43,77925 11,24626","Directed","Wien–Florenz","2"
"Wohnung und Ordination Johann Schnitzler Burgring 1","168765","48,20334 16,363819","Salesianergasse 12","192623","48,198484 16,380905","Directed","Wohnung und Ordination Johann Schnitzler Burgring 1–Salesianergasse 12","1"
"Seis am Schlern","988","46,54133 11,55868","Berlin","168","52,52437 13,41053","Directed","Seis am Schlern–Berlin","1"
"Hotel Klinger","35066","49,976991 12,70713","Marienbad","772","49,964444 12,701944","Directed","Hotel Klinger–Marienbad","2"
"Marienbad","772","49,964444 12,701944","9/3 Post- und Telegraphenamt 72","365208","48,216197 16,356623","Directed","Marienbad–9/3 Post- und Telegraphenamt 72","1"
"Yantai","118678","37,4725 121,45042","Yantai","118678","37,4725 121,45042","Directed","Yantai–Yantai","1"
"Yantai","118678","37,4725 121,45042","Shanghai","37885","31,22222 121,45806","Directed","Yantai–Shanghai","1"
"Lofoten","91161","68,333056 14,666389","Tromsø","42542","69,6489 18,95508","Directed","Lofoten–Tromsø","1"
"Tromsø","42542","69,6489 18,95508","1/1 Post- und Telegraphenamt 1","365214","48,209928 16,379065","Directed","Tromsø–1/1 Post- und Telegraphenamt 1","1"
"Wien","50","48,208333 16,373056","Andorf","1248","48,3713 13,57412","Directed","Wien–Andorf","1"
"Bad Ischl","213","47,71109 13,61893","Brixen","43040","46,71503 11,65598","Directed","Bad Ischl–Brixen","1"
"Brixen","43040","46,71503 11,65598","Vahrn","946","46,73901 11,63749","Directed","Brixen–Vahrn","1"
"Territet","52051","46,42863 6,92122","Wien","50","48,208333 16,373056","Directed","Territet–Wien","1"
"Wien","50","48,208333 16,373056","New York City","44053","40,71427 -74,00597","Directed","Wien–New York City","1"
"Strobl","895","47,71667 13,48333","Ordination Arthur Schnitzler [Bösendorferstraße 11]","167789","48,2012 16,37188","Directed","Strobl–Ordination Arthur Schnitzler [Bösendorferstraße 11]","1"
"Edmund-Weiß-Gasse 7","168940","48,2304 16,33472","IX., Alsergrund","59","48,22387 16,35641","Directed","Edmund-Weiß-Gasse 7–IX., Alsergrund","1"
"Ancona","44521","43,5942 13,50337","1/1 Post- und Telegraphenamt 1","365214","48,209928 16,379065","Directed","Ancona–1/1 Post- und Telegraphenamt 1","1"
"Venedig","462","45,43713 12,33265","Edmund-Weiß-Gasse 7","168940","48,2304 16,33472","Directed","Venedig–Edmund-Weiß-Gasse 7","3"
"Wien","50","48,208333 16,373056","Kochgasse 8","249577","48,212327 16,349717","Directed","Wien–Kochgasse 8","1"
"Edlach an der Rax","470","47,69255 15,80915","Wien","50","48,208333 16,373056","Directed","Edlach an der Rax–Wien","1"
"Karlovy Vary","842","50,23271 12,87117","Tiefer Graben 23","207296","48,213038 16,368738","Directed","Karlovy Vary–Tiefer Graben 23","1"
"Ordination Arthur Schnitzler [Bösendorferstraße 11]","167789","48,2012 16,37188","Bad Aussee","415","47,60998 13,78243","Directed","Ordination Arthur Schnitzler [Bösendorferstraße 11]–Bad Aussee","1"
"Torbole sul Garda","40294","45,86951 10,87561","Wien","50","48,208333 16,373056","Directed","Torbole sul Garda–Wien","1"
"Berlin","168","52,52437 13,41053","Deutsches Theater Berlin","3","52,524444 13,382222","Directed","Berlin–Deutsches Theater Berlin","2"
"Kurhotellet","41010","56,044988 12,603924","Helsingør","726","56,03606 12,6136","Directed","Kurhotellet–Helsingør","3"
"Helsingør","726","56,03606 12,6136","Willergasse 2","231810","48,139276 16,257741","Directed","Helsingør–Willergasse 2","1"
"Cortina d’Ampezzo","34199","46,5369 12,13903","Cortina d’Ampezzo","34199","46,5369 12,13903","Directed","Cortina d’Ampezzo–Cortina d’Ampezzo","3"
"Cortina d’Ampezzo","34199","46,5369 12,13903","Welsberg-Taisten","428","46,75774 12,10556","Directed","Cortina d’Ampezzo–Welsberg-Taisten","2"
"Frankfurt am Main","146","50,11552 8,68417","Wohnung und Ordination Arthur Schnitzler Burgring 1","168768","48,20329 16,36362","Directed","Frankfurt am Main–Wohnung und Ordination Arthur Schnitzler Burgring 1","1"
"Mürren","88187","46,5588 7,8929","Wien","50","48,208333 16,373056","Directed","Mürren–Wien","2"
"Wien","50","48,208333 16,373056","Volkstheater","20","48,205142 16,3566","Directed","Wien–Volkstheater","1"
"Unbekannt","257071","nicht vorhanden","1/1 Post- und Telegraphenamt 15","365220","48,20246 16,370739","Directed","Unbekannt–1/1 Post- und Telegraphenamt 15","1"
"Halle (Saale)","140","51,48158 11,97947","Halle (Saale)","140","51,48158 11,97947","Directed","Halle (Saale)–Halle (Saale)","1"
"Halle (Saale)","140","51,48158 11,97947","3/2 Post- und Telegraphenamt 45","365287","48,208497 16,392674","Directed","Halle (Saale)–3/2 Post- und Telegraphenamt 45","1"
"Tiefer Graben 23","207296","48,213038 16,368738","I., Innere Stadt","51","48,20769 16,37049","Directed","Tiefer Graben 23–I., Innere Stadt","2"
"I., Innere Stadt","51","48,20769 16,37049","Südbahnhotel [Semmering]","413","47,647222 15,83","Directed","I., Innere Stadt–Südbahnhotel [Semmering]","1"
"Nürnberger Bratwurst Glöckl am Dom","335089","48,138143 11,574129","München","45258","48,13743 11,57549","Directed","Nürnberger Bratwurst Glöckl am Dom–München","1"
"Rom","445","41,89193 12,51133","Wien","50","48,208333 16,373056","Directed","Rom–Wien","2"
"Hotel Kongen af Danmark","40903","55,676944 12,586111","Stockholm","1119","59,325 18,05","Directed","Hotel Kongen af Danmark–Stockholm","1"
"Brijuni","45260","44,91417 13,76222","Blankenese","1226","53,5652 9,7972","Directed","Brijuni–Blankenese","1"
"Bernried","47503","47,86604 11,29386","Wien","50","48,208333 16,373056","Directed","Bernried–Wien","2"
"Wien","50","48,208333 16,373056","Kremsmünster","48393","48,05301 14,12842","Directed","Wien–Kremsmünster","1"
"Helsingør","726","56,03606 12,6136","Rodaun","173","48,132793312328 16,256152195922","Directed","Helsingør–Rodaun","1"
"Hannover","890","52,37052 9,73322","Hannover","890","52,37052 9,73322","Directed","Hannover–Hannover","1"
"Hannover","890","52,37052 9,73322","Sternwartestraße 71","168815","48,23188 16,33716","Directed","Hannover–Sternwartestraße 71","1"
"Las Palmas de Gran Canaria","44097","28,09973 -15,41343","Las Palmas de Gran Canaria","44097","28,09973 -15,41343","Directed","Las Palmas de Gran Canaria–Las Palmas de Gran Canaria","3"
"Las Palmas de Gran Canaria","44097","28,09973 -15,41343","Hasenauerstraße 59","235251","48,23365 16,33494","Directed","Las Palmas de Gran Canaria–Hasenauerstraße 59","1"
"Ordination Arthur Schnitzler [Bösendorferstraße 11]","167789","48,2012 16,37188","4/1 Post- und Telegraphenamt 50","365454","48,195824 16,368253","Directed","Ordination Arthur Schnitzler [Bösendorferstraße 11]–4/1 Post- und Telegraphenamt 50","1"
"4/1 Post- und Telegraphenamt 50","365454","48,195824 16,368253","Bad Ischl","213","47,71109 13,61893","Directed","4/1 Post- und Telegraphenamt 50–Bad Ischl","1"
"Niagara Falls","143780","43,0945 -79,05671","Buffalo","45769","42,88645 -78,87837","Directed","Niagara Falls–Buffalo","1"
"Buffalo","45769","42,88645 -78,87837","Sternwartestraße 71","168815","48,23188 16,33716","Directed","Buffalo–Sternwartestraße 71","1"
"Hallein","44258","47,68333 13,1","Hallein","44258","47,68333 13,1","Directed","Hallein–Hallein","1"
"Hallein","44258","47,68333 13,1","Rodaun","173","48,132793312328 16,256152195922","Directed","Hallein–Rodaun","1"
"18/1 Post- und Telegraphenamt 110","365223","48,22513 16,343276","Villa Kupferschmied","43462","47,705435 13,626622","Directed","18/1 Post- und Telegraphenamt 110–Villa Kupferschmied","1"
"18/1 Post- und Telegraphenamt 110","365223","48,22513 16,343276","Zistersdorf","44400","48,53585 16,75613","Directed","18/1 Post- und Telegraphenamt 110–Zistersdorf","4"
"Rom","445","41,89193 12,51133","Rodaun","173","48,132793312328 16,256152195922","Directed","Rom–Rodaun","1"
"Hasenauerstraße 59","235251","48,23365 16,33494","9/4 Post- und Telegraphenamt 68","365615","48,22611 16,361111","Directed","Hasenauerstraße 59–9/4 Post- und Telegraphenamt 68","1"
"9/4 Post- und Telegraphenamt 68","365615","48,22611 16,361111","Villa Heufler","467","46,54555 11,560026","Directed","9/4 Post- und Telegraphenamt 68–Villa Heufler","1"
"Frascati","40272","41,8091 12,67942","Frankgasse 1","168934","48,21533 16,35736","Directed","Frascati–Frankgasse 1","1"
"Grundlsee [Gemeinde]","46000","47,61667 13,81667","Wien","50","48,208333 16,373056","Directed","Grundlsee [Gemeinde]–Wien","2"
"Wien","50","48,208333 16,373056","Skodsborg","958","55,8225 12,57324","Directed","Wien–Skodsborg","1"
"Marrakesh","36524","31,63416 -7,99994","Marrakesh","36524","31,63416 -7,99994","Directed","Marrakesh–Marrakesh","1"
"Marrakesh","36524","31,63416 -7,99994","Sternwartestraße 71","168815","48,23188 16,33716","Directed","Marrakesh–Sternwartestraße 71","1"
"Leipzig","864","51,33962 12,37129","9/3 Post- und Telegraphenamt 72","365208","48,216197 16,356623","Directed","Leipzig–9/3 Post- und Telegraphenamt 72","1"
"Schifflände","42505","47,36834 8,5449","Limmatquai","42503","47,372003 8,542824","Directed","Schifflände–Limmatquai","1"
"Limmatquai","42503","47,372003 8,542824","9/3 Post- und Telegraphenamt 72","365208","48,216197 16,356623","Directed","Limmatquai–9/3 Post- und Telegraphenamt 72","1"
"Marienlyst","959","56,042028 12,601917","Kopenhagen","36300","55,67594 12,56553","Directed","Marienlyst–Kopenhagen","2"
"Brijuni","45260","44,91417 13,76222","St. Moritz","44374","46,49937 9,84327","Directed","Brijuni–St. Moritz","1"
"St. Moritz","44374","46,49937 9,84327","Hotel Waldhaus am See","51935","46,49703 9,84903","Directed","St. Moritz–Hotel Waldhaus am See","1"
"Florenz","263","43,77925 11,24626","Wiesbaden","883","50,08258 8,24932","Directed","Florenz–Wiesbaden","1"
"Braunwald","44880","46,94159 8,99643","Wien","50","48,208333 16,373056","Directed","Braunwald–Wien","1"
"Heiligenblut am Großglockner","90843","47,03979 12,84345","Heiligenblut am Großglockner","90843","47,03979 12,84345","Directed","Heiligenblut am Großglockner–Heiligenblut am Großglockner","1"
"Heiligenblut am Großglockner","90843","47,03979 12,84345","1/1 Post- und Telegraphenamt 1","365214","48,209928 16,379065","Directed","Heiligenblut am Großglockner–1/1 Post- und Telegraphenamt 1","1"
"Wien","50","48,208333 16,373056","Bern","1223","46,9489 7,4638","Directed","Wien–Bern","2"
"18/1 Post- und Telegraphenamt 110","365223","48,22513 16,343276","Bad Aussee","415","47,60998 13,78243","Directed","18/1 Post- und Telegraphenamt 110–Bad Aussee","1"
"Mariahilfer Straße 89","365446","48,197408 16,348053","Edmund-Weiß-Gasse 7","168940","48,2304 16,33472","Directed","Mariahilfer Straße 89–Edmund-Weiß-Gasse 7","1"
"Neapel","595","40,85216 14,26811","Neapel","595","40,85216 14,26811","Directed","Neapel–Neapel","2"
"Neapel","595","40,85216 14,26811","Sternwartestraße 71","168815","48,23188 16,33716","Directed","Neapel–Sternwartestraße 71","1"
"Baden-Baden","228","48,7606 8,23975","Baden-Baden","228","48,7606 8,23975","Directed","Baden-Baden–Baden-Baden","1"
"Baden-Baden","228","48,7606 8,23975","Tiefer Graben 17","207301","48,212284 16,367725","Directed","Baden-Baden–Tiefer Graben 17","1"
"Welsberg-Taisten","428","46,75774 12,10556","Hasenauerstraße 59","235251","48,23365 16,33494","Directed","Welsberg-Taisten–Hasenauerstraße 59","2"
"Postbestellbezirk 18/1","405253","48,231941 16,335645","Zistersdorf","44400","48,53585 16,75613","Directed","Postbestellbezirk 18/1–Zistersdorf","1"
"Wien","50","48,208333 16,373056","1/1 Telegraphen-Central-Station C.R.","290824","48,2139 16,3665","Directed","Wien–1/1 Telegraphen-Central-Station C.R.","6"
"1/1 Telegraphen-Central-Station C.R.","290824","48,2139 16,3665","9/3 Post- und Telegraphenamt 72","365208","48,216197 16,356623","Directed","1/1 Telegraphen-Central-Station C.R.–9/3 Post- und Telegraphenamt 72","1"
"Café Metropol","43437","47,36814 8,541785","Zürich Hauptbahnhof","250163","47,378169444444445 8,540177777777778","Directed","Café Metropol–Zürich Hauptbahnhof","1"
"Zürich Hauptbahnhof","250163","47,378169444444445 8,540177777777778","9/3 Post- und Telegraphenamt 72","365208","48,216197 16,356623","Directed","Zürich Hauptbahnhof–9/3 Post- und Telegraphenamt 72","1"
"Misurina","41013","46,58108 12,25275","Misurina","41013","46,58108 12,25275","Directed","Misurina–Misurina","1"
"Misurina","41013","46,58108 12,25275","Hasenauerstraße 59","235251","48,23365 16,33494","Directed","Misurina–Hasenauerstraße 59","1"
"Hochschneeberg","5836","47,775833 15,8075","1/1 Post- und Telegraphenamt 1","365214","48,209928 16,379065","Directed","Hochschneeberg–1/1 Post- und Telegraphenamt 1","1"
"St. Johann am Wocheiner See","51794","46,27876846439809 13,886888335799096","St. Johann am Wocheiner See","51794","46,27876846439809 13,886888335799096","Directed","St. Johann am Wocheiner See–St. Johann am Wocheiner See","2"
"St. Johann am Wocheiner See","51794","46,27876846439809 13,886888335799096","Hasenauerstraße 59","235251","48,23365 16,33494","Directed","St. Johann am Wocheiner See–Hasenauerstraße 59","1"
"Währinger Gürtel 90","364920","48,223863 16,34974","1/1 Post- und Telegraphenamt 1","365214","48,209928 16,379065","Directed","Währinger Gürtel 90–1/1 Post- und Telegraphenamt 1","1"
"Shanghai","37885","31,22222 121,45806","Wien","50","48,208333 16,373056","Directed","Shanghai–Wien","2"
"Payerbach","948","47,69209 15,8634","Payerbach","948","47,69209 15,8634","Directed","Payerbach–Payerbach","1"
"Payerbach","948","47,69209 15,8634","Altaussee","34401","47,639444 13,763333","Directed","Payerbach–Altaussee","1"
"Obere Donaustraße 59","333976","48,217918 16,373282","1/1 Telegraphen-Central-Station C.R.","290824","48,2139 16,3665","Directed","Obere Donaustraße 59–1/1 Telegraphen-Central-Station C.R.","1"
"Unbekannt","250702","nicht vorhanden","Partenkirchen","2318","47,4956 11,1097","Directed","Unbekannt–Partenkirchen","1"
"Partenkirchen","2318","47,4956 11,1097","Rettenbachweg 5","250767","47,713869 13,629688","Directed","Partenkirchen–Rettenbachweg 5","1"
"Madonna di Campiglio","427","46,22671 10,82582","Badgasse","1006","48,130176324727 16,278871077438","Directed","Madonna di Campiglio–Badgasse","1"
"Berlin","168","52,52437 13,41053","XVIII., Währing","68","48,23333 16,31667","Directed","Berlin–XVIII., Währing","2"
"18/1 Post- und Telegraphenamt 110","365223","48,22513 16,343276","Kochgasse 8","249577","48,212327 16,349717","Directed","18/1 Post- und Telegraphenamt 110–Kochgasse 8","2"
"Berlin","168","52,52437 13,41053","St. Anton am Arlberg","212","47,1275 10,26372","Directed","Berlin–St. Anton am Arlberg","2"
"1/1 Post- und Telegraphenamt 1","365214","48,209928 16,379065","Bozen","40260","46,49067 11,33982","Directed","1/1 Post- und Telegraphenamt 1–Bozen","1"
"Fürberg","40276","47,76667 13,38333","St. Gilgen","33","47,76667 13,36667","Directed","Fürberg–St. Gilgen","1"
"St. Gilgen","33","47,76667 13,36667","9/3 Post- und Telegraphenamt 72","365208","48,216197 16,356623","Directed","St. Gilgen–9/3 Post- und Telegraphenamt 72","1"
"Nürnberg","44172","49,45421 11,07752","Tiefer Graben 17","207301","48,212284 16,367725","Directed","Nürnberg–Tiefer Graben 17","1"
"Welsberg-Taisten","428","46,75774 12,10556","Tiefer Graben 23","207296","48,213038 16,368738","Directed","Welsberg-Taisten–Tiefer Graben 23","2"
"Ostrava","41075","49,83465 18,28204","Wien","50","48,208333 16,373056","Directed","Ostrava–Wien","2"
"Bad Ischl","213","47,71109 13,61893","Tiefer Graben 23","207296","48,213038 16,368738","Directed","Bad Ischl–Tiefer Graben 23","1"
"Hofmannsthal-Schlössl","40297","48,133611 16,255556","Salzburg","30","47,80067 13,04532","Directed","Hofmannsthal-Schlössl–Salzburg","1"
"Frankfurt am Main","146","50,11552 8,68417","Velden am Wörthersee","909","46,61901 14,03129","Directed","Frankfurt am Main–Velden am Wörthersee","1"
"Hotel Rheinischer Hof München","806","48,13907960520144 11,561467767769052","München","45258","48,13743 11,57549","Directed","Hotel Rheinischer Hof München–München","2"
"Wien","50","48,208333 16,373056","Welsberg-Taisten","428","46,75774 12,10556","Directed","Wien–Welsberg-Taisten","1"
"Rom","445","41,89193 12,51133","Wollzeile 15 (»Berthahof«)","190427","48,208656 16,375924","Directed","Rom–Wollzeile 15 (»Berthahof«)","1"
"Hotel du Lac","40812","45,883097 10,852736","Riva del Garda","465","45,88576 10,84118","Directed","Hotel du Lac–Riva del Garda","2"
"Riva del Garda","465","45,88576 10,84118","Hasenauerstraße 59","235251","48,23365 16,33494","Directed","Riva del Garda–Hasenauerstraße 59","1"
"Pieve di Cadore","34112","46,42302 12,361","Wien","50","48,208333 16,373056","Directed","Pieve di Cadore–Wien","1"
"Unterach am Attersee","877","47,80494 13,48728","Brijuni","45260","44,91417 13,76222","Directed","Unterach am Attersee–Brijuni","2"
"Spittal an der Drau","41052","46,8 13,5","Spittal an der Drau","41052","46,8 13,5","Directed","Spittal an der Drau–Spittal an der Drau","1"
"Spittal an der Drau","41052","46,8 13,5","Seeboden am Millstättersee","34824","46,818888888889 13,518333","Directed","Spittal an der Drau–Seeboden am Millstättersee","1"
"Świnoujście","142880","53,91053 14,24712","Świnoujście","142880","53,91053 14,24712","Directed","Świnoujście–Świnoujście","1"
"Świnoujście","142880","53,91053 14,24712","Wildbad Waldbrunn","723","46,751211 12,101269","Directed","Świnoujście–Wildbad Waldbrunn","1"
"Čáslav","767","49,91099 15,38972","Wien","50","48,208333 16,373056","Directed","Čáslav–Wien","2"
"Rüdesheim","920","49,9789 7,92442","Sankt Michael","40832","46,455308 11,258736","Directed","Rüdesheim–Sankt Michael","1"
"1/1 Post- und Telegraphenamt 1","365214","48,209928 16,379065","1/1 Telegraphen-Central-Station C.R.","365357","48,2139 16,3665","Directed","1/1 Post- und Telegraphenamt 1–1/1 Telegraphen-Central-Station C.R.","1"
"I., Innere Stadt","51","48,20769 16,37049","1/1 Post- und Telegraphenamt 1","365214","48,209928 16,379065","Directed","I., Innere Stadt–1/1 Post- und Telegraphenamt 1","3"
"Adelboden","90188","46,49142 7,56031","Adelboden","90188","46,49142 7,56031","Directed","Adelboden–Adelboden","1"
"Adelboden","90188","46,49142 7,56031","Tiefer Graben 17","207301","48,212284 16,367725","Directed","Adelboden–Tiefer Graben 17","1"
"Wien","50","48,208333 16,373056","Barer Straße 50","405283","48,149644 11,572946","Directed","Wien–Barer Straße 50","1"
"1/1 Telegraphen-Central-Station C.R.","290824","48,2139 16,3665","18/1 Post- und Telegraphenamt 111","365226","48,230794 16,344569","Directed","1/1 Telegraphen-Central-Station C.R.–18/1 Post- und Telegraphenamt 111","1"
"Postbestellbezirk 18/1","405253","48,231941 16,335645","Reifnitz [Maria Wörth]","334808","46,6058 14,1814","Directed","Postbestellbezirk 18/1–Reifnitz [Maria Wörth]","1"
"Villa Frühling","47674","nicht vorhanden","Bad Aussee","415","47,60998 13,78243","Directed","Villa Frühling–Bad Aussee","2"
"9/3 Post- und Telegraphenamt 72","365208","48,216197 16,356623","Hôtel Hassler","623","41,90627 12,4829","Directed","9/3 Post- und Telegraphenamt 72–Hôtel Hassler","1"
"1/1 Post- und Telegraphenamt 15","365220","48,20246 16,370739","3/2 Post- und Telegraphenamt 45","365287","48,208497 16,392674","Directed","1/1 Post- und Telegraphenamt 15–3/2 Post- und Telegraphenamt 45","2"
"Postbestellbezirk 18/1","405253","48,231941 16,335645","Pension Wiener Heim","334003","nicht vorhanden","Directed","Postbestellbezirk 18/1–Pension Wiener Heim","1"
"Sternwartestraße 71","168815","48,23188 16,33716","London","224","51,50853 -0,12574","Directed","Sternwartestraße 71–London","2"
"London","224","51,50853 -0,12574","De Keysers Royal Hotel","16","51,511794 -0,105758","Directed","London–De Keysers Royal Hotel","1"
"Hotel und Pension Rudolfshöhe (Leopold Petter)","414","47,706537 13,609575","Arles","641","43,67694 4,62861","Directed","Hotel und Pension Rudolfshöhe (Leopold Petter)–Arles","1"
"Hinterbrühl","75","48,08611 16,24809","IX., Alsergrund","59","48,22387 16,35641","Directed","Hinterbrühl–IX., Alsergrund","1"
"Trondheim","40290","63,43049 10,39506","Kopenhagen","36300","55,67594 12,56553","Directed","Trondheim–Kopenhagen","1"
"1/1 Post- und Telegraphenamt 1","365214","48,209928 16,379065","9/2 Post- und Telegraphenamt 71","365211","48,218574 16,35084","Directed","1/1 Post- und Telegraphenamt 1–9/2 Post- und Telegraphenamt 71","1"
"9/2 Post- und Telegraphenamt 71","365211","48,218574 16,35084","Porzellangasse 37","199581","48,222553 16,361032","Directed","9/2 Post- und Telegraphenamt 71–Porzellangasse 37","2"
"Edmund-Weiß-Gasse 7","168940","48,2304 16,33472","Berlin","168","52,52437 13,41053","Directed","Edmund-Weiß-Gasse 7–Berlin","2"
"Bozen","40260","46,49067 11,33982","Tiefer Graben 17","207301","48,212284 16,367725","Directed","Bozen–Tiefer Graben 17","2"
"Wohnung und Ordination Arthur Schnitzler Grillparzerstraße 7/3. Stock","167782","48,212477 16,357233","Wollzeile 15 (»Berthahof«)","190427","48,208656 16,375924","Directed","Wohnung und Ordination Arthur Schnitzler Grillparzerstraße 7/3. Stock–Wollzeile 15 (»Berthahof«)","1"
"Kolingasse 9","365483","48,216166 16,362701","Café Arkaden","104","48,2139714 16,3589854","Directed","Kolingasse 9–Café Arkaden","1"
"Pallanza","44205","45,92298 8,55045","Wien","50","48,208333 16,373056","Directed","Pallanza–Wien","1"
"9/3 Post- und Telegraphenamt 72","365208","48,216197 16,356623","Rom","445","41,89193 12,51133","Directed","9/3 Post- und Telegraphenamt 72–Rom","1"
"8/2 Post- und Telegraphenamt 65","365620","48,21198632016112 16,342797999829006","Genf","562","46,20222 6,14569","Directed","8/2 Post- und Telegraphenamt 65–Genf","1"
"Gasthaus Brunnthaler","40256","47,6417738 13,7682587","Toblach","987","46,72493 12,22109","Directed","Gasthaus Brunnthaler–Toblach","1"
"Sachsenburg","41430","46,82171 13,30575","Sachsenburg","41430","46,82171 13,30575","Directed","Sachsenburg–Sachsenburg","1"
"Sachsenburg","41430","46,82171 13,30575","Bad Ischl","213","47,71109 13,61893","Directed","Sachsenburg–Bad Ischl","1"
"Residenzhotel","1106","48,211807 16,3633523","9/2 Post- und Telegraphenamt 71","365211","48,218574 16,35084","Directed","Residenzhotel–9/2 Post- und Telegraphenamt 71","1"
"rue Vivienne","40415","48,869409 2,340402","place de la Bourse","87780","48,8657 2,3414","Directed","rue Vivienne–place de la Bourse","1"
"place de la Bourse","87780","48,8657 2,3414","1/1 Post- und Telegraphenamt 1","365214","48,209928 16,379065","Directed","place de la Bourse–1/1 Post- und Telegraphenamt 1","1"
"Wien","50","48,208333 16,373056","Kapuzinerberg","297","47,80399 13,05734","Directed","Wien–Kapuzinerberg","1"
"1/1 Telegraphen-Central-Station C.R.","365357","48,2139 16,3665","Kärntnerring","501","48,201874800905 16,371985203093","Directed","1/1 Telegraphen-Central-Station C.R.–Kärntnerring","1"
"Kärntnerring","501","48,201874800905 16,371985203093","Ordination Arthur Schnitzler [Bösendorferstraße 11]","167789","48,2012 16,37188","Directed","Kärntnerring–Ordination Arthur Schnitzler [Bösendorferstraße 11]","1"
"Brünn","833","49,19522 16,60796","Wien","50","48,208333 16,373056","Directed","Brünn–Wien","1"
"Blankenese","1226","53,5652 9,7972","Blankenese","1226","53,5652 9,7972","Directed","Blankenese–Blankenese","1"
"Blankenese","1226","53,5652 9,7972","IX., Alsergrund","59","48,22387 16,35641","Directed","Blankenese–IX., Alsergrund","1"
"Unterach am Attersee","877","47,80494 13,48728","Sternwartestraße 71","168815","48,23188 16,33716","Directed","Unterach am Attersee–Sternwartestraße 71","1"
"San Martino di Castrozza","44311","46,26667 11,8","Tiefer Graben 23","207296","48,213038 16,368738","Directed","San Martino di Castrozza–Tiefer Graben 23","1"
"Berlin","168","52,52437 13,41053","Schmargendorf","61048","52,47517 13,29071","Directed","Berlin–Schmargendorf","1"
"Schmargendorf","61048","52,47517 13,29071","9/3 Post- und Telegraphenamt 72","365208","48,216197 16,356623","Directed","Schmargendorf–9/3 Post- und Telegraphenamt 72","1"
"Ordination Arthur Schnitzler [Bösendorferstraße 11]","167789","48,2012 16,37188","Seidlgasse 30","364746","48,205599 16,388584","Directed","Ordination Arthur Schnitzler [Bösendorferstraße 11]–Seidlgasse 30","2"
"St. Gilgen","33","47,76667 13,36667","Seis am Schlern","988","46,54133 11,55868","Directed","St. Gilgen–Seis am Schlern","1"
"Arosa","43995","46,77793 9,67621","Arosa","43995","46,77793 9,67621","Directed","Arosa–Arosa","1"
"Arosa","43995","46,77793 9,67621","Sternwartestraße 71","168815","48,23188 16,33716","Directed","Arosa–Sternwartestraße 71","1"
"Stavanger","42572","58,97005 5,73332","Stavanger","42572","58,97005 5,73332","Directed","Stavanger–Stavanger","1"
"Stavanger","42572","58,97005 5,73332","Kopenhagen","36300","55,67594 12,56553","Directed","Stavanger–Kopenhagen","1"
"Bahnhof Firenze Santa Maria Novella","52725","43,776338 11,247527","Hasenauerstraße 59","235251","48,23365 16,33494","Directed","Bahnhof Firenze Santa Maria Novella–Hasenauerstraße 59","2"
"Lüttich","272","50,63373 5,56749","Lüttich","272","50,63373 5,56749","Directed","Lüttich–Lüttich","1"
"Lüttich","272","50,63373 5,56749","1/1 Post- und Telegraphenamt 1","365214","48,209928 16,379065","Directed","Lüttich–1/1 Post- und Telegraphenamt 1","1"
"Frankgasse 1","168934","48,21533 16,35736","Wollzeile 15 (»Berthahof«)","190427","48,208656 16,375924","Directed","Frankgasse 1–Wollzeile 15 (»Berthahof«)","1"
"18/1 Post- und Telegraphenamt 111","365226","48,230794 16,344569","Bad Aussee","415","47,60998 13,78243","Directed","18/1 Post- und Telegraphenamt 111–Bad Aussee","1"
"9/1 Post- und Telegraphenamt 66","365266","48,219619 16,3617","Wollzeile 15 (»Berthahof«)","190427","48,208656 16,375924","Directed","9/1 Post- und Telegraphenamt 66–Wollzeile 15 (»Berthahof«)","1"
"IX., Alsergrund","59","48,22387 16,35641","Berlin","168","52,52437 13,41053","Directed","IX., Alsergrund–Berlin","1"
"Berlin","168","52,52437 13,41053","Hotel Westminster","41234","52,516823 13,389865","Directed","Berlin–Hotel Westminster","1"
"Friedrich Wilhelm-Strasse 6","293081","52,458118 13,38683","Berlin","168","52,52437 13,41053","Directed","Friedrich Wilhelm-Strasse 6–Berlin","1"
"Ordination Arthur Schnitzler [Bösendorferstraße 11]","167789","48,2012 16,37188","Wollzeile 15 (»Berthahof«)","190427","48,208656 16,375924","Directed","Ordination Arthur Schnitzler [Bösendorferstraße 11]–Wollzeile 15 (»Berthahof«)","1"
"Nusswaldgasse 22","238485","48,24422 16,353139","Wien","50","48,208333 16,373056","Directed","Nusswaldgasse 22–Wien","1"
"Wien","50","48,208333 16,373056","Grand Hôtel National [Menton]","251927","43,777129 7,497536","Directed","Wien–Grand Hôtel National [Menton]","1"
"Ouchy","36464","46,50666 6,62493","IX., Alsergrund","59","48,22387 16,35641","Directed","Ouchy–IX., Alsergrund","1"
"Hotel und Pension Lueg","824","47,753992 13,372111","Salzburg","30","47,80067 13,04532","Directed","Hotel und Pension Lueg–Salzburg","1"
"Salzburg","30","47,80067 13,04532","Rodaun","173","48,132793312328 16,256152195922","Directed","Salzburg–Rodaun","2"
"Berlin","168","52,52437 13,41053","Taormina","906","37,85358 15,28851","Directed","Berlin–Taormina","1"
"1/1 Post- und Telegraphenamt 1","365214","48,209928 16,379065","Vahrn","946","46,73901 11,63749","Directed","1/1 Post- und Telegraphenamt 1–Vahrn","1"
"Vahrn","946","46,73901 11,63749","Gasthof und Pension Waldsacker","333628","nicht vorhanden","Directed","Vahrn–Gasthof und Pension Waldsacker","1"
"9/3 Post- und Telegraphenamt 72","365208","48,216197 16,356623","Paschinger Schlössl","253003","47,8027 13,0478","Directed","9/3 Post- und Telegraphenamt 72–Paschinger Schlössl","2"
"Heiligenkreuz","939","48,04261 16,15292","Rodaun","173","48,132793312328 16,256152195922","Directed","Heiligenkreuz–Rodaun","1"
"Rodaun","173","48,132793312328 16,256152195922","Helsingør","726","56,03606 12,6136","Directed","Rodaun–Helsingør","1"
"Unbekannt","405355","nicht vorhanden","Wien","50","48,208333 16,373056","Directed","Unbekannt–Wien","1"
"Strobl","895","47,71667 13,48333","1/1 Post- und Telegraphenamt 1","365214","48,209928 16,379065","Directed","Strobl–1/1 Post- und Telegraphenamt 1","2"
"1/1 Post- und Telegraphenamt 1","365214","48,209928 16,379065","Grand Hotel Mediterranée","46344","44,42504 8,81345","Directed","1/1 Post- und Telegraphenamt 1–Grand Hotel Mediterranée","1"
"Grand Hotel Mediterranée","46344","44,42504 8,81345","Sanremo","45279","43,81725 7,7772","Directed","Grand Hotel Mediterranée–Sanremo","1"
"Sanremo","45279","43,81725 7,7772","Sanremo","45279","43,81725 7,7772","Directed","Sanremo–Sanremo","1"
"Steinsdorfstraße 7","1231","48,135746 11,588173","München","45258","48,13743 11,57549","Directed","Steinsdorfstraße 7–München","2"
"München","45258","48,13743 11,57549","I., Innere Stadt","51","48,20769 16,37049","Directed","München–I., Innere Stadt","1"
"Gainfarn","41007","47,9628 16,19368","Gainfarn","41007","47,9628 16,19368","Directed","Gainfarn–Gainfarn","1"
"Gainfarn","41007","47,9628 16,19368","9/3 Post- und Telegraphenamt 72","365208","48,216197 16,356623","Directed","Gainfarn–9/3 Post- und Telegraphenamt 72","1"
"St. Gilgen","33","47,76667 13,36667","1/1 Post- und Telegraphenamt 1","365214","48,209928 16,379065","Directed","St. Gilgen–1/1 Post- und Telegraphenamt 1","2"
"Amstelhotel","245732","52,359719 4,90591","Amsterdam","40709","52,37403 4,88969","Directed","Amstelhotel–Amsterdam","1"
"Amsterdam","40709","52,37403 4,88969","Hasenauerstraße 59","235251","48,23365 16,33494","Directed","Amsterdam–Hasenauerstraße 59","1"
"1/1 Post- und Telegraphenamt 10","365217","48,210234 16,357213","1/1 Post- und Telegraphenamt 10","365217","48,210234 16,357213","Directed","1/1 Post- und Telegraphenamt 10–1/1 Post- und Telegraphenamt 10","1"
"1/1 Post- und Telegraphenamt 11","365284","48,207483 16,368355","Meidlinger Hauptstraße 56","365563","48,177598 16,329723","Directed","1/1 Post- und Telegraphenamt 11–Meidlinger Hauptstraße 56","1"
"18/1 Post- und Telegraphenamt 110","365223","48,22513 16,343276","Rettenbachweg 5","250767","47,713869 13,629688","Directed","18/1 Post- und Telegraphenamt 110–Rettenbachweg 5","1"
"Grand Hotel Stubai","751","47,15563 11,35177","Fulpmes","985","47,15202 11,34922","Directed","Grand Hotel Stubai–Fulpmes","1"
"Fulpmes","985","47,15202 11,34922","Edmund-Weiß-Gasse 7","168940","48,2304 16,33472","Directed","Fulpmes–Edmund-Weiß-Gasse 7","1"
"Palmaille 5","365128","53,545996 9,945167","Altona","1259","53,5725 9,8262","Directed","Palmaille 5–Altona","1"
"Altona","1259","53,5725 9,8262","9/3 Post- und Telegraphenamt 72","365208","48,216197 16,356623","Directed","Altona–9/3 Post- und Telegraphenamt 72","1"
"18/1 Post- und Telegraphenamt 111","365226","48,230794 16,344569","Zistersdorf","44400","48,53585 16,75613","Directed","18/1 Post- und Telegraphenamt 111–Zistersdorf","1"
"1/1 Telegramm- und Rohrpostamt 2","365269","48,210441 16,378488","1/1 Telegramm- und Rohrpostamt 2","365269","48,210441 16,378488","Directed","1/1 Telegramm- und Rohrpostamt 2–1/1 Telegramm- und Rohrpostamt 2","3"
"Sternwartestraße 71","168815","48,23188 16,33716","1/1 Telegrafenamt 4","365590","48,213115 16,37417","Directed","Sternwartestraße 71–1/1 Telegrafenamt 4","1"
"1/1 Telegrafenamt 4","365590","48,213115 16,37417","Kopenhagen","36300","55,67594 12,56553","Directed","1/1 Telegrafenamt 4–Kopenhagen","1"
"El Tovar Hotel","143773","36,05748 -112,13711","Grand Canyon","143761","36,05443 -112,13934","Directed","El Tovar Hotel–Grand Canyon","1"
"Grand Canyon","143761","36,05443 -112,13934","Sternwartestraße 71","168815","48,23188 16,33716","Directed","Grand Canyon–Sternwartestraße 71","1"
"Tiefer Graben 23","207296","48,213038 16,368738","Toblach","987","46,72493 12,22109","Directed","Tiefer Graben 23–Toblach","1"
"Bahnhof Genua","52288","44,416935291174376 8,92019924113306","Tiefer Graben 17","207301","48,212284 16,367725","Directed","Bahnhof Genua–Tiefer Graben 17","1"
"Bad Tölz","424","47,76111 11,5589","Bad Ischl","213","47,71109 13,61893","Directed","Bad Tölz–Bad Ischl","2"
"1/1 Post- und Telegraphenamt 1","365214","48,209928 16,379065","Postamt Salzburg Stadt","365625","47,797964 13,047662","Directed","1/1 Post- und Telegraphenamt 1–Postamt Salzburg Stadt","1"
"Postamt Salzburg Stadt","365625","47,797964 13,047662","Hotel Schiff [Salzburg]","42349","47,79884 13,04657","Directed","Postamt Salzburg Stadt–Hotel Schiff [Salzburg]","1"
"Hotel Schiff [Salzburg]","42349","47,79884 13,04657","Fürberg","40276","47,76667 13,38333","Directed","Hotel Schiff [Salzburg]–Fürberg","1"
"Mendelpass","41083","46,416944 11,207222","Mendelpass","41083","46,416944 11,207222","Directed","Mendelpass–Mendelpass","1"
"Mendelpass","41083","46,416944 11,207222","I., Innere Stadt","51","48,20769 16,37049","Directed","Mendelpass–I., Innere Stadt","1"
"Sternwartestraße 71","168815","48,23188 16,33716","XVIII., Währing","68","48,23333 16,31667","Directed","Sternwartestraße 71–XVIII., Währing","1"
"XVIII., Währing","68","48,23333 16,31667","Meidlinger Hauptstraße 56","365563","48,177598 16,329723","Directed","XVIII., Währing–Meidlinger Hauptstraße 56","1"
"Edlach an der Rax","470","47,69255 15,80915","Hotel Pichl-Auhof","51987","47,8145 13,40149","Directed","Edlach an der Rax–Hotel Pichl-Auhof","1"
"9/3 Post- und Telegraphenamt 72","365208","48,216197 16,356623","Wollzeile 15 (»Berthahof«)","190427","48,208656 16,375924","Directed","9/3 Post- und Telegraphenamt 72–Wollzeile 15 (»Berthahof«)","2"
"St. Gilgen","33","47,76667 13,36667","Helsingør","726","56,03606 12,6136","Directed","St. Gilgen–Helsingør","1"
"Haus Tannenberg","808","47,48881 11,11289","Garmisch-Partenkirchen","667","47,49209 11,09576","Directed","Haus Tannenberg–Garmisch-Partenkirchen","1"
"Garmisch-Partenkirchen","667","47,49209 11,09576","Tiefer Graben 17","207301","48,212284 16,367725","Directed","Garmisch-Partenkirchen–Tiefer Graben 17","1"
"Paris","182","48,85341 2,3488","Oslo","36296","59,91273 10,74609","Directed","Paris–Oslo","1"
"Seis am Schlern","988","46,54133 11,55868","Sils im Engadin/Segl","40516","46,41603 9,77504","Directed","Seis am Schlern–Sils im Engadin/Segl","1"
"Istanbul","966","41,01384 28,94966","Oppolzergasse 6","235784","48,2116 16,36171","Directed","Istanbul–Oppolzergasse 6","1"
"Unbekannt","246913","nicht vorhanden","Garmisch-Partenkirchen","667","47,49209 11,09576","Directed","Unbekannt–Garmisch-Partenkirchen","1"
"Garmisch-Partenkirchen","667","47,49209 11,09576","Hasenauerstraße 59","235251","48,23365 16,33494","Directed","Garmisch-Partenkirchen–Hasenauerstraße 59","1"
"Paschinger Schlössl","253003","47,8027 13,0478","Salzburg","30","47,80067 13,04532","Directed","Paschinger Schlössl–Salzburg","3"
"München","45258","48,13743 11,57549","Vahrn","946","46,73901 11,63749","Directed","München–Vahrn","1"
"Morschach","49170","46,97149 8,64802","Wien","50","48,208333 16,373056","Directed","Morschach–Wien","1"
"Darmstadt","834","49,87167 8,65027","Darmstadt","834","49,87167 8,65027","Directed","Darmstadt–Darmstadt","1"
"Darmstadt","834","49,87167 8,65027","Haus Bahr","207274","48,186771 16,261305","Directed","Darmstadt–Haus Bahr","1"
"Burgtheater","14","48,210333 16,361139","Ordination Arthur Schnitzler [Bösendorferstraße 11]","167789","48,2012 16,37188","Directed","Burgtheater–Ordination Arthur Schnitzler [Bösendorferstraße 11]","1"
"Südbahnhotel [Toblach]","36284","46,723101 12,225656","Bad Ischl","213","47,71109 13,61893","Directed","Südbahnhotel [Toblach]–Bad Ischl","1"
"Wien","50","48,208333 16,373056","Morschach","49170","46,97149 8,64802","Directed","Wien–Morschach","1"
"Florenz","263","43,77925 11,24626","I., Innere Stadt","51","48,20769 16,37049","Directed","Florenz–I., Innere Stadt","1"
"Hinterbrühl","75","48,08611 16,24809","9/3 Post- und Telegraphenamt 72","365208","48,216197 16,356623","Directed","Hinterbrühl–9/3 Post- und Telegraphenamt 72","1"
"Cap-d’Ail","34869","43,72192 7,40685","Cap-d’Ail","34869","43,72192 7,40685","Directed","Cap-d’Ail–Cap-d’Ail","1"
"Cap-d’Ail","34869","43,72192 7,40685","Sternwartestraße 71","168815","48,23188 16,33716","Directed","Cap-d’Ail–Sternwartestraße 71","1"
"Gasthaus Gosauschmied","51799","47,55260560167544 13,518606185066574","Sternwartestraße 71","168815","48,23188 16,33716","Directed","Gasthaus Gosauschmied–Sternwartestraße 71","1"
"9/1 Post- und Telegraphenamt 66","365266","48,219619 16,3617","Rettenbachweg 5","250767","47,713869 13,629688","Directed","9/1 Post- und Telegraphenamt 66–Rettenbachweg 5","1"
"Berlin","168","52,52437 13,41053","Brühl","44413","48,08509 16,24801","Directed","Berlin–Brühl","1"
"Rüdesheim","920","49,9789 7,92442","Rüdesheim","920","49,9789 7,92442","Directed","Rüdesheim–Rüdesheim","1"
"Rüdesheim","920","49,9789 7,92442","Hasenauerstraße 59","235251","48,23365 16,33494","Directed","Rüdesheim–Hasenauerstraße 59","1"
"Bad Ischl","213","47,71109 13,61893","Unterach am Attersee","877","47,80494 13,48728","Directed","Bad Ischl–Unterach am Attersee","1"
"Brixen","43040","46,71503 11,65598","Bad Ischl","213","47,71109 13,61893","Directed","Brixen–Bad Ischl","1"
"Ottakringer Bräu","304","48,18636 16,30202","18/1 Post- und Telegraphenamt 110","365223","48,22513 16,343276","Directed","Ottakringer Bräu–18/1 Post- und Telegraphenamt 110","1"
"Pontebba","88960","46,5054 13,30622","Wien","50","48,208333 16,373056","Directed","Pontebba–Wien","1"
"Post- und Telegraphenamt Graz Murvorstadt","365616","47,070893 15,428903","1/1 Post- und Telegraphenamt 1","365214","48,209928 16,379065","Directed","Post- und Telegraphenamt Graz Murvorstadt–1/1 Post- und Telegraphenamt 1","1"
"Charlottenburg","9925","52,516667 13,3","Sternwartestraße 71","168815","48,23188 16,33716","Directed","Charlottenburg–Sternwartestraße 71","1"
"Bansin","147498","53,95988 14,12954","Marienlyst","959","56,042028 12,601917","Directed","Bansin–Marienlyst","1"
"9/1 Post- und Telegraphenamt 66","365266","48,219619 16,3617","Tiefer Graben 23","207296","48,213038 16,368738","Directed","9/1 Post- und Telegraphenamt 66–Tiefer Graben 23","2"
"Puchberg am Schneeberg","48761","47,78709 15,91352","Puchberg am Schneeberg","48761","47,78709 15,91352","Directed","Puchberg am Schneeberg–Puchberg am Schneeberg","2"
"Puchberg am Schneeberg","48761","47,78709 15,91352","1/1 Post- und Telegraphenamt 1","365214","48,209928 16,379065","Directed","Puchberg am Schneeberg–1/1 Post- und Telegraphenamt 1","1"
"18/1 Post- und Telegraphenamt 110","365223","48,22513 16,343276","Thüringen","432","50,91667 11,0","Directed","18/1 Post- und Telegraphenamt 110–Thüringen","1"
"Thüringen","432","50,91667 11,0","Thüringen","432","50,91667 11,0","Directed","Thüringen–Thüringen","1"
"Thüringen","432","50,91667 11,0","Rodaun","173","48,132793312328 16,256152195922","Directed","Thüringen–Rodaun","1"
"Rodaun","173","48,132793312328 16,256152195922","Hotel de l’Europe [Venedig]","34050","45,432304 12,336899","Directed","Rodaun–Hotel de l’Europe [Venedig]","1"
"Sternwartestraße 71","168815","48,23188 16,33716","Meidlinger Hauptstraße 56","365563","48,177598 16,329723","Directed","Sternwartestraße 71–Meidlinger Hauptstraße 56","4"
"1/1 Post- und Telegraphenamt 8","365555","48,214719 16,368323","Villa Kupferschmied","43462","47,705435 13,626622","Directed","1/1 Post- und Telegraphenamt 8–Villa Kupferschmied","1"
"Kopenhagen","36300","55,67594 12,56553","Hotel Kongen af Danmark","40903","55,676944 12,586111","Directed","Kopenhagen–Hotel Kongen af Danmark","2"
"Postbestellbezirk 18/1","405253","48,231941 16,335645","Tiefer Graben 23","207296","48,213038 16,368738","Directed","Postbestellbezirk 18/1–Tiefer Graben 23","1"
"Halle (Saale)","140","51,48158 11,97947","Wien","50","48,208333 16,373056","Directed","Halle (Saale)–Wien","1"
"1/1 Post- und Telegraphenamt 8","365555","48,214719 16,368323","Grand Hotel St. Moritz","254904","46,49755555555556 9,842472222222222","Directed","1/1 Post- und Telegraphenamt 8–Grand Hotel St. Moritz","1"
"Edmund-Weiß-Gasse 7","168940","48,2304 16,33472","Tiefer Graben 23","207296","48,213038 16,368738","Directed","Edmund-Weiß-Gasse 7–Tiefer Graben 23","2"
"Paschinger Schlössl","253003","47,8027 13,0478","Wien","50","48,208333 16,373056","Directed","Paschinger Schlössl–Wien","1"
"Stockholm","1119","59,325 18,05","Stockholm","1119","59,325 18,05","Directed","Stockholm–Stockholm","3"
"Stockholm","1119","59,325 18,05","Kopenhagen","36300","55,67594 12,56553","Directed","Stockholm–Kopenhagen","1"
"Wien","50","48,208333 16,373056","10/2 Post- und Telegraphenamt 76","365402","48,18666 16,37984","Directed","Wien–10/2 Post- und Telegraphenamt 76","2"
"10/2 Post- und Telegraphenamt 76","365402","48,18666 16,37984","18/1 Post- und Telegraphenamt 110","365223","48,22513 16,343276","Directed","10/2 Post- und Telegraphenamt 76–18/1 Post- und Telegraphenamt 110","2"
"Wien","50","48,208333 16,373056","Linkstraße 25","364699","52,507 13,37459","Directed","Wien–Linkstraße 25","1"
"Hong Kong","44086","22,27832 114,17469","Wien","50","48,208333 16,373056","Directed","Hong Kong–Wien","1"
"Hotel Bristol Berlin","127","52,516152 13,383456","Berlin","168","52,52437 13,41053","Directed","Hotel Bristol Berlin–Berlin","3"
"Berlin","168","52,52437 13,41053","Hotel de Rome","215","52,51664 13,38774","Directed","Berlin–Hotel de Rome","1"
"Meidlinger Hauptstraße 56","365563","48,177598 16,329723","Sternwartestraße 71","168815","48,23188 16,33716","Directed","Meidlinger Hauptstraße 56–Sternwartestraße 71","1"
"St. Gilgen","33","47,76667 13,36667","Bad Aussee","415","47,60998 13,78243","Directed","St. Gilgen–Bad Aussee","2"
"Frankfurt am Main","146","50,11552 8,68417","Paris","182","48,85341 2,3488","Directed","Frankfurt am Main–Paris","2"
"Berggasse 19","253790","48,218652 16,363025","Edmund-Weiß-Gasse 7","168940","48,2304 16,33472","Directed","Berggasse 19–Edmund-Weiß-Gasse 7","1"
"Charlottenburg","9925","52,516667 13,3","Helsingør","726","56,03606 12,6136","Directed","Charlottenburg–Helsingør","1"
"1/1 Post- und Telegraphenamt 1","365214","48,209928 16,379065","Südbahnhotel [Semmering]","413","47,647222 15,83","Directed","1/1 Post- und Telegraphenamt 1–Südbahnhotel [Semmering]","1"
"Bad Ischl","213","47,71109 13,61893","Gasthof Fritz","43036","46,82779 13,34913","Directed","Bad Ischl–Gasthof Fritz","1"
"Gasthof Fritz","43036","46,82779 13,34913","Vahrn","946","46,73901 11,63749","Directed","Gasthof Fritz–Vahrn","1"
"Sternwartestraße 71","168815","48,23188 16,33716","84, rue de Longchamp","300061","48,8657381912549 2,28383352821815","Directed","Sternwartestraße 71–84, rue de Longchamp","1"
"Sternwartestraße 71","168815","48,23188 16,33716","Poschingerstraße","1213","48,15353 11,6038","Directed","Sternwartestraße 71–Poschingerstraße","1"
"18/1 Post- und Telegraphenamt 110","365223","48,22513 16,343276","Svendborg","58988","55,05982 10,60677","Directed","18/1 Post- und Telegraphenamt 110–Svendborg","1"
"Svendborg","58988","55,05982 10,60677","Thurø","65738","55,04767 10,69703","Directed","Svendborg–Thurø","1"
"Thurø","65738","55,04767 10,69703","Kopenhagen","36300","55,67594 12,56553","Directed","Thurø–Kopenhagen","1"
"Roma Termini","148287","41,900648 12,501755","Sternwartestraße 71","168815","48,23188 16,33716","Directed","Roma Termini–Sternwartestraße 71","1"
"Villa Mauthner-Markhof","144","47,65067 15,821452","Semmering","189","47,64224 15,8241","Directed","Villa Mauthner-Markhof–Semmering","1"
"Semmering","189","47,64224 15,8241","Sternwartestraße 71","168815","48,23188 16,33716","Directed","Semmering–Sternwartestraße 71","1"
"Wien","50","48,208333 16,373056","Lido","259","45,38333 12,35","Directed","Wien–Lido","1"
"Wien","50","48,208333 16,373056","Willergasse 2","231810","48,139276 16,257741","Directed","Wien–Willergasse 2","3"
"Wien","50","48,208333 16,373056","Wildbad Waldbrunn","723","46,751211 12,101269","Directed","Wien–Wildbad Waldbrunn","1"
"Altaussee","34401","47,639444 13,763333","Berlin","168","52,52437 13,41053","Directed","Altaussee–Berlin","1"
"Postamt Salzburg Stadt","365625","47,797964 13,047662","Reichenau an der Rax","483","47,7 15,83333","Directed","Postamt Salzburg Stadt–Reichenau an der Rax","1"
"Reichenau an der Rax","483","47,7 15,83333","Kurhaus Rudolfsbad","44982","47,69852 15,84453","Directed","Reichenau an der Rax–Kurhaus Rudolfsbad","1"
"9/3 Post- und Telegraphenamt 72","365208","48,216197 16,356623","Kaiser-Franz-Ring 54","365095","48,010891 16,242066","Directed","9/3 Post- und Telegraphenamt 72–Kaiser-Franz-Ring 54","1"
"Kaiser-Franz-Ring 54","365095","48,010891 16,242066","1/1 Post- und Telegraphenamt 1","365214","48,209928 16,379065","Directed","Kaiser-Franz-Ring 54–1/1 Post- und Telegraphenamt 1","1"
"Grüner Baum","53850","48,00909 16,23376","Baden bei Wien","662","48,00543 16,23264","Directed","Grüner Baum–Baden bei Wien","1"
"Baden bei Wien","662","48,00543 16,23264","Hasenauerstraße 59","235251","48,23365 16,33494","Directed","Baden bei Wien–Hasenauerstraße 59","1"
"Frankgasse 1","168934","48,21533 16,35736","Hôtel Hassler","623","41,90627 12,4829","Directed","Frankgasse 1–Hôtel Hassler","1"
"Dessauer Straße","40583","52,504956 13,378587","9/2 Post- und Telegraphenamt 71","365211","48,218574 16,35084","Directed","Dessauer Straße–9/2 Post- und Telegraphenamt 71","1"
"Südbahnhof","132","48,187455471378 16,379829498031","10/2 Post- und Telegraphenamt 76","365402","48,18666 16,37984","Directed","Südbahnhof–10/2 Post- und Telegraphenamt 76","1"
"Nürnberg","44172","49,45421 11,07752","1/1 Post- und Telegraphenamt 1","365214","48,209928 16,379065","Directed","Nürnberg–1/1 Post- und Telegraphenamt 1","1"
"Sensengasse","59722","48,21947591552332 16,35293401207829","9/3 Post- und Telegraphenamt 72","365208","48,216197 16,356623","Directed","Sensengasse–9/3 Post- und Telegraphenamt 72","1"
"9/3 Post- und Telegraphenamt 72","365208","48,216197 16,356623","9/3 Post- und Telegraphenamt 72","365208","48,216197 16,356623","Directed","9/3 Post- und Telegraphenamt 72–9/3 Post- und Telegraphenamt 72","1"
"Eibsee","90567","47,45601 10,97311","Tiefer Graben 17","207301","48,212284 16,367725","Directed","Eibsee–Tiefer Graben 17","1"
"1/1 Post- und Telegraphenamt 10","365217","48,210234 16,357213","18/1 Post- und Telegraphenamt 110","365223","48,22513 16,343276","Directed","1/1 Post- und Telegraphenamt 10–18/1 Post- und Telegraphenamt 110","1"
"13/7 Post- und Telegraphenamt 94","365275","48,187928 16,266541","Berlin","168","52,52437 13,41053","Directed","13/7 Post- und Telegraphenamt 94–Berlin","1"
"Rab [Stadt]","334746","44,75697971262979 14,759960156402798","Rab [Stadt]","334746","44,75697971262979 14,759960156402798","Directed","Rab [Stadt]–Rab [Stadt]","1"
"Rab [Stadt]","334746","44,75697971262979 14,759960156402798","Sternwartestraße 71","168815","48,23188 16,33716","Directed","Rab [Stadt]–Sternwartestraße 71","1"
"Bad Ischl","213","47,71109 13,61893","Insel Hiddensee","45270","54,56689 13,10411","Directed","Bad Ischl–Insel Hiddensee","1"
"Biel","36477","47,13713 7,24608","Biel","36477","47,13713 7,24608","Directed","Biel–Biel","1"
"Biel","36477","47,13713 7,24608","Steindorf am Ossiacher See","34860","46,6992 13,98892","Directed","Biel–Steindorf am Ossiacher See","1"
"18/1 Post- und Telegraphenamt 110","365223","48,22513 16,343276","1/1 Post- und Telegraphenamt 11","365284","48,207483 16,368355","Directed","18/1 Post- und Telegraphenamt 110–1/1 Post- und Telegraphenamt 11","1"
"1/1 Post- und Telegraphenamt 11","365284","48,207483 16,368355","1/1 Telegraphen-Central-Station C.R.","290824","48,2139 16,3665","Directed","1/1 Post- und Telegraphenamt 11–1/1 Telegraphen-Central-Station C.R.","1"
"Yokohama","53977","35,43333 139,65","Yokohama","53977","35,43333 139,65","Directed","Yokohama–Yokohama","1"
"Cortina d’Ampezzo","34199","46,5369 12,13903","Wien","50","48,208333 16,373056","Directed","Cortina d’Ampezzo–Wien","1"
"Brijuni","45260","44,91417 13,76222","Hotel Waldhaus am See","51935","46,49703 9,84903","Directed","Brijuni–Hotel Waldhaus am See","1"
"Bad Ischl","213","47,71109 13,61893","Vahrn","946","46,73901 11,63749","Directed","Bad Ischl–Vahrn","1"
"Indischer Ozean","118674","-22,0 76,0","Sri Lanka","44342","7,75 80,75","Directed","Indischer Ozean–Sri Lanka","1"
"Sri Lanka","44342","7,75 80,75","Wien","50","48,208333 16,373056","Directed","Sri Lanka–Wien","1"
"Sanatorium am Königspark","143582","51,04911361 13,83213937","Dresden","866","51,0833 13,7666","Directed","Sanatorium am Königspark–Dresden","1"
"Trient","954","46,06787 11,12108","Trient","954","46,06787 11,12108","Directed","Trient–Trient","1"
"Trient","954","46,06787 11,12108","9/3 Post- und Telegraphenamt 72","365208","48,216197 16,356623","Directed","Trient–9/3 Post- und Telegraphenamt 72","1"
"Rovereto","100867","45,886444 11,045222","Wien","50","48,208333 16,373056","Directed","Rovereto–Wien","1"
"Badehotellet","1091","55,826747 12,574733","Skodsborg","958","55,8225 12,57324","Directed","Badehotellet–Skodsborg","1"
"Skodsborg","958","55,8225 12,57324","Rodaun","173","48,132793312328 16,256152195922","Directed","Skodsborg–Rodaun","1"
"Kairo","839","30,06263 31,24967","Kairo","839","30,06263 31,24967","Directed","Kairo–Kairo","1"
"Kairo","839","30,06263 31,24967","XVIII., Währing","68","48,23333 16,31667","Directed","Kairo–XVIII., Währing","1"
"Tremezzo","91936","45,98423 9,21613","Tremezzo","91936","45,98423 9,21613","Directed","Tremezzo–Tremezzo","1"
"Tremezzo","91936","45,98423 9,21613","Edmund-Weiß-Gasse 7","168940","48,2304 16,33472","Directed","Tremezzo–Edmund-Weiß-Gasse 7","1"
"Frankgasse 1","168934","48,21533 16,35736","Korunní 1153/78","333990","50,075283 14,4517283","Directed","Frankgasse 1–Korunní 1153/78","1"
"9/4 Post- und Telegraphenamt 68","365615","48,22611 16,361111","8/1 Post- und Telegraphenamt 64","365450","48,210695 16,351186","Directed","9/4 Post- und Telegraphenamt 68–8/1 Post- und Telegraphenamt 64","1"
"8/1 Post- und Telegraphenamt 64","365450","48,210695 16,351186","Kochgasse 8","249577","48,212327 16,349717","Directed","8/1 Post- und Telegraphenamt 64–Kochgasse 8","2"
"Spittal an der Drau","41052","46,8 13,5","Berlin","168","52,52437 13,41053","Directed","Spittal an der Drau–Berlin","1"
"Salesianergasse 12","192623","48,198484 16,380905","III., Landstraße","53","48,19811 16,39482","Directed","Salesianergasse 12–III., Landstraße","1"
"III., Landstraße","53","48,19811 16,39482","Frankgasse 1","168934","48,21533 16,35736","Directed","III., Landstraße–Frankgasse 1","1"
"Würzburg","852","49,79391 9,95121","Würzburg","852","49,79391 9,95121","Directed","Würzburg–Würzburg","1"
"Würzburg","852","49,79391 9,95121","Edmund-Weiß-Gasse 7","168940","48,2304 16,33472","Directed","Würzburg–Edmund-Weiß-Gasse 7","1"
"Kurhaus Rudolfsbad","44982","47,69852 15,84453","Reichenau an der Rax","483","47,7 15,83333","Directed","Kurhaus Rudolfsbad–Reichenau an der Rax","1"
"Reichenau an der Rax","483","47,7 15,83333","Willergasse 2","231810","48,139276 16,257741","Directed","Reichenau an der Rax–Willergasse 2","1"
"Hahnensee","52028","46,466667 9,833333","St. Moritz","44374","46,49937 9,84327","Directed","Hahnensee–St. Moritz","1"
"9/4 Post- und Telegraphenamt 68","365615","48,22611 16,361111","13/7 Post- und Telegraphenamt 94","365275","48,187928 16,266541","Directed","9/4 Post- und Telegraphenamt 68–13/7 Post- und Telegraphenamt 94","1"
"St. Moritz-Bad","52277","46,46667 9,83333","Wien","50","48,208333 16,373056","Directed","St. Moritz-Bad–Wien","1"
"Paris","182","48,85341 2,3488","Prag","652","50,08333 14,46667","Directed","Paris–Prag","1"
"Grand Hotel Stockholm","40705","59,329722 18,075556","Schweden","44335","62,0 15,0","Directed","Grand Hotel Stockholm–Schweden","1"
"Schweden","44335","62,0 15,0","Hotel Kongen af Danmark","40903","55,676944 12,586111","Directed","Schweden–Hotel Kongen af Danmark","1"
"Peking","118369","39,9075 116,39723","Wien","50","48,208333 16,373056","Directed","Peking–Wien","1"
"Charlottenburg","9925","52,516667 13,3","Edmund-Weiß-Gasse 7","168940","48,2304 16,33472","Directed","Charlottenburg–Edmund-Weiß-Gasse 7","1"
"13/7 Post- und Telegraphenamt 94","365275","48,187928 16,266541","18/1 Post- und Telegraphenamt 110","365223","48,22513 16,343276","Directed","13/7 Post- und Telegraphenamt 94–18/1 Post- und Telegraphenamt 110","3"
"Bregenz","40321","47,50311 9,7471","Lochau","91159","47,53333 9,75","Directed","Bregenz–Lochau","1"
"Lochau","91159","47,53333 9,75","Tiefer Graben 17","207301","48,212284 16,367725","Directed","Lochau–Tiefer Graben 17","1"
"18/1 Post- und Telegraphenamt 110","365223","48,22513 16,343276","Wien","50","48,208333 16,373056","Directed","18/1 Post- und Telegraphenamt 110–Wien","2"
"Sensengasse","59722","48,21947591552332 16,35293401207829","1/1 Post- und Telegraphenamt 1","365214","48,209928 16,379065","Directed","Sensengasse–1/1 Post- und Telegraphenamt 1","1"
"Paris","182","48,85341 2,3488","Boulevard des Italiens","296841","48,871419 2,336997","Directed","Paris–Boulevard des Italiens","1"
"Boulevard des Italiens","296841","48,871419 2,336997","Sternwartestraße 71","168815","48,23188 16,33716","Directed","Boulevard des Italiens–Sternwartestraße 71","1"
"Privat-Hotel Badrutt","239882","46,497148 9,840633","St. Moritz","44374","46,49937 9,84327","Directed","Privat-Hotel Badrutt–St. Moritz","1"
"St. Moritz","44374","46,49937 9,84327","Hasenauerstraße 59","235251","48,23365 16,33494","Directed","St. Moritz–Hasenauerstraße 59","1"
"Unbekannt","245386","nicht vorhanden","Interlaken","916","46,68387 7,86638","Directed","Unbekannt–Interlaken","1"
"Interlaken","916","46,68387 7,86638","Hasenauerstraße 59","235251","48,23365 16,33494","Directed","Interlaken–Hasenauerstraße 59","1"
"Wien","50","48,208333 16,373056","Schloss Arenberg","160","47,80003 13,05858","Directed","Wien–Schloss Arenberg","1"
"Sternwartestraße 71","168815","48,23188 16,33716","Zistersdorf","44400","48,53585 16,75613","Directed","Sternwartestraße 71–Zistersdorf","1"
"Bansin","147498","53,95988 14,12954","Bansin","147498","53,95988 14,12954","Directed","Bansin–Bansin","1"
"Bansin","147498","53,95988 14,12954","XVIII., Währing","68","48,23333 16,31667","Directed","Bansin–XVIII., Währing","1"
"Hotel du Lac","40812","45,883097 10,852736","Tiefer Graben 23","207296","48,213038 16,368738","Directed","Hotel du Lac–Tiefer Graben 23","1"
"Weißenbach am Attersee","34344","47,8004 13,5358","Cresta Palace","1138","46,512179 9,85759","Directed","Weißenbach am Attersee–Cresta Palace","1"
"Celerina","12589","46,5146 9,8622","Hotel Lattmann","50232","47,0019297 9,5004627","Directed","Celerina–Hotel Lattmann","1"
"Hotel Lattmann","50232","47,0019297 9,5004627","Bad Ragaz","49990","47,00601 9,50266","Directed","Hotel Lattmann–Bad Ragaz","1"
"Bad Ragaz","49990","47,00601 9,50266","Sternwartestraße 71","168815","48,23188 16,33716","Directed","Bad Ragaz–Sternwartestraße 71","1"
"Hotel Kaiserkrone","655","47,71356 13,61926","Bad Ischl","213","47,71109 13,61893","Directed","Hotel Kaiserkrone–Bad Ischl","4"
"Bad Ischl","213","47,71109 13,61893","Weißenbach am Attersee","34344","47,8004 13,5358","Directed","Bad Ischl–Weißenbach am Attersee","2"
"Genf","562","46,20222 6,14569","Hasenauerstraße 59","235251","48,23365 16,33494","Directed","Genf–Hasenauerstraße 59","1"
"18/1 Post- und Telegraphenamt 110","365223","48,22513 16,343276","Tiefer Graben 17","207301","48,212284 16,367725","Directed","18/1 Post- und Telegraphenamt 110–Tiefer Graben 17","1"
"Venedig","462","45,43713 12,33265","Hotel de l’Europe [Venedig]","34050","45,432304 12,336899","Directed","Venedig–Hotel de l’Europe [Venedig]","1"
"Pressbaum","44271","48,18333 16,08333","Bad Ischl","213","47,71109 13,61893","Directed","Pressbaum–Bad Ischl","1"
"Lavarone","461","45,93632 11,27206","Wien","50","48,208333 16,373056","Directed","Lavarone–Wien","1"
"Grand Hôtel National [Menton]","251927","43,777129 7,497536","Nusswaldgasse 22","238485","48,24422 16,353139","Directed","Grand Hôtel National [Menton]–Nusswaldgasse 22","1"
"Grado","53379","45,67774 13,40323","Edmund-Weiß-Gasse 7","168940","48,2304 16,33472","Directed","Grado–Edmund-Weiß-Gasse 7","1"
"Reifnitz [Maria Wörth]","334808","46,6058 14,1814","Reifnitz [Maria Wörth]","334808","46,6058 14,1814","Directed","Reifnitz [Maria Wörth]–Reifnitz [Maria Wörth]","1"
"Reifnitz [Maria Wörth]","334808","46,6058 14,1814","Wien","50","48,208333 16,373056","Directed","Reifnitz [Maria Wörth]–Wien","1"
"Puchberg am Schneeberg","48761","47,78709 15,91352","Wollzeile 15 (»Berthahof«)","190427","48,208656 16,375924","Directed","Puchberg am Schneeberg–Wollzeile 15 (»Berthahof«)","1"
"18/1 Post- und Telegraphenamt 111","365226","48,230794 16,344569","12/1 Post- und Telegraphenamt 82","365607","48,18272 16,329538","Directed","18/1 Post- und Telegraphenamt 111–12/1 Post- und Telegraphenamt 82","1"
"12/1 Post- und Telegraphenamt 82","365607","48,18272 16,329538","12/1 Post- und Telegraphenamt 82","365607","48,18272 16,329538","Directed","12/1 Post- und Telegraphenamt 82–12/1 Post- und Telegraphenamt 82","1"
"12/1 Post- und Telegraphenamt 82","365607","48,18272 16,329538","Meidlinger Hauptstraße 56","365563","48,177598 16,329723","Directed","12/1 Post- und Telegraphenamt 82–Meidlinger Hauptstraße 56","1"
"Mailand","886","45,46427 9,18951","Mailand","886","45,46427 9,18951","Directed","Mailand–Mailand","1"
"Mailand","886","45,46427 9,18951","Frankgasse 1","168934","48,21533 16,35736","Directed","Mailand–Frankgasse 1","1"
"Villa Waldfrieden","340535","52,476027 13,287052","Frankgasse 1","168934","48,21533 16,35736","Directed","Villa Waldfrieden–Frankgasse 1","1"
"Cresta Palace","1138","46,512179 9,85759","Kopenhagen","36300","55,67594 12,56553","Directed","Cresta Palace–Kopenhagen","1"
"Villa Dr. Wassing","34014","47,119503 13,140375","Tschortkiw","45274","49,01701 25,79808","Directed","Villa Dr. Wassing–Tschortkiw","1"
"Frankfurt am Main","146","50,11552 8,68417","Toblach","987","46,72493 12,22109","Directed","Frankfurt am Main–Toblach","1"
"Windischgarsten","39930","47,72183 14,32823","Tiefer Graben 23","207296","48,213038 16,368738","Directed","Windischgarsten–Tiefer Graben 23","1"
"Charlottenburg","9925","52,516667 13,3","Charlottenburg","9925","52,516667 13,3","Directed","Charlottenburg–Charlottenburg","1"
"Charlottenburg","9925","52,516667 13,3","Postbestellbezirk 1/1","405263","48,208742 16,378142","Directed","Charlottenburg–Postbestellbezirk 1/1","1"
"Postbestellbezirk 1/1","405263","48,208742 16,378142","Wien","50","48,208333 16,373056","Directed","Postbestellbezirk 1/1–Wien","1"
"1/1 Post- und Telegraphenamt 1","365214","48,209928 16,379065","9/1 Post- und Telegraphenamt 66","365266","48,219619 16,3617","Directed","1/1 Post- und Telegraphenamt 1–9/1 Post- und Telegraphenamt 66","1"
"Breslau","677","51,10773 17,03533","Garmisch-Partenkirchen","667","47,49209 11,09576","Directed","Breslau–Garmisch-Partenkirchen","1"
"Garmisch-Partenkirchen","667","47,49209 11,09576","Berlin","168","52,52437 13,41053","Directed","Garmisch-Partenkirchen–Berlin","1"
"Venedig","462","45,43713 12,33265","Santa Maria Elisabetta","843","45,41748 12,36861","Directed","Venedig–Santa Maria Elisabetta","2"
"Santa Maria Elisabetta","843","45,41748 12,36861","Santa Maria Elisabetta","843","45,41748 12,36861","Directed","Santa Maria Elisabetta–Santa Maria Elisabetta","1"
"Meidlinger Hauptstraße 56","365563","48,177598 16,329723","Beamtenkurhaus zum Goldenden Kreuz","47712","50,2357 12,8698","Directed","Meidlinger Hauptstraße 56–Beamtenkurhaus zum Goldenden Kreuz","1"
"Beamtenkurhaus zum Goldenden Kreuz","47712","50,2357 12,8698","Meidlinger Hauptstraße 56","365563","48,177598 16,329723","Directed","Beamtenkurhaus zum Goldenden Kreuz–Meidlinger Hauptstraße 56","1"
"Riva del Garda","465","45,88576 10,84118","Gardone Riviera","374","45,62499 10,56527","Directed","Riva del Garda–Gardone Riviera","1"
"Wien","50","48,208333 16,373056","Weißenbach am Attersee","34344","47,8004 13,5358","Directed","Wien–Weißenbach am Attersee","1"
"Villa Elena","51732","45,414872 12,375877","Venedig","462","45,43713 12,33265","Directed","Villa Elena–Venedig","1"
"Venedig","462","45,43713 12,33265","Edlach an der Rax","470","47,69255 15,80915","Directed","Venedig–Edlach an der Rax","1"
"Wien","50","48,208333 16,373056","1/1 Telegrafenamt 18","365486","48,208761 16,375559","Directed","Wien–1/1 Telegrafenamt 18","1"
"1/1 Telegrafenamt 18","365486","48,208761 16,375559","17/1 Post- und Telegraphenamt 105","405251","48,21943 16,336136","Directed","1/1 Telegrafenamt 18–17/1 Post- und Telegraphenamt 105","1"
"17/1 Post- und Telegraphenamt 105","405251","48,21943 16,336136","18/1 Post- und Telegraphenamt 111","365226","48,230794 16,344569","Directed","17/1 Post- und Telegraphenamt 105–18/1 Post- und Telegraphenamt 111","1"
"Lauffen","35658","47,67203 13,61438","Wien","50","48,208333 16,373056","Directed","Lauffen–Wien","2"
"Como","60525","45,80819 9,0832","Cernobbio","147235","45,841667 9,077778","Directed","Como–Cernobbio","1"
"Cernobbio","147235","45,841667 9,077778","Wien","50","48,208333 16,373056","Directed","Cernobbio–Wien","1"
"Wien","50","48,208333 16,373056","Hotel und Pension Lueg","824","47,753992 13,372111","Directed","Wien–Hotel und Pension Lueg","1"
"Hotel Deutscher Kaiser","88963","49,44914 11,079535","Zirndorf","40867","49,4424 10,95414","Directed","Hotel Deutscher Kaiser–Zirndorf","1"
"Zirndorf","40867","49,4424 10,95414","Tiefer Graben 23","207296","48,213038 16,368738","Directed","Zirndorf–Tiefer Graben 23","1"
"Wartburg","143185","50,96605 10,30646","Wartburg","143185","50,96605 10,30646","Directed","Wartburg–Wartburg","1"
"Wartburg","143185","50,96605 10,30646","Edmund-Weiß-Gasse 7","168940","48,2304 16,33472","Directed","Wartburg–Edmund-Weiß-Gasse 7","1"
"Kaiser-Franz-Ring 54","365095","48,010891 16,242066","Frankgasse 1","168934","48,21533 16,35736","Directed","Kaiser-Franz-Ring 54–Frankgasse 1","2"
"10/2 Post- und Telegraphenamt 76","365402","48,18666 16,37984","1/1 Telegramm- und Rohrpostamt 2","365269","48,210441 16,378488","Directed","10/2 Post- und Telegraphenamt 76–1/1 Telegramm- und Rohrpostamt 2","1"
"Pörtschach am Wörthersee","44278","46,635556 14,1425","Frankgasse 1","168934","48,21533 16,35736","Directed","Pörtschach am Wörthersee–Frankgasse 1","1"
"Hotel Hermann Blode","298436","55,310876 21,010934","Nida","298432","55,303973 21,00532","Directed","Hotel Hermann Blode–Nida","1"
"Nida","298432","55,303973 21,00532","Sternwartestraße 71","168815","48,23188 16,33716","Directed","Nida–Sternwartestraße 71","1"
"Wien","50","48,208333 16,373056","Hotel Austria [Gmunden]","245236","47,91762 13,79877","Directed","Wien–Hotel Austria [Gmunden]","1"
"Wien","50","48,208333 16,373056","V., Margareten","55","48,18646 16,35491","Directed","Wien–V., Margareten","1"
"V., Margareten","55","48,18646 16,35491","3/2 Post- und Telegraphenamt 45","365287","48,208497 16,392674","Directed","V., Margareten–3/2 Post- und Telegraphenamt 45","1"
"9/4 Post- und Telegraphenamt 68","365615","48,22611 16,361111","Meidlinger Hauptstraße 56","365563","48,177598 16,329723","Directed","9/4 Post- und Telegraphenamt 68–Meidlinger Hauptstraße 56","1"
"Wien","50","48,208333 16,373056","18/1 Post- und Telegraphenamt 111","365226","48,230794 16,344569","Directed","Wien–18/1 Post- und Telegraphenamt 111","1"
"San Sebastian","40165","43,31283 -1,97499","San Sebastian","40165","43,31283 -1,97499","Directed","San Sebastian–San Sebastian","1"
"San Sebastian","40165","43,31283 -1,97499","1/1 Post- und Telegraphenamt 1","365214","48,209928 16,379065","Directed","San Sebastian–1/1 Post- und Telegraphenamt 1","1"
"Madonna di Campiglio","427","46,22671 10,82582","Wien","50","48,208333 16,373056","Directed","Madonna di Campiglio–Wien","1"
"Pörtschach am Wörthersee","44278","46,635556 14,1425","St. Anton am Arlberg","212","47,1275 10,26372","Directed","Pörtschach am Wörthersee–St. Anton am Arlberg","1"
"Bad Aussee","415","47,60998 13,78243","Berlin","168","52,52437 13,41053","Directed","Bad Aussee–Berlin","1"
"Leukerbad","145560","46,37943 7,62687","Hinterbrühl","75","48,08611 16,24809","Directed","Leukerbad–Hinterbrühl","1"
"Hauptbahnhof Salzburg","50792","47,813139 13,045769","IX., Alsergrund","59","48,22387 16,35641","Directed","Hauptbahnhof Salzburg–IX., Alsergrund","1"
"Frankgasse 1","168934","48,21533 16,35736","Salzburg","30","47,80067 13,04532","Directed","Frankgasse 1–Salzburg","1"
"Venedig","462","45,43713 12,33265","Stazione di Venezia Santa Lucia","850","45,44143 12,32024","Directed","Venedig–Stazione di Venezia Santa Lucia","1"
"Stazione di Venezia Santa Lucia","850","45,44143 12,32024","XVIII., Währing","68","48,23333 16,31667","Directed","Stazione di Venezia Santa Lucia–XVIII., Währing","1"
"3/1 Post- und Telegraphenamt 40","365294","48,203159 16,38967","1/1 Post- und Telegraphenamt 15","365220","48,20246 16,370739","Directed","3/1 Post- und Telegraphenamt 40–1/1 Post- und Telegraphenamt 15","2"
"1/1 Post- und Telegraphenamt 15","365220","48,20246 16,370739","Ordination Arthur Schnitzler [Bösendorferstraße 11]","167789","48,2012 16,37188","Directed","1/1 Post- und Telegraphenamt 15–Ordination Arthur Schnitzler [Bösendorferstraße 11]","2"
"Carbonin","44317","46,62111 12,21722","Carbonin","44317","46,62111 12,21722","Directed","Carbonin–Carbonin","1"
"Carbonin","44317","46,62111 12,21722","9/3 Post- und Telegraphenamt 72","365208","48,216197 16,356623","Directed","Carbonin–9/3 Post- und Telegraphenamt 72","1"
"Tianjin","118682","39,03839 117,17994","Wien","50","48,208333 16,373056","Directed","Tianjin–Wien","1"
"Sternwartestraße 71","168815","48,23188 16,33716","Städtische Kuranstalt","334794","48,00392 16,2386929","Directed","Sternwartestraße 71–Städtische Kuranstalt","1"
"Frankgasse 1","168934","48,21533 16,35736","5/1 Post- und Telegraphenamt 56","365648","48,197184 16,353198","Directed","Frankgasse 1–5/1 Post- und Telegraphenamt 56","1"
"5/1 Post- und Telegraphenamt 56","365648","48,197184 16,353198","St. Gilgen","33","47,76667 13,36667","Directed","5/1 Post- und Telegraphenamt 56–St. Gilgen","1"
"St. Gilgen","33","47,76667 13,36667","Fürberg","40276","47,76667 13,38333","Directed","St. Gilgen–Fürberg","1"
"Mahlerstraße 13","232296","48,202526 16,372966","1/1 Post- und Telegraphenamt 15","365220","48,20246 16,370739","Directed","Mahlerstraße 13–1/1 Post- und Telegraphenamt 15","1"
"1/1 Post- und Telegraphenamt 15","365220","48,20246 16,370739","1/1 Post- und Telegraphenamt 1","365214","48,209928 16,379065","Directed","1/1 Post- und Telegraphenamt 15–1/1 Post- und Telegraphenamt 1","1"
"Obere Donaustraße 59","333976","48,217918 16,373282","2/3 Post- und Telegraphenamt 34","365233","48,214951 16,375785","Directed","Obere Donaustraße 59–2/3 Post- und Telegraphenamt 34","2"
"2/3 Post- und Telegraphenamt 34","365233","48,214951 16,375785","9/3 Post- und Telegraphenamt 72","365208","48,216197 16,356623","Directed","2/3 Post- und Telegraphenamt 34–9/3 Post- und Telegraphenamt 72","2"
"1/1 Post- und Telegraphenamt 8","365555","48,214719 16,368323","Altaussee","34401","47,639444 13,763333","Directed","1/1 Post- und Telegraphenamt 8–Altaussee","1"
"5, rue de Maubeuge","592","48,876475 2,340852","2 Bureau de poste, Rue Milton, 1","365471","48,876705 2,3403","Directed","5, rue de Maubeuge–2 Bureau de poste, Rue Milton, 1","1"
"2 Bureau de poste, Rue Milton, 1","365471","48,876705 2,3403","I., Innere Stadt","51","48,20769 16,37049","Directed","2 Bureau de poste, Rue Milton, 1–I., Innere Stadt","1"
"Unbekannt","255506","nicht vorhanden","1/1 Post- und Telegraphenamt 1","365214","48,209928 16,379065","Directed","Unbekannt–1/1 Post- und Telegraphenamt 1","1"
"1/1 Post- und Telegraphenamt 1","365214","48,209928 16,379065","Sternwartestraße 71","168815","48,23188 16,33716","Directed","1/1 Post- und Telegraphenamt 1–Sternwartestraße 71","1"
"Skagen","44328","57,72093 10,58394","Skagen","44328","57,72093 10,58394","Directed","Skagen–Skagen","1"
"Skagen","44328","57,72093 10,58394","Sternwartestraße 71","168815","48,23188 16,33716","Directed","Skagen–Sternwartestraße 71","1"
"Millstatt am See","41069","46,8052 13,5733","Wien","50","48,208333 16,373056","Directed","Millstatt am See–Wien","1"
"1/1 Post- und Telegraphenamt 1","365214","48,209928 16,379065","Velden am Wörthersee","909","46,61901 14,03129","Directed","1/1 Post- und Telegraphenamt 1–Velden am Wörthersee","1"
"Ilmenau","2351","50,6912 10,9199","Ilmenau","2351","50,6912 10,9199","Directed","Ilmenau–Ilmenau","1"
"Ilmenau","2351","50,6912 10,9199","Tiefer Graben 23","207296","48,213038 16,368738","Directed","Ilmenau–Tiefer Graben 23","1"
"Lueg","186","47,754041 13,372211","St. Gilgen","33","47,76667 13,36667","Directed","Lueg–St. Gilgen","1"
"Las Palmas de Gran Canaria","44097","28,09973 -15,41343","Tiefer Graben 17","207301","48,212284 16,367725","Directed","Las Palmas de Gran Canaria–Tiefer Graben 17","1"
"Weißer Hirsch","341236","51,06287 13,82063","Frankgasse 1","168934","48,21533 16,35736","Directed","Weißer Hirsch–Frankgasse 1","1"
"München","45258","48,13743 11,57549","9/2 Post- und Telegraphenamt 71","365211","48,218574 16,35084","Directed","München–9/2 Post- und Telegraphenamt 71","1"
"Berlin","168","52,52437 13,41053","1/1 Telegramm- und Rohrpostamt 2","365269","48,210441 16,378488","Directed","Berlin–1/1 Telegramm- und Rohrpostamt 2","1"
"Städtische Kuranstalt","334794","48,00392 16,2386929","Baden bei Wien","662","48,00543 16,23264","Directed","Städtische Kuranstalt–Baden bei Wien","1"
"Krütznergasse","33993","48,22578 16,34851","VIII., Josefstadt","58","48,21126 16,34706","Directed","Krütznergasse–VIII., Josefstadt","1"
"VIII., Josefstadt","58","48,21126 16,34706","IX., Alsergrund","59","48,22387 16,35641","Directed","VIII., Josefstadt–IX., Alsergrund","1"
"Genua","994","44,40478 8,94439","IX., Alsergrund","59","48,22387 16,35641","Directed","Genua–IX., Alsergrund","1"
"Casa Petrarca","305","45,43507 12,33541","Verona Porta Nuova","365444","45,429167 10,982222","Directed","Casa Petrarca–Verona Porta Nuova","1"
"Sternwartestraße 71","168815","48,23188 16,33716","Kurhotellet","41010","56,044988 12,603924","Directed","Sternwartestraße 71–Kurhotellet","1"
"Breitenfurt bei Wien","1022","48,13333 16,15","Breitenfurt bei Wien","1022","48,13333 16,15","Directed","Breitenfurt bei Wien–Breitenfurt bei Wien","1"
"Breitenfurt bei Wien","1022","48,13333 16,15","9/2 Post- und Telegraphenamt 71","365211","48,218574 16,35084","Directed","Breitenfurt bei Wien–9/2 Post- und Telegraphenamt 71","1"
"Paris","182","48,85341 2,3488","München","45258","48,13743 11,57549","Directed","Paris–München","1"
"Hodonín","49823","48,84893 17,13244","Wien","50","48,208333 16,373056","Directed","Hodonín–Wien","1"
"Villa Iris","1158","nicht vorhanden","Hornbæk","44089","56,09027 12,45693","Directed","Villa Iris–Hornbæk","1"
"Hornbæk","44089","56,09027 12,45693","Sternwartestraße 71","168815","48,23188 16,33716","Directed","Hornbæk–Sternwartestraße 71","1"
"München","45258","48,13743 11,57549","Santa Maria Elisabetta","843","45,41748 12,36861","Directed","München–Santa Maria Elisabetta","1"
"Santa Maria Elisabetta","843","45,41748 12,36861","Grand Hotel des Bains","40983","45,413333 12,374722","Directed","Santa Maria Elisabetta–Grand Hotel des Bains","2"
"Edmund-Weiß-Gasse 7","168940","48,2304 16,33472","9/2 Post- und Telegraphenamt 71","365211","48,218574 16,35084","Directed","Edmund-Weiß-Gasse 7–9/2 Post- und Telegraphenamt 71","1"
"9/2 Post- und Telegraphenamt 71","365211","48,218574 16,35084","18/1 Post- und Telegraphenamt 111","365226","48,230794 16,344569","Directed","9/2 Post- und Telegraphenamt 71–18/1 Post- und Telegraphenamt 111","1"
"I., Innere Stadt","51","48,20769 16,37049","Edmund-Weiß-Gasse 7","168940","48,2304 16,33472","Directed","I., Innere Stadt–Edmund-Weiß-Gasse 7","1"
"Pegli","41022","44,42445 8,81213","Rodaun","173","48,132793312328 16,256152195922","Directed","Pegli–Rodaun","1"
"Ascona","49872","46,15451 8,77327","Ascona","49872","46,15451 8,77327","Directed","Ascona–Ascona","1"
"Ascona","49872","46,15451 8,77327","Bülowstraße 90","233777","52,498452 13,360365","Directed","Ascona–Bülowstraße 90","1"
"Bülowstraße 90","233777","52,498452 13,360365","Sternwartestraße 71","168815","48,23188 16,33716","Directed","Bülowstraße 90–Sternwartestraße 71","1"
"Hotel Simson","51937","47,90798 11,27453","Tutzing","44493","47,90938 11,2803","Directed","Hotel Simson–Tutzing","1"
"Tutzing","44493","47,90938 11,2803","Hasenauerstraße 59","235251","48,23365 16,33494","Directed","Tutzing–Hasenauerstraße 59","1"
"Houlgate","63049","49,299 -0,08153","Wien","50","48,208333 16,373056","Directed","Houlgate–Wien","1"
"Frankgasse 1","168934","48,21533 16,35736","Westerweder Straße 12","364288","53,20177706 8,9298190066","Directed","Frankgasse 1–Westerweder Straße 12","1"
"Hel","144000","54,60384 18,80351","Hel","144000","54,60384 18,80351","Directed","Hel–Hel","1"
"Hel","144000","54,60384 18,80351","Wien","50","48,208333 16,373056","Directed","Hel–Wien","1"
"Budapest","43471","47,49835 19,04045","Wien","50","48,208333 16,373056","Directed","Budapest–Wien","1"
"1/1 Post- und Telegraphenamt 1","365214","48,209928 16,379065","Hotel Savoy [Berlin]","545","52,521572 13,388194","Directed","1/1 Post- und Telegraphenamt 1–Hotel Savoy [Berlin]","1"
"Florenz","263","43,77925 11,24626","Frankgasse 1","168934","48,21533 16,35736","Directed","Florenz–Frankgasse 1","1"
"St. Johann am Wocheiner See","51794","46,27876846439809 13,886888335799096","Tiefer Graben 23","207296","48,213038 16,368738","Directed","St. Johann am Wocheiner See–Tiefer Graben 23","1"
"Brünig","90404","46,75638 8,13777","Brünig","90404","46,75638 8,13777","Directed","Brünig–Brünig","1"
"Brünig","90404","46,75638 8,13777","Tiefer Graben 23","207296","48,213038 16,368738","Directed","Brünig–Tiefer Graben 23","1"
"Cambridge","893","52,2 0,11667","Cambridge","893","52,2 0,11667","Directed","Cambridge–Cambridge","1"
"Cambridge","893","52,2 0,11667","Edmund-Weiß-Gasse 7","168940","48,2304 16,33472","Directed","Cambridge–Edmund-Weiß-Gasse 7","1"
"Edmund-Weiß-Gasse 7","168940","48,2304 16,33472","Marienlyst","959","56,042028 12,601917","Directed","Edmund-Weiß-Gasse 7–Marienlyst","1"
"Unbekannt","238114","nicht vorhanden","Frankgasse 1","168934","48,21533 16,35736","Directed","Unbekannt–Frankgasse 1","1"
"Dresden","866","51,0833 13,7666","9/3 Post- und Telegraphenamt 72","365208","48,216197 16,356623","Directed","Dresden–9/3 Post- und Telegraphenamt 72","1"
"Wohnung und Ordination Johann Schnitzler Burgring 1","168765","48,20334 16,363819","1/1 Post- und Telegraphenamt 12","365361","48,202185 16,364235","Directed","Wohnung und Ordination Johann Schnitzler Burgring 1–1/1 Post- und Telegraphenamt 12","1"
"1/1 Post- und Telegraphenamt 12","365361","48,202185 16,364235","Wollzeile 15 (»Berthahof«)","190427","48,208656 16,375924","Directed","1/1 Post- und Telegraphenamt 12–Wollzeile 15 (»Berthahof«)","1"
"Madonna di Campiglio","427","46,22671 10,82582","Tiefer Graben 17","207301","48,212284 16,367725","Directed","Madonna di Campiglio–Tiefer Graben 17","1"
"Weimar","197","50,97361 11,33806","Sternwartestraße 71","168815","48,23188 16,33716","Directed","Weimar–Sternwartestraße 71","1"
"Yantai","118678","37,4725 121,45042","Wien","50","48,208333 16,373056","Directed","Yantai–Wien","1"
"Sternwartestraße 71","168815","48,23188 16,33716","Genf","562","46,20222 6,14569","Directed","Sternwartestraße 71–Genf","1"
"Unterach am Attersee","877","47,80494 13,48728","Berchtesgaden","797","47,63236 13,00187","Directed","Unterach am Attersee–Berchtesgaden","1"
"St. Gilgen","33","47,76667 13,36667","Haus Bahr","207274","48,186771 16,261305","Directed","St. Gilgen–Haus Bahr","1"
"Bad Ischl","213","47,71109 13,61893","Bad Fusch","305739","47,19939 12,85366","Directed","Bad Ischl–Bad Fusch","3"
"Wien","50","48,208333 16,373056","8/1 Post- und Telegraphenamt 64","365450","48,210695 16,351186","Directed","Wien–8/1 Post- und Telegraphenamt 64","1"
"8/1 Post- und Telegraphenamt 64","365450","48,210695 16,351186","Bad Ischl","213","47,71109 13,61893","Directed","8/1 Post- und Telegraphenamt 64–Bad Ischl","1"
"Frankgasse 1","168934","48,21533 16,35736","Vahrn","946","46,73901 11,63749","Directed","Frankgasse 1–Vahrn","1"
"18/1 Post- und Telegraphenamt 110","365223","48,22513 16,343276","8/1 Post- und Telegraphenamt 64","365450","48,210695 16,351186","Directed","18/1 Post- und Telegraphenamt 110–8/1 Post- und Telegraphenamt 64","1"
"Palast Hotel Lido","40808","45,883272 10,846236","Riva del Garda","465","45,88576 10,84118","Directed","Palast Hotel Lido–Riva del Garda","1"
"Riva del Garda","465","45,88576 10,84118","Rodaun","173","48,132793312328 16,256152195922","Directed","Riva del Garda–Rodaun","1"
"Wien","50","48,208333 16,373056","Wiesbaden","883","50,08258 8,24932","Directed","Wien–Wiesbaden","1"
"Wiesbaden","883","50,08258 8,24932","Berlin","168","52,52437 13,41053","Directed","Wiesbaden–Berlin","1"
"Lugano","885","46,01008 8,96004","1/1 Post- und Telegraphenamt 1","365214","48,209928 16,379065","Directed","Lugano–1/1 Post- und Telegraphenamt 1","1"
"Bad Ischl","213","47,71109 13,61893","Skodsborg","958","55,8225 12,57324","Directed","Bad Ischl–Skodsborg","1"
"Amsterdam","40709","52,37403 4,88969","Edmund-Weiß-Gasse 7","168940","48,2304 16,33472","Directed","Amsterdam–Edmund-Weiß-Gasse 7","1"
"Westerwede","258929","53,19852 8,92013","Frankgasse 1","168934","48,21533 16,35736","Directed","Westerwede–Frankgasse 1","1"
"Wildbad Waldbrunn","723","46,751211 12,101269","Wildbad Waldbrunn","723","46,751211 12,101269","Directed","Wildbad Waldbrunn–Wildbad Waldbrunn","2"
"Singapur","118677","1,35335 103,86454","Singapur","118677","1,35335 103,86454","Directed","Singapur–Singapur","1"
"Singapur","118677","1,35335 103,86454","9/3 Post- und Telegraphenamt 72","365208","48,216197 16,356623","Directed","Singapur–9/3 Post- und Telegraphenamt 72","1"
"1/1 Post- und Telegraphenamt 1","365214","48,209928 16,379065","Steindorf am Ossiacher See","34860","46,6992 13,98892","Directed","1/1 Post- und Telegraphenamt 1–Steindorf am Ossiacher See","1"
"Berlin","168","52,52437 13,41053","Neues Theater [Berlin]","720","52,521667 13,386111","Directed","Berlin–Neues Theater [Berlin]","1"
"1/1 Telegraphen-Central-Station C.R.","290824","48,2139 16,3665","Wollzeile 15 (»Berthahof«)","190427","48,208656 16,375924","Directed","1/1 Telegraphen-Central-Station C.R.–Wollzeile 15 (»Berthahof«)","1"
"Assuan","923","24,09082 32,89942","Old Cataract Hotel","148344","24,082314 32,887318","Directed","Assuan–Old Cataract Hotel","1"
"Old Cataract Hotel","148344","24,082314 32,887318","Sternwartestraße 71","168815","48,23188 16,33716","Directed","Old Cataract Hotel–Sternwartestraße 71","1"
"St. Moritz","44374","46,49937 9,84327","Tiefer Graben 17","207301","48,212284 16,367725","Directed","St. Moritz–Tiefer Graben 17","1"
"Hallstätter See","65265","47,578611 13,660556","Wien","50","48,208333 16,373056","Directed","Hallstätter See–Wien","1"
"Heidelberg","882","49,40768 8,69079","Heidelberg","882","49,40768 8,69079","Directed","Heidelberg–Heidelberg","1"
"Heidelberg","882","49,40768 8,69079","Sternwartestraße 71","168815","48,23188 16,33716","Directed","Heidelberg–Sternwartestraße 71","1"
"Berlin","168","52,52437 13,41053","Venedig","462","45,43713 12,33265","Directed","Berlin–Venedig","1"
"Hauptbahnhof Salzburg","50792","47,813139 13,045769","9/3 Post- und Telegraphenamt 72","365208","48,216197 16,356623","Directed","Hauptbahnhof Salzburg–9/3 Post- und Telegraphenamt 72","1"
"Maloja Palace","55166","46,40624118391372 9,699499541268919","Maloja","34108","46,401497 9,695937","Directed","Maloja Palace–Maloja","2"
"Maloja","34108","46,401497 9,695937","Tiefer Graben 17","207301","48,212284 16,367725","Directed","Maloja–Tiefer Graben 17","1"
"Opatija","38096","45,33771 14,30515","Opatija","38096","45,33771 14,30515","Directed","Opatija–Opatija","1"
"Opatija","38096","45,33771 14,30515","9/3 Post- und Telegraphenamt 72","365208","48,216197 16,356623","Directed","Opatija–9/3 Post- und Telegraphenamt 72","1"
"Tiefer Graben 23","207296","48,213038 16,368738","1/1 Post- und Telegraphenamt 11","365284","48,207483 16,368355","Directed","Tiefer Graben 23–1/1 Post- und Telegraphenamt 11","1"
"Noordwijk","960","52,26953 4,46354","Seis am Schlern","988","46,54133 11,55868","Directed","Noordwijk–Seis am Schlern","1"
"Hotel Atlantic","774","53,557222 10,004722","Hamburg","506","53,55055 9,993333","Directed","Hotel Atlantic–Hamburg","2"
"Hamburg","506","53,55055 9,993333","Kochgasse 8","249577","48,212327 16,349717","Directed","Hamburg–Kochgasse 8","1"
"Marienbad","772","49,964444 12,701944","Hodonín","49823","48,84893 17,13244","Directed","Marienbad–Hodonín","1"
"Triest","873","45,66667 13,76667","Triest","873","45,66667 13,76667","Directed","Triest–Triest","1"
"Triest","873","45,66667 13,76667","Edmund-Weiß-Gasse 7","168940","48,2304 16,33472","Directed","Triest–Edmund-Weiß-Gasse 7","1"
"Gmunden","874","47,91839 13,79933","Wien","50","48,208333 16,373056","Directed","Gmunden–Wien","1"
"Salzburg","30","47,80067 13,04532","Eglmoosgasse 22","364910","47,712155 13,616607","Directed","Salzburg–Eglmoosgasse 22","1"
"Edlach an der Rax","470","47,69255 15,80915","Florenz","263","43,77925 11,24626","Directed","Edlach an der Rax–Florenz","1"
"Hotel Westminster","41234","52,516823 13,389865","Berlin","168","52,52437 13,41053","Directed","Hotel Westminster–Berlin","2"
"Berlin","168","52,52437 13,41053","Wollzeile 15 (»Berthahof«)","190427","48,208656 16,375924","Directed","Berlin–Wollzeile 15 (»Berthahof«)","1"
"9/1 Post- und Telegraphenamt 66","365266","48,219619 16,3617","13/7 Post- und Telegraphenamt 94","365275","48,187928 16,266541","Directed","9/1 Post- und Telegraphenamt 66–13/7 Post- und Telegraphenamt 94","1"
"Forest Hill","43409","51,439189 -0,054063","9/1 Post- und Telegraphenamt 66","365266","48,219619 16,3617","Directed","Forest Hill–9/1 Post- und Telegraphenamt 66","1"
"9/1 Post- und Telegraphenamt 66","365266","48,219619 16,3617","Hörlgasse","417","48,216673655132 16,362433773685","Directed","9/1 Post- und Telegraphenamt 66–Hörlgasse","1"
"Rodaun","173","48,132793312328 16,256152195922","Postamt Salzburg Stadt","365625","47,797964 13,047662","Directed","Rodaun–Postamt Salzburg Stadt","1"
"Postamt Salzburg Stadt","365625","47,797964 13,047662","Österreichischer Hof","230","47,802045 13,043401","Directed","Postamt Salzburg Stadt–Österreichischer Hof","1"
"1/1 Post- und Telegraphenamt 8","365555","48,214719 16,368323","Kochgasse 8","249577","48,212327 16,349717","Directed","1/1 Post- und Telegraphenamt 8–Kochgasse 8","1"
"18/1 Post- und Telegraphenamt 110","365223","48,22513 16,343276","Wangen im Allgäu","846","47,6895 9,83247","Directed","18/1 Post- und Telegraphenamt 110–Wangen im Allgäu","1"
"Wangen im Allgäu","846","47,6895 9,83247","Sanatorium Schloss Marbach am Bodensee","219","47,66985 8,950347","Directed","Wangen im Allgäu–Sanatorium Schloss Marbach am Bodensee","1"
"Parsifalstraße","469","49,95877 11,57637","Bayreuth","734","49,94782 11,57893","Directed","Parsifalstraße–Bayreuth","1"
"Bayreuth","734","49,94782 11,57893","Edlach an der Rax","470","47,69255 15,80915","Directed","Bayreuth–Edlach an der Rax","1"
"Opatija","38096","45,33771 14,30515","Wollzeile 15 (»Berthahof«)","190427","48,208656 16,375924","Directed","Opatija–Wollzeile 15 (»Berthahof«)","1"
"Salesianergasse 12","192623","48,198484 16,380905","Salesianergasse 12","192623","48,198484 16,380905","Directed","Salesianergasse 12–Salesianergasse 12","1"
"9/3 Post- und Telegraphenamt 72","365208","48,216197 16,356623","Tiefer Graben 23","207296","48,213038 16,368738","Directed","9/3 Post- und Telegraphenamt 72–Tiefer Graben 23","1"
"1/1 Post- und Telegraphenamt 15","365220","48,20246 16,370739","Postbestellbezirk 1/1","405263","48,208742 16,378142","Directed","1/1 Post- und Telegraphenamt 15–Postbestellbezirk 1/1","1"
"Postbestellbezirk 1/1","405263","48,208742 16,378142","Wollzeile 15 (»Berthahof«)","190427","48,208656 16,375924","Directed","Postbestellbezirk 1/1–Wollzeile 15 (»Berthahof«)","1"
"Hochschneeberg","5836","47,775833 15,8075","Santa Maria Elisabetta","843","45,41748 12,36861","Directed","Hochschneeberg–Santa Maria Elisabetta","1"
"Bad Ischl","213","47,71109 13,61893","Marienbad","772","49,964444 12,701944","Directed","Bad Ischl–Marienbad","1"
"St. Johann im Pongau","996","47,35 13,2","Steindorf am Ossiacher See","34860","46,6992 13,98892","Directed","St. Johann im Pongau–Steindorf am Ossiacher See","1"
"1/1 Post- und Telegraphenamt 8","365555","48,214719 16,368323","Cresta Palace","1138","46,512179 9,85759","Directed","1/1 Post- und Telegraphenamt 8–Cresta Palace","1"
"Cresta Palace","1138","46,512179 9,85759","Bad Ragaz","49990","47,00601 9,50266","Directed","Cresta Palace–Bad Ragaz","1"
"Bad Ragaz","49990","47,00601 9,50266","Hotel Lattmann","50232","47,0019297 9,5004627","Directed","Bad Ragaz–Hotel Lattmann","1"
"Dänemark","43570","56,0 10,0","Wien","50","48,208333 16,373056","Directed","Dänemark–Wien","1"
"Wien","50","48,208333 16,373056","Velden am Wörthersee","909","46,61901 14,03129","Directed","Wien–Velden am Wörthersee","1"
"Velden am Wörthersee","909","46,61901 14,03129","Karersee","40371","46,409167 11,575","Directed","Velden am Wörthersee–Karersee","1"
"Frankfurt am Main","146","50,11552 8,68417","Frankgasse 1","168934","48,21533 16,35736","Directed","Frankfurt am Main–Frankgasse 1","1"
"Frankgasse 1","168934","48,21533 16,35736","Altaussee","34401","47,639444 13,763333","Directed","Frankgasse 1–Altaussee","1"
"Roma Termini","148287","41,900648 12,501755","Wollzeile 15 (»Berthahof«)","190427","48,208656 16,375924","Directed","Roma Termini–Wollzeile 15 (»Berthahof«)","1"
"Schloss Gandegg","36482","46,44967 11,25306","Eppan an der Weinstraße","36485","46,45472 11,26178","Directed","Schloss Gandegg–Eppan an der Weinstraße","1"
"Eppan an der Weinstraße","36485","46,45472 11,26178","Sternwartestraße 71","168815","48,23188 16,33716","Directed","Eppan an der Weinstraße–Sternwartestraße 71","1"
"1/1 Post- und Telegraphenamt 8","365555","48,214719 16,368323","Hotel Marienbad [München]","401","48,143964 11,567552","Directed","1/1 Post- und Telegraphenamt 8–Hotel Marienbad [München]","1"
"Port Said","118675","31,26803 32,30131","Port Said","118675","31,26803 32,30131","Directed","Port Said–Port Said","1"
"Port Said","118675","31,26803 32,30131","9/3 Post- und Telegraphenamt 72","365208","48,216197 16,356623","Directed","Port Said–9/3 Post- und Telegraphenamt 72","1"
"Przemyśl","48345","49,78498 22,76728","Sternwartestraße 71","168815","48,23188 16,33716","Directed","Przemyśl–Sternwartestraße 71","1"
"Brijuni","45260","44,91417 13,76222","Triest","873","45,66667 13,76667","Directed","Brijuni–Triest","1"
"Triest","873","45,66667 13,76667","Tiefer Graben 17","207301","48,212284 16,367725","Directed","Triest–Tiefer Graben 17","1"
"Salzburg","30","47,80067 13,04532","18/1 Post- und Telegraphenamt 111","365226","48,230794 16,344569","Directed","Salzburg–18/1 Post- und Telegraphenamt 111","1"
"München","45258","48,13743 11,57549","Berlin","168","52,52437 13,41053","Directed","München–Berlin","1"
"Steindorf am Ossiacher See","34860","46,6992 13,98892","Graz","860","47,06667 15,43333","Directed","Steindorf am Ossiacher See–Graz","1"
"Qingdao","118680","36,09193 120,328056","Qingdao","118680","36,09193 120,328056","Directed","Qingdao–Qingdao","1"
"Qingdao","118680","36,09193 120,328056","9/3 Post- und Telegraphenamt 72","365208","48,216197 16,356623","Directed","Qingdao–9/3 Post- und Telegraphenamt 72","1"
"Reichenau an der Rax","483","47,7 15,83333","1/1 Telegraphen-Central-Station C.R.","290824","48,2139 16,3665","Directed","Reichenau an der Rax–1/1 Telegraphen-Central-Station C.R.","1"
"Bahnhof Firenze Santa Maria Novella","52725","43,776338 11,247527","IX., Alsergrund","59","48,22387 16,35641","Directed","Bahnhof Firenze Santa Maria Novella–IX., Alsergrund","1"
"Split","4231","43,5 16,433333","1/1 Post- und Telegraphenamt 1","365214","48,209928 16,379065","Directed","Split–1/1 Post- und Telegraphenamt 1","1"
"Brodzany","339388","48,60833333 18,34166667","Brodzany","339388","48,60833333 18,34166667","Directed","Brodzany–Brodzany","1"
"Brodzany","339388","48,60833333 18,34166667","9/3 Post- und Telegraphenamt 72","365208","48,216197 16,356623","Directed","Brodzany–9/3 Post- und Telegraphenamt 72","1"
"Berlin","168","52,52437 13,41053","Hinterbrühl","75","48,08611 16,24809","Directed","Berlin–Hinterbrühl","1"
"Bad Gastein","521","47,11547 13,13467","Meidlinger Hauptstraße 56","365563","48,177598 16,329723","Directed","Bad Gastein–Meidlinger Hauptstraße 56","1"
"Andorf","1248","48,3713 13,57412","Wien","50","48,208333 16,373056","Directed","Andorf–Wien","1"
"Skodsborg","958","55,8225 12,57324","Kopenhagen","36300","55,67594 12,56553","Directed","Skodsborg–Kopenhagen","1"
"Kopenhagen","36300","55,67594 12,56553","Grundlsee [Gemeinde]","46000","47,61667 13,81667","Directed","Kopenhagen–Grundlsee [Gemeinde]","1"
"12/1 Post- und Telegraphenamt 82","365607","48,18272 16,329538","18/1 Post- und Telegraphenamt 110","365223","48,22513 16,343276","Directed","12/1 Post- und Telegraphenamt 82–18/1 Post- und Telegraphenamt 110","1"
"Wien","50","48,208333 16,373056","Steindorf am Ossiacher See","34860","46,6992 13,98892","Directed","Wien–Steindorf am Ossiacher See","1"
"Hôtel de Beaujolais","294051","48,866 2,3381","Paris","182","48,85341 2,3488","Directed","Hôtel de Beaujolais–Paris","1"
"Eglmoosgasse 22","364910","47,712155 13,616607","Österreichischer Hof","230","47,802045 13,043401","Directed","Eglmoosgasse 22–Österreichischer Hof","1"
"Sekirn","91729","46,60936 14,21037","Klagenfurt","875","46,63333 14,3","Directed","Sekirn–Klagenfurt","1"
"Klagenfurt","875","46,63333 14,3","18/1 Post- und Telegraphenamt 110","365223","48,22513 16,343276","Directed","Klagenfurt–18/1 Post- und Telegraphenamt 110","1"
"Palmaille 5","365128","53,545996 9,945167","Wien","50","48,208333 16,373056","Directed","Palmaille 5–Wien","1"
"Sternwartestraße 71","168815","48,23188 16,33716","Hofmannsthal-Schlössl","40297","48,133611 16,255556","Directed","Sternwartestraße 71–Hofmannsthal-Schlössl","1"
"Welsberg-Taisten","428","46,75774 12,10556","Welsberg-Taisten","428","46,75774 12,10556","Directed","Welsberg-Taisten–Welsberg-Taisten","1"
"Österreichischer Hof","230","47,802045 13,043401","Postamt Salzburg Stadt","365625","47,797964 13,047662","Directed","Österreichischer Hof–Postamt Salzburg Stadt","1"
"Welsberg-Taisten","428","46,75774 12,10556","Kopenhagen","36300","55,67594 12,56553","Directed","Welsberg-Taisten–Kopenhagen","1"
"Kopenhagen","36300","55,67594 12,56553","Berlin","168","52,52437 13,41053","Directed","Kopenhagen–Berlin","1"
"18/1 Post- und Telegraphenamt 110","365223","48,22513 16,343276","18/1 Post- und Telegraphenamt 110","365223","48,22513 16,343276","Directed","18/1 Post- und Telegraphenamt 110–18/1 Post- und Telegraphenamt 110","1"
"Stallburggasse 2","266172","48,207224 16,368653","1/1 Post- und Telegraphenamt 15","365220","48,20246 16,370739","Directed","Stallburggasse 2–1/1 Post- und Telegraphenamt 15","1"
"Unterach am Attersee","877","47,80494 13,48728","Hotel am See","106","47,6417 13,77189","Directed","Unterach am Attersee–Hotel am See","1"
"Frankfurt am Main","146","50,11552 8,68417","1/1 Post- und Telegraphenamt 1","365214","48,209928 16,379065","Directed","Frankfurt am Main–1/1 Post- und Telegraphenamt 1","1"
"Bahnhof Genua","52288","44,416935291174376 8,92019924113306","Sternwartestraße 71","168815","48,23188 16,33716","Directed","Bahnhof Genua–Sternwartestraße 71","1"
"Hotel du Cap","293589","43,548055555556 7,1205555555556","Antibes","88767","43,58579 7,10831","Directed","Hotel du Cap–Antibes","1"
"Antibes","88767","43,58579 7,10831","Sternwartestraße 71","168815","48,23188 16,33716","Directed","Antibes–Sternwartestraße 71","1"
"Kreiensen","42561","51,85363 9,96481","Wien","50","48,208333 16,373056","Directed","Kreiensen–Wien","1"
"Las Palmas de Gran Canaria","44097","28,09973 -15,41343","Kopenhagen","36300","55,67594 12,56553","Directed","Las Palmas de Gran Canaria–Kopenhagen","1"
"Kopenhagen","36300","55,67594 12,56553","Königsvilla","1099","50,22593 12,87796","Directed","Kopenhagen–Königsvilla","1"
"Lido","259","45,38333 12,35","Venedig","462","45,43713 12,33265","Directed","Lido–Venedig","1"
"Wien","50","48,208333 16,373056","5/1 Post- und Telegraphenamt 54","365645","48,193213 16,357918","Directed","Wien–5/1 Post- und Telegraphenamt 54","1"
"5/1 Post- und Telegraphenamt 54","365645","48,193213 16,357918","Altaussee","34401","47,639444 13,763333","Directed","5/1 Post- und Telegraphenamt 54–Altaussee","1"
"Hotel Weinzinger","130","48,307291 14,287495","Linz","332","48,3 14,28333","Directed","Hotel Weinzinger–Linz","1"
"Linz","332","48,3 14,28333","1/1 Post- und Telegraphenamt 1","365214","48,209928 16,379065","Directed","Linz–1/1 Post- und Telegraphenamt 1","1"
"Wien","50","48,208333 16,373056","1/1 Telegraphenamt 13","365241","48,208168 16,368996","Directed","Wien–1/1 Telegraphenamt 13","1"
"1/1 Telegraphenamt 13","365241","48,208168 16,368996","9/2 Post- und Telegraphenamt 71","365211","48,218574 16,35084","Directed","1/1 Telegraphenamt 13–9/2 Post- und Telegraphenamt 71","1"
"Mürren","88187","46,5588 7,8929","Mürren","88187","46,5588 7,8929","Directed","Mürren–Mürren","2"
"Mürren","88187","46,5588 7,8929","9/3 Post- und Telegraphenamt 72","365208","48,216197 16,356623","Directed","Mürren–9/3 Post- und Telegraphenamt 72","2"
"Stockholm","1119","59,325 18,05","Tiefer Graben 17","207301","48,212284 16,367725","Directed","Stockholm–Tiefer Graben 17","1"
"Hotel garni Athen","264667","47,713189 13,622779","Bad Ischl","213","47,71109 13,61893","Directed","Hotel garni Athen–Bad Ischl","1"
"Riva del Garda","465","45,88576 10,84118","Haus Bahr","207274","48,186771 16,261305","Directed","Riva del Garda–Haus Bahr","1"
"Hotel Esplanade [Berlin]","245","52,51 13,374444","Berlin","168","52,52437 13,41053","Directed","Hotel Esplanade [Berlin]–Berlin","1"
"Havanna","39944","23,13302 -82,38304","Havanna","39944","23,13302 -82,38304","Directed","Havanna–Havanna","1"
"Havanna","39944","23,13302 -82,38304","Sternwartestraße 71","168815","48,23188 16,33716","Directed","Havanna–Sternwartestraße 71","1"
"Seeboden am Millstättersee","34824","46,818888888889 13,518333","Wien","50","48,208333 16,373056","Directed","Seeboden am Millstättersee–Wien","2"
"Wien","50","48,208333 16,373056","Eglmoosgasse 22","364910","47,712155 13,616607","Directed","Wien–Eglmoosgasse 22","2"
"Brüssel","862","50,85045 4,34878","Brüssel","862","50,85045 4,34878","Directed","Brüssel–Brüssel","1"
"Brüssel","862","50,85045 4,34878","1/1 Post- und Telegraphenamt 1","365214","48,209928 16,379065","Directed","Brüssel–1/1 Post- und Telegraphenamt 1","1"
"12, Avenue d’Eylau","298841","48,864224 2,285502","place Chopin","300244","48,8562 2,27789","Directed","12, Avenue d’Eylau–place Chopin","1"
"place Chopin","300244","48,8562 2,27789","Sternwartestraße 71","168815","48,23188 16,33716","Directed","place Chopin–Sternwartestraße 71","1"
"Frankfurt am Main","146","50,11552 8,68417","Tiefer Graben 23","207296","48,213038 16,368738","Directed","Frankfurt am Main–Tiefer Graben 23","1"
"Postamt Salzburg Stadt","365625","47,797964 13,047662","9/3 Post- und Telegraphenamt 72","365208","48,216197 16,356623","Directed","Postamt Salzburg Stadt–9/3 Post- und Telegraphenamt 72","1"
"Verona Porta Nuova","365444","45,429167 10,982222","Willergasse 2","231810","48,139276 16,257741","Directed","Verona Porta Nuova–Willergasse 2","1"
"Bad Ischl","213","47,71109 13,61893","Bad Aussee","415","47,60998 13,78243","Directed","Bad Ischl–Bad Aussee","1"
"1/1 Post- und Telegraphenamt 8","365555","48,214719 16,368323","Nevada Palace","251023","46,48957 7,55737","Directed","1/1 Post- und Telegraphenamt 8–Nevada Palace","1"
"Währinger Straße 14","237630","48,216988 16,359871","1/1 Telegraphen-Central-Station C.R.","290824","48,2139 16,3665","Directed","Währinger Straße 14–1/1 Telegraphen-Central-Station C.R.","1"
"1/1 Telegraphen-Central-Station C.R.","290824","48,2139 16,3665","1/1 Post- und Telegraphenamt 10","365217","48,210234 16,357213","Directed","1/1 Telegraphen-Central-Station C.R.–1/1 Post- und Telegraphenamt 10","1"
"Wien","50","48,208333 16,373056","Dölsach","945","46,85721 12,83416","Directed","Wien–Dölsach","2"
"Schleb","990","49,88958 15,48853","Wien","50","48,208333 16,373056","Directed","Schleb–Wien","1"
"18/1 Post- und Telegraphenamt 110","365223","48,22513 16,343276","Hotel du Lac","52032","46,48738645977862 9,836533607588933","Directed","18/1 Post- und Telegraphenamt 110–Hotel du Lac","1"
"Morschach","49170","46,97149 8,64802","Morschach","49170","46,97149 8,64802","Directed","Morschach–Morschach","1"
"Morschach","49170","46,97149 8,64802","Tiefer Graben 23","207296","48,213038 16,368738","Directed","Morschach–Tiefer Graben 23","1"
"Wien","50","48,208333 16,373056","1/1 Post- und Telegraphenamt 6","365459","48,213955 16,366048","Directed","Wien–1/1 Post- und Telegraphenamt 6","1"
"1/1 Post- und Telegraphenamt 6","365459","48,213955 16,366048","XVIII., Währing","68","48,23333 16,31667","Directed","1/1 Post- und Telegraphenamt 6–XVIII., Währing","1"
"Pörtschach am Wörthersee","44278","46,635556 14,1425","Welsberg-Taisten","428","46,75774 12,10556","Directed","Pörtschach am Wörthersee–Welsberg-Taisten","2"
"Bad Ischl","213","47,71109 13,61893","Ordination Arthur Schnitzler [Bösendorferstraße 11]","167789","48,2012 16,37188","Directed","Bad Ischl–Ordination Arthur Schnitzler [Bösendorferstraße 11]","1"
"Luzern","967","47,05048 8,30635","Lugano","885","46,01008 8,96004","Directed","Luzern–Lugano","1"
"Schönberg im Stubaital","759","47,18333 11,41667","9/3 Post- und Telegraphenamt 72","365208","48,216197 16,356623","Directed","Schönberg im Stubaital–9/3 Post- und Telegraphenamt 72","1"
"Bern","1223","46,9489 7,4638","Feldkirch","44368","47,23608 9,59825","Directed","Bern–Feldkirch","1"
"Feldkirch","44368","47,23608 9,59825","18/1 Post- und Telegraphenamt 110","365223","48,22513 16,343276","Directed","Feldkirch–18/1 Post- und Telegraphenamt 110","1"
"Altprags","364264","46,707257 12,155099","Altprags","364264","46,707257 12,155099","Directed","Altprags–Altprags","1"
"Altprags","364264","46,707257 12,155099","1/1 Post- und Telegraphenamt 1","365214","48,209928 16,379065","Directed","Altprags–1/1 Post- und Telegraphenamt 1","1"
"Sternwartestraße 71","168815","48,23188 16,33716","Sestri Levante","42768","44,27317 9,39683","Directed","Sternwartestraße 71–Sestri Levante","1"
"Ajaccio","847","41,91886 8,73812","Ajaccio","847","41,91886 8,73812","Directed","Ajaccio–Ajaccio","2"
"Ajaccio","847","41,91886 8,73812","Tiefer Graben 23","207296","48,213038 16,368738","Directed","Ajaccio–Tiefer Graben 23","1"
"Ajaccio","847","41,91886 8,73812","13/7 Post- und Telegraphenamt 94","365275","48,187928 16,266541","Directed","Ajaccio–13/7 Post- und Telegraphenamt 94","1"
"Hotel Hassler [Neapel]","364923","40,8302153354582 14,246194459892541","Neapel","595","40,85216 14,26811","Directed","Hotel Hassler [Neapel]–Neapel","1"
"Neapel","595","40,85216 14,26811","9/3 Post- und Telegraphenamt 72","365208","48,216197 16,356623","Directed","Neapel–9/3 Post- und Telegraphenamt 72","1"
"18/1 Post- und Telegraphenamt 110","365223","48,22513 16,343276","Villach","40454","46,61254 13,8529","Directed","18/1 Post- und Telegraphenamt 110–Villach","1"
"Grundlsee [Gemeinde]","46000","47,61667 13,81667","Berlin","168","52,52437 13,41053","Directed","Grundlsee [Gemeinde]–Berlin","1"
"Berlin","168","52,52437 13,41053","Dessauer Straße","40583","52,504956 13,378587","Directed","Berlin–Dessauer Straße","1"
"1/1 Post- und Telegraphenamt 9","365278","48,208958 16,364661","18/1 Post- und Telegraphenamt 110","365223","48,22513 16,343276","Directed","1/1 Post- und Telegraphenamt 9–18/1 Post- und Telegraphenamt 110","1"
"Thusis","20650","46,69729 9,43908","Thusis","20650","46,69729 9,43908","Directed","Thusis–Thusis","1"
"Thusis","20650","46,69729 9,43908","1/1 Post- und Telegraphenamt 1","365214","48,209928 16,379065","Directed","Thusis–1/1 Post- und Telegraphenamt 1","1"
"Paris","182","48,85341 2,3488","Hamburg","506","53,55055 9,993333","Directed","Paris–Hamburg","1"
"Madonna di Campiglio","427","46,22671 10,82582","1/1 Post- und Telegraphenamt 1","365214","48,209928 16,379065","Directed","Madonna di Campiglio–1/1 Post- und Telegraphenamt 1","1"
"Wiesbaden","883","50,08258 8,24932","Wien","50","48,208333 16,373056","Directed","Wiesbaden–Wien","1"
"Lissabon","15227","38,71667 -9,13333","Lissabon","15227","38,71667 -9,13333","Directed","Lissabon–Lissabon","1"
"Lissabon","15227","38,71667 -9,13333","Tiefer Graben 17","207301","48,212284 16,367725","Directed","Lissabon–Tiefer Graben 17","1"
"Valeriehaus","364330","47,06107 13,05638","Böckstein","54760","47,08333 13,11667","Directed","Valeriehaus–Böckstein","1"
"Böckstein","54760","47,08333 13,11667","Tiefer Graben 17","207301","48,212284 16,367725","Directed","Böckstein–Tiefer Graben 17","1"
"Café Central","262","48,210278 16,365278","1/1 Post- und Telegraphenamt 1","365214","48,209928 16,379065","Directed","Café Central–1/1 Post- und Telegraphenamt 1","1"
"1/1 Post- und Telegraphenamt 1","365214","48,209928 16,379065","Berlin-Pankow","17871","52,569167 13,403333","Directed","1/1 Post- und Telegraphenamt 1–Berlin-Pankow","1"
"Berlin-Pankow","17871","52,569167 13,403333","Parkstraße","43459","52,57279 13,40334","Directed","Berlin-Pankow–Parkstraße","1"
"Sternwartestraße 71","168815","48,23188 16,33716","1/1 Telegraphenamt 13","365241","48,208168 16,368996","Directed","Sternwartestraße 71–1/1 Telegraphenamt 13","1"
"1/1 Telegraphenamt 13","365241","48,208168 16,368996","Kochgasse 8","249577","48,212327 16,349717","Directed","1/1 Telegraphenamt 13–Kochgasse 8","1"
"Berlin","168","52,52437 13,41053","Rom","445","41,89193 12,51133","Directed","Berlin–Rom","1"
"Bad Ischl","213","47,71109 13,61893","Badehotellet","1091","55,826747 12,574733","Directed","Bad Ischl–Badehotellet","1"
"Kurhaus Rohrbacher","52554","47,11604255515999 13,134256236062596","Bad Gastein","521","47,11547 13,13467","Directed","Kurhaus Rohrbacher–Bad Gastein","1"
"Bad Gastein","521","47,11547 13,13467","Sternwartestraße 71","168815","48,23188 16,33716","Directed","Bad Gastein–Sternwartestraße 71","1"
"Pension Quisisana","756","45,333852 14,301821","Ordination Arthur Schnitzler [Bösendorferstraße 11]","167789","48,2012 16,37188","Directed","Pension Quisisana–Ordination Arthur Schnitzler [Bösendorferstraße 11]","1"
"Dubrovnik","682","42,64807 18,09216","1/1 Post- und Telegraphenamt 1","365214","48,209928 16,379065","Directed","Dubrovnik–1/1 Post- und Telegraphenamt 1","1"
"Unbekannt","251480","nicht vorhanden","Partenkirchen","2318","47,4956 11,1097","Directed","Unbekannt–Partenkirchen","1"
"Partenkirchen","2318","47,4956 11,1097","Wien","50","48,208333 16,373056","Directed","Partenkirchen–Wien","1"
"Köln","145","50,93835 6,95427","Köln","145","50,93835 6,95427","Directed","Köln–Köln","1"
"Köln","145","50,93835 6,95427","1/1 Post- und Telegraphenamt 1","365214","48,209928 16,379065","Directed","Köln–1/1 Post- und Telegraphenamt 1","1"
"Krieglach","36189","47,54728 15,56248","Steindorf am Ossiacher See","34860","46,6992 13,98892","Directed","Krieglach–Steindorf am Ossiacher See","1"
"Bern","1223","46,9489 7,4638","Wohnung und Ordination Arthur Schnitzler Grillparzerstraße 7/3. Stock","167782","48,212477 16,357233","Directed","Bern–Wohnung und Ordination Arthur Schnitzler Grillparzerstraße 7/3. Stock","1"
"Mals","95201","46,690278 10,541667","Mals","95201","46,690278 10,541667","Directed","Mals–Mals","1"
"Mals","95201","46,690278 10,541667","Sternwartestraße 71","168815","48,23188 16,33716","Directed","Mals–Sternwartestraße 71","1"
"Wien","50","48,208333 16,373056","Schulgasse 8 [Bad Ischl]","41463","47,712523 13,621877","Directed","Wien–Schulgasse 8 [Bad Ischl]","2"
"Schultheiß","1176","52,527584 13,344054","Berlin","168","52,52437 13,41053","Directed","Schultheiß–Berlin","1"
"7/3 Post- und Telegraphenamt 63","365409","48,206656 16,343365","10/2 Telegraphenamt 78","365407","48,18507 16,387613","Directed","7/3 Post- und Telegraphenamt 63–10/2 Telegraphenamt 78","1"
"10/2 Telegraphenamt 78","365407","48,18507 16,387613","7/3 Post- und Telegraphenamt 63","365409","48,206656 16,343365","Directed","10/2 Telegraphenamt 78–7/3 Post- und Telegraphenamt 63","1"
"7/3 Post- und Telegraphenamt 63","365409","48,206656 16,343365","18/1 Post- und Telegraphenamt 110","365223","48,22513 16,343276","Directed","7/3 Post- und Telegraphenamt 63–18/1 Post- und Telegraphenamt 110","1"
"Genua","994","44,40478 8,94439","1/1 Post- und Telegraphenamt 1","365214","48,209928 16,379065","Directed","Genua–1/1 Post- und Telegraphenamt 1","1"
"Postbestellbezirk 18/1","405253","48,231941 16,335645","Ramgut","656","47,614945 13,784316","Directed","Postbestellbezirk 18/1–Ramgut","1"
"Grand Hotel Gardone","40858","45,618146 10,560226","Frankgasse 1","168934","48,21533 16,35736","Directed","Grand Hotel Gardone–Frankgasse 1","1"
"Hôtel La Margna","52175","46,49872 9,84604","St. Moritz","44374","46,49937 9,84327","Directed","Hôtel La Margna–St. Moritz","1"
"St. Moritz","44374","46,49937 9,84327","Herchenbachstraße","491","48,74979 8,23933","Directed","St. Moritz–Herchenbachstraße","1"
"Wien","50","48,208333 16,373056","Jagniątków","735","50,816944 15,609444","Directed","Wien–Jagniątków","1"
"Palasthotel Meran","41086","46,667691 11,165082","Meran","43520","46,66817 11,15953","Directed","Palasthotel Meran–Meran","1"
"Meran","43520","46,66817 11,15953","Venedig","462","45,43713 12,33265","Directed","Meran–Venedig","1"
"Santa Maria Elisabetta","843","45,41748 12,36861","Lido","259","45,38333 12,35","Directed","Santa Maria Elisabetta–Lido","1"
"Brijuni","45260","44,91417 13,76222","Grand Hotel Bauer-Grünwald","310","45,4328 12,336106","Directed","Brijuni–Grand Hotel Bauer-Grünwald","1"
"Omaha","143783","41,25626 -95,94043","Omaha","143783","41,25626 -95,94043","Directed","Omaha–Omaha","1"
"Omaha","143783","41,25626 -95,94043","Sternwartestraße 71","168815","48,23188 16,33716","Directed","Omaha–Sternwartestraße 71","1"
"Helsingør","726","56,03606 12,6136","Tiefer Graben 23","207296","48,213038 16,368738","Directed","Helsingør–Tiefer Graben 23","2"
"Innsbruck","867","47,272569 11,389534","Hotel Vier Jahreszeiten","485","48,138889 11,581667","Directed","Innsbruck–Hotel Vier Jahreszeiten","1"
"1/1 Post- und Telegraphenamt 6","365459","48,213955 16,366048","Kochgasse 8","249577","48,212327 16,349717","Directed","1/1 Post- und Telegraphenamt 6–Kochgasse 8","1"
"Matrei am Brenner","591","47,12852 11,45222","13/7 Post- und Telegraphenamt 94","365275","48,187928 16,266541","Directed","Matrei am Brenner–13/7 Post- und Telegraphenamt 94","1"
"Palast Hotel Lido","40808","45,883272 10,846236","Mori","91294","45,85187 10,98052","Directed","Palast Hotel Lido–Mori","1"
"Mori","91294","45,85187 10,98052","Welsberg-Taisten","428","46,75774 12,10556","Directed","Mori–Welsberg-Taisten","1"
"Edmund-Weiß-Gasse 7","168940","48,2304 16,33472","Bad Ischl","213","47,71109 13,61893","Directed","Edmund-Weiß-Gasse 7–Bad Ischl","1"
"Wien","50","48,208333 16,373056","Rettenbachweg 5","250767","47,713869 13,629688","Directed","Wien–Rettenbachweg 5","1"
"Brühl","44413","48,08509 16,24801","München","45258","48,13743 11,57549","Directed","Brühl–München","1"
"Hamburg","506","53,55055 9,993333","Hasenauerstraße 59","235251","48,23365 16,33494","Directed","Hamburg–Hasenauerstraße 59","1"
"Luzern","967","47,05048 8,30635","Steindorf am Ossiacher See","34860","46,6992 13,98892","Directed","Luzern–Steindorf am Ossiacher See","1"
"1/1 Post- und Telegraphenamt 8","365555","48,214719 16,368323","Edmund-Weiß-Gasse 7","168940","48,2304 16,33472","Directed","1/1 Post- und Telegraphenamt 8–Edmund-Weiß-Gasse 7","1"
"Agrigento","36499","37,31065 13,57661","Agrigento","36499","37,31065 13,57661","Directed","Agrigento–Agrigento","1"
"Agrigento","36499","37,31065 13,57661","Sternwartestraße 71","168815","48,23188 16,33716","Directed","Agrigento–Sternwartestraße 71","1"
"Frankgasse 1","168934","48,21533 16,35736","Berlin","168","52,52437 13,41053","Directed","Frankgasse 1–Berlin","1"
"Berlin","168","52,52437 13,41053","Szklarska Poręba","34528","50,82567 15,52274","Directed","Berlin–Szklarska Poręba","1"
"Wien","50","48,208333 16,373056","Villa Kupferschmied","43462","47,705435 13,626622","Directed","Wien–Villa Kupferschmied","1"
"Hotel Excelsior [Velden]","147776","nicht vorhanden","Velden am Wörthersee","909","46,61901 14,03129","Directed","Hotel Excelsior [Velden]–Velden am Wörthersee","1"
"Velden am Wörthersee","909","46,61901 14,03129","Sternwartestraße 71","168815","48,23188 16,33716","Directed","Velden am Wörthersee–Sternwartestraße 71","1"
"Mariazell","431","47,77306 15,31639","Weißenbach am Attersee","34344","47,8004 13,5358","Directed","Mariazell–Weißenbach am Attersee","1"
"Semmering","189","47,64224 15,8241","Meran","43520","46,66817 11,15953","Directed","Semmering–Meran","1"
"Sanatorium Schloss Marbach am Bodensee","219","47,66985 8,950347","Konstanz","849","47,66033 9,17582","Directed","Sanatorium Schloss Marbach am Bodensee–Konstanz","1"
"Konstanz","849","47,66033 9,17582","Berlin","168","52,52437 13,41053","Directed","Konstanz–Berlin","1"
"Tschortkiw","45274","49,01701 25,79808","Frankgasse 1","168934","48,21533 16,35736","Directed","Tschortkiw–Frankgasse 1","1"
"Hildesheim","55271","52,15077 9,95112","Hildesheim","55271","52,15077 9,95112","Directed","Hildesheim–Hildesheim","1"
"Hildesheim","55271","52,15077 9,95112","Sternwartestraße 71","168815","48,23188 16,33716","Directed","Hildesheim–Sternwartestraße 71","1"
"Hotel Kongen af Danmark","40903","55,676944 12,586111","Grand Hotel Stockholm","40705","59,329722 18,075556","Directed","Hotel Kongen af Danmark–Grand Hotel Stockholm","1"
"Bürgenstock","52073","47,00031 8,3983","Luzern","967","47,05048 8,30635","Directed","Bürgenstock–Luzern","1"
"Luzern","967","47,05048 8,30635","Hasenauerstraße 59","235251","48,23365 16,33494","Directed","Luzern–Hasenauerstraße 59","1"
"Bad Ischl","213","47,71109 13,61893","Villa Erdödy","42120","47,7072 13,61025","Directed","Bad Ischl–Villa Erdödy","1"
"Bologna","896","44,49381 11,33875","Bologna","896","44,49381 11,33875","Directed","Bologna–Bologna","3"
"Bologna","896","44,49381 11,33875","Edmund-Weiß-Gasse 7","168940","48,2304 16,33472","Directed","Bologna–Edmund-Weiß-Gasse 7","1"
"Oberbozen","246114","46,527777777778 11,405555555556","Bozen","40260","46,49067 11,33982","Directed","Oberbozen–Bozen","1"
"Monte Generoso","548","45,93142 9,01999","Monte Generoso","548","45,93142 9,01999","Directed","Monte Generoso–Monte Generoso","1"
"Monte Generoso","548","45,93142 9,01999","1/1 Post- und Telegraphenamt 1","365214","48,209928 16,379065","Directed","Monte Generoso–1/1 Post- und Telegraphenamt 1","1"
"Mailand","886","45,46427 9,18951","Wiesbaden","883","50,08258 8,24932","Directed","Mailand–Wiesbaden","1"
"1/1 Post- und Telegraphenamt 8","365555","48,214719 16,368323","Neapel","595","40,85216 14,26811","Directed","1/1 Post- und Telegraphenamt 8–Neapel","1"
"Tiefer Graben 17","207301","48,212284 16,367725","1/1 Post- und Telegraphenamt 9","365278","48,208958 16,364661","Directed","Tiefer Graben 17–1/1 Post- und Telegraphenamt 9","1"
"1/1 Post- und Telegraphenamt 9","365278","48,208958 16,364661","Hotel Corno d’Oro","247609","45,4137005 12,36817871","Directed","1/1 Post- und Telegraphenamt 9–Hotel Corno d’Oro","1"
"13/7 Post- und Telegraphenamt 94","365275","48,187928 16,266541","Frankgasse 1","168934","48,21533 16,35736","Directed","13/7 Post- und Telegraphenamt 94–Frankgasse 1","1"
"Grand Hotel Baglioni","254949","43,7748 11,25063","Bahnhof Firenze Santa Maria Novella","52725","43,776338 11,247527","Directed","Grand Hotel Baglioni–Bahnhof Firenze Santa Maria Novella","1"
"Hamburg","506","53,55055 9,993333","Tiefer Graben 17","207301","48,212284 16,367725","Directed","Hamburg–Tiefer Graben 17","1"
"1/1 Post- und Telegraphenamt 8","365555","48,214719 16,368323","Brijuni","45260","44,91417 13,76222","Directed","1/1 Post- und Telegraphenamt 8–Brijuni","1"
"Kreuth","64703","47,64085 11,74485","Wildbad Kreuth","18135","47,6219 11,7428","Directed","Kreuth–Wildbad Kreuth","1"
"Wildbad Kreuth","18135","47,6219 11,7428","1/1 Post- und Telegraphenamt 1","365214","48,209928 16,379065","Directed","Wildbad Kreuth–1/1 Post- und Telegraphenamt 1","1"
"Avignon","36443","43,94834 4,80892","Bahnhof Marseille","44567","43,303476 5,379825","Directed","Avignon–Bahnhof Marseille","1"
"Bahnhof Marseille","44567","43,303476 5,379825","Sternwartestraße 71","168815","48,23188 16,33716","Directed","Bahnhof Marseille–Sternwartestraße 71","1"
"Wohnung und Ordination Arthur Schnitzler Grillparzerstraße 7/3. Stock","167782","48,212477 16,357233","Berlin","168","52,52437 13,41053","Directed","Wohnung und Ordination Arthur Schnitzler Grillparzerstraße 7/3. Stock–Berlin","1"
"Sterzing","40302","46,89313 11,42961","Sterzing","40302","46,89313 11,42961","Directed","Sterzing–Sterzing","1"
"Sterzing","40302","46,89313 11,42961","Sternwartestraße 71","168815","48,23188 16,33716","Directed","Sterzing–Sternwartestraße 71","1"
"?? [Hotel von Arthur Schnitzler in Riva, 1892]","364779","nicht vorhanden","Riva del Garda","465","45,88576 10,84118","Directed","?? [Hotel von Arthur Schnitzler in Riva, 1892]–Riva del Garda","1"
"Riva del Garda","465","45,88576 10,84118","Bad Ischl","213","47,71109 13,61893","Directed","Riva del Garda–Bad Ischl","1"
"Bad Ischl","213","47,71109 13,61893","Brijuni","45260","44,91417 13,76222","Directed","Bad Ischl–Brijuni","1"
"Cottagegasse 37","235812","48,233004 16,34167","18/1 Post- und Telegraphenamt 111","365226","48,230794 16,344569","Directed","Cottagegasse 37–18/1 Post- und Telegraphenamt 111","1"
"Maloja","34108","46,401497 9,695937","Venedig","462","45,43713 12,33265","Directed","Maloja–Venedig","1"
"Grand Hotel Gardone","40858","45,618146 10,560226","9/3 Post- und Telegraphenamt 72","365208","48,216197 16,356623","Directed","Grand Hotel Gardone–9/3 Post- und Telegraphenamt 72","1"
"Sternwartestraße 71","168815","48,23188 16,33716","Sieveringer Straße 191","365643","48,252261604003735 16,31915855509781","Directed","Sternwartestraße 71–Sieveringer Straße 191","1"
"Tianjin","118682","39,03839 117,17994","9/3 Post- und Telegraphenamt 72","365208","48,216197 16,356623","Directed","Tianjin–9/3 Post- und Telegraphenamt 72","1"
"I., Innere Stadt","51","48,20769 16,37049","Rodaun","173","48,132793312328 16,256152195922","Directed","I., Innere Stadt–Rodaun","1"
"Postamt Salzburg Stadt","365625","47,797964 13,047662","Helenenstraße 71","298935","48,012689 16,201441","Directed","Postamt Salzburg Stadt–Helenenstraße 71","1"
"Bad Ischl","213","47,71109 13,61893","IX., Alsergrund","59","48,22387 16,35641","Directed","Bad Ischl–IX., Alsergrund","2"
"Pontresina","34946","46,4955 9,90126","1/1 Post- und Telegraphenamt 1","365214","48,209928 16,379065","Directed","Pontresina–1/1 Post- und Telegraphenamt 1","1"
"Padua","44156","45,40797 11,88586","1/1 Post- und Telegraphenamt 1","365214","48,209928 16,379065","Directed","Padua–1/1 Post- und Telegraphenamt 1","1"
"Den Haag","58810","52,07667 4,29861","Den Haag","58810","52,07667 4,29861","Directed","Den Haag–Den Haag","1"
"Den Haag","58810","52,07667 4,29861","1/1 Post- und Telegraphenamt 1","365214","48,209928 16,379065","Directed","Den Haag–1/1 Post- und Telegraphenamt 1","1"
"Seis am Schlern","988","46,54133 11,55868","Kochgasse 8","249577","48,212327 16,349717","Directed","Seis am Schlern–Kochgasse 8","1"
"Rodaun","173","48,132793312328 16,256152195922","18/1 Post- und Telegraphenamt 113","365599","48,23540182053625 16,325218008155264","Directed","Rodaun–18/1 Post- und Telegraphenamt 113","1"
"18/1 Post- und Telegraphenamt 113","365599","48,23540182053625 16,325218008155264","Edmund-Weiß-Gasse 7","168940","48,2304 16,33472","Directed","18/1 Post- und Telegraphenamt 113–Edmund-Weiß-Gasse 7","1"
"Innsbruck","867","47,272569 11,389534","Wien","50","48,208333 16,373056","Directed","Innsbruck–Wien","1"
"Friesach [Sankt Veit an der Glan]","100524","46,95528 14,405829","Friesach [Sankt Veit an der Glan]","100524","46,95528 14,405829","Directed","Friesach [Sankt Veit an der Glan]–Friesach [Sankt Veit an der Glan]","1"
"Friesach [Sankt Veit an der Glan]","100524","46,95528 14,405829","I., Innere Stadt","51","48,20769 16,37049","Directed","Friesach [Sankt Veit an der Glan]–I., Innere Stadt","1"
"Mende","147210","44,518333 3,500556","Mende","147210","44,518333 3,500556","Directed","Mende–Mende","1"
"Mende","147210","44,518333 3,500556","Edmund-Weiß-Gasse 7","168940","48,2304 16,33472","Directed","Mende–Edmund-Weiß-Gasse 7","1"
"Hotel Du Lac Gardone Riviera","248229","45,61792 10,55927","Gardone Riviera","374","45,62499 10,56527","Directed","Hotel Du Lac Gardone Riviera–Gardone Riviera","1"
"Gardone Riviera","374","45,62499 10,56527","Hasenauerstraße 59","235251","48,23365 16,33494","Directed","Gardone Riviera–Hasenauerstraße 59","1"
"Purkersdorf","39792","48,19512 16,16265","Wien","50","48,208333 16,373056","Directed","Purkersdorf–Wien","1"
"Versailles","36549","48,80359 2,13424","Edmund-Weiß-Gasse 7","168940","48,2304 16,33472","Directed","Versailles–Edmund-Weiß-Gasse 7","1"
"Trafoi","91918","46,5517 10,50988","Trafoi","91918","46,5517 10,50988","Directed","Trafoi–Trafoi","1"
"Trafoi","91918","46,5517 10,50988","9/3 Post- und Telegraphenamt 72","365208","48,216197 16,356623","Directed","Trafoi–9/3 Post- und Telegraphenamt 72","1"
"Wien","50","48,208333 16,373056","9/2 Post- und Telegraphenamt 71","365211","48,218574 16,35084","Directed","Wien–9/2 Post- und Telegraphenamt 71","1"
"Lugano","885","46,01008 8,96004","Bologna","896","44,49381 11,33875","Directed","Lugano–Bologna","1"
"1/1 Post- und Telegraphenamt 6","365459","48,213955 16,366048","Edmund-Weiß-Gasse 7","168940","48,2304 16,33472","Directed","1/1 Post- und Telegraphenamt 6–Edmund-Weiß-Gasse 7","1"
"Wien","50","48,208333 16,373056","Hofmannsthal-Schlössl","40297","48,133611 16,255556","Directed","Wien–Hofmannsthal-Schlössl","1"
"18/1 Post- und Telegraphenamt 110","365223","48,22513 16,343276","Post- und Telegraphenamt 118","365513","48,245463956294216 16,361545827627214","Directed","18/1 Post- und Telegraphenamt 110–Post- und Telegraphenamt 118","1"
"Post- und Telegraphenamt 118","365513","48,245463956294216 16,361545827627214","Armbrustergasse 6","237626","48,254547 16,355118","Directed","Post- und Telegraphenamt 118–Armbrustergasse 6","1"
"Lélex","45896","46,30057 5,93838","Hotel und Pension Rudolfshöhe (Leopold Petter)","414","47,706537 13,609575","Directed","Lélex–Hotel und Pension Rudolfshöhe (Leopold Petter)","1"
"Berlin","168","52,52437 13,41053","Blankenese","1226","53,5652 9,7972","Directed","Berlin–Blankenese","1"
"Cortina d’Ampezzo","34199","46,5369 12,13903","1/1 Post- und Telegraphenamt 1","365214","48,209928 16,379065","Directed","Cortina d’Ampezzo–1/1 Post- und Telegraphenamt 1","1"
"9/3 Post- und Telegraphenamt 72","365208","48,216197 16,356623","Schulgasse 8 [Bad Ischl]","41463","47,712523 13,621877","Directed","9/3 Post- und Telegraphenamt 72–Schulgasse 8 [Bad Ischl]","1"
"Schulgasse 8 [Bad Ischl]","41463","47,712523 13,621877","Postamt Salzburg Stadt","365625","47,797964 13,047662","Directed","Schulgasse 8 [Bad Ischl]–Postamt Salzburg Stadt","1"
"Bozen","40260","46,49067 11,33982","St. Gilgen","33","47,76667 13,36667","Directed","Bozen–St. Gilgen","1"
"St. Gilgen","33","47,76667 13,36667","Hotel und Pension Lueg","824","47,753992 13,372111","Directed","St. Gilgen–Hotel und Pension Lueg","1"
"Istanbul","966","41,01384 28,94966","Tiefer Graben 17","207301","48,212284 16,367725","Directed","Istanbul–Tiefer Graben 17","1"
"1/1 Telegraphen-Central-Station C.R.","290824","48,2139 16,3665","Wien","50","48,208333 16,373056","Directed","1/1 Telegraphen-Central-Station C.R.–Wien","1"
"9/4 Post- und Telegraphenamt 68","365615","48,22611 16,361111","Hotel Waldhaus am See","51935","46,49703 9,84903","Directed","9/4 Post- und Telegraphenamt 68–Hotel Waldhaus am See","1"
"Innsbruck","867","47,272569 11,389534","Pörtschach am Wörthersee","44278","46,635556 14,1425","Directed","Innsbruck–Pörtschach am Wörthersee","1"
"Café Walther","416","47,709528 13,618338","Bad Ischl","213","47,71109 13,61893","Directed","Café Walther–Bad Ischl","1"
"Hauptbahnhof Salzburg","50792","47,813139 13,045769","Tiefer Graben 23","207296","48,213038 16,368738","Directed","Hauptbahnhof Salzburg–Tiefer Graben 23","1"
"Sestri Levante","42768","44,27317 9,39683","Wien","50","48,208333 16,373056","Directed","Sestri Levante–Wien","1"
"Wien","50","48,208333 16,373056","Brünn","833","49,19522 16,60796","Directed","Wien–Brünn","1"
"Brünn","833","49,19522 16,60796","Hotel Neuhauser","40154","49,19294 16,61001","Directed","Brünn–Hotel Neuhauser","1"
"Gmunden","874","47,91839 13,79933","Bad Ischl","213","47,71109 13,61893","Directed","Gmunden–Bad Ischl","1"
"?? [Atlantik, westlich von Frankreich]","252268","46,38 -8,0","Tiefer Graben 17","207301","48,212284 16,367725","Directed","?? [Atlantik, westlich von Frankreich]–Tiefer Graben 17","1"
"Jagniątków","735","50,816944 15,609444","Sternwartestraße 71","168815","48,23188 16,33716","Directed","Jagniątków–Sternwartestraße 71","1"
