Source,SID,Target,TID,Overallcount,Type,Label,Weight
"Otto Brahm","10986","Olga Schnitzler","2173","555","Directed","Otto Brahm–Olga Schnitzler","2"
"Rainer Maria Rilke","9531","Hugo von Hofmannsthal","11740","300","Directed","Rainer Maria Rilke–Hugo von Hofmannsthal","1"
"Rainer Maria Rilke","9531","Hermann Bahr","10815","223","Directed","Rainer Maria Rilke–Hermann Bahr","2"
"Rainer Maria Rilke","9531","Isidor Singer","12790","66","Directed","Rainer Maria Rilke–Isidor Singer","2"
"Rainer Maria Rilke","9531","Marie Reinhard","2378","61","Directed","Rainer Maria Rilke–Marie Reinhard","1"
"Rainer Maria Rilke","9531","Jakob Wassermann","13055","57","Directed","Rainer Maria Rilke–Jakob Wassermann","1"
"Rainer Maria Rilke","9531","Lou Andreas-Salomé","10762","27","Directed","Rainer Maria Rilke–Lou Andreas-Salomé","2"
"Rainer Maria Rilke","9531","Alfred von Berger","10883","20","Directed","Rainer Maria Rilke–Alfred von Berger","2"
"Rainer Maria Rilke","9531","Maurice Maeterlinck","12156","11","Directed","Rainer Maria Rilke–Maurice Maeterlinck","1"
"Rainer Maria Rilke","9531","Sigmund Lautenburg","2598","6","Directed","Rainer Maria Rilke–Sigmund Lautenburg","1"
"Rainer Maria Rilke","9531","Clara Westhoff","353122","5","Directed","Rainer Maria Rilke–Clara Westhoff","5"
"Emilie Mataja","4223","Karl Kraus","11988","33","Directed","Emilie Mataja–Karl Kraus","1"
"Emilie Mataja","4223","Maximilian Harden","11581","21","Directed","Emilie Mataja–Maximilian Harden","2"
"Carl von Torresani","26121","Richard Beer-Hofmann","10863","397","Directed","Carl von Torresani–Richard Beer-Hofmann","1"
"Carl von Torresani","26121","Hugo von Hofmannsthal","11740","300","Directed","Carl von Torresani–Hugo von Hofmannsthal","1"
"Carl von Torresani","26121","Hermann Bahr","10815","223","Directed","Carl von Torresani–Hermann Bahr","1"
"Carl von Torresani","26121","Felix Salten","2167","140","Directed","Carl von Torresani–Felix Salten","3"
"Carl von Torresani","26121","Johann Schnitzler","12695","28","Directed","Carl von Torresani–Johann Schnitzler","1"
"Carl von Torresani","26121","Eduard Michael Kafka","2563","11","Directed","Carl von Torresani–Eduard Michael Kafka","1"
"Carl von Torresani","26121","Ferry Bératon","14756","9","Directed","Carl von Torresani–Ferry Bératon","1"
"Carl von Torresani","26121","Guy de Maupassant","12201","8","Directed","Carl von Torresani–Guy de Maupassant","1"
"Carl von Torresani","26121","Jaques Joachim","18870","7","Directed","Carl von Torresani–Jaques Joachim","1"
"Theodor von Sosnosky","9941","Richard Beer-Hofmann","10863","397","Directed","Theodor von Sosnosky–Richard Beer-Hofmann","1"
"Theodor von Sosnosky","9941","Hugo von Hofmannsthal","11740","300","Directed","Theodor von Sosnosky–Hugo von Hofmannsthal","1"
"Theodor von Sosnosky","9941","Hermann Bahr","10815","223","Directed","Theodor von Sosnosky–Hermann Bahr","1"
"Theodor von Sosnosky","9941","Gustav Schwarzkopf","12740","93","Directed","Theodor von Sosnosky–Gustav Schwarzkopf","4"
"Theodor von Sosnosky","9941","Albert Langen","3379","10","Directed","Theodor von Sosnosky–Albert Langen","1"
"Theodor von Sosnosky","9941","Eduard Pötzl","12460","8","Directed","Theodor von Sosnosky–Eduard Pötzl","1"
"Theodor von Sosnosky","9941","W. Fred","2226","8","Directed","Theodor von Sosnosky–W. Fred","1"
"Theodor von Sosnosky","9941","Stefan George","2437","4","Directed","Theodor von Sosnosky–Stefan George","1"
"Gustav Schwarzkopf","12740","Olga Schnitzler","2173","555","Directed","Gustav Schwarzkopf–Olga Schnitzler","60"
"Gustav Schwarzkopf","12740","Richard Beer-Hofmann","10863","397","Directed","Gustav Schwarzkopf–Richard Beer-Hofmann","39"
"Gustav Schwarzkopf","12740","Hugo von Hofmannsthal","11740","300","Directed","Gustav Schwarzkopf–Hugo von Hofmannsthal","22"
"Gustav Schwarzkopf","12740","Paul Goldmann","11485","165","Directed","Gustav Schwarzkopf–Paul Goldmann","19"
"Gustav Schwarzkopf","12740","Felix Salten","2167","140","Directed","Gustav Schwarzkopf–Felix Salten","11"
"Gustav Schwarzkopf","12740","Heinrich Schnitzler","12692","133","Directed","Gustav Schwarzkopf–Heinrich Schnitzler","27"
"Gustav Schwarzkopf","12740","Otto Brahm","10986","132","Directed","Gustav Schwarzkopf–Otto Brahm","7"
"Gustav Schwarzkopf","12740","Paula Beer-Hofmann","10860","121","Directed","Gustav Schwarzkopf–Paula Beer-Hofmann","1"
"Gustav Schwarzkopf","12740","Louise Schnitzler","12701","106","Directed","Gustav Schwarzkopf–Louise Schnitzler","24"
"Gustav Schwarzkopf","12740","Ottilie Salten","23918","88","Directed","Gustav Schwarzkopf–Ottilie Salten","1"
"Gustav Schwarzkopf","12740","Samuel Fischer","11324","67","Directed","Gustav Schwarzkopf–Samuel Fischer","3"
"Gustav Schwarzkopf","12740","Max Schwarzkopf","24648","61","Directed","Gustav Schwarzkopf–Max Schwarzkopf","60"
"Gustav Schwarzkopf","12740","Marie Reinhard","2378","61","Directed","Gustav Schwarzkopf–Marie Reinhard","1"
"Gustav Schwarzkopf","12740","Elisabeth Steinrück","2315","59","Directed","Gustav Schwarzkopf–Elisabeth Steinrück","15"
"Gustav Schwarzkopf","12740","Gertrude von Hofmannsthal","2292","58","Directed","Gustav Schwarzkopf–Gertrude von Hofmannsthal","3"
"Gustav Schwarzkopf","12740","Jakob Wassermann","13055","57","Directed","Gustav Schwarzkopf–Jakob Wassermann","11"
"Gustav Schwarzkopf","12740","Julius Schnitzler","12698","56","Directed","Gustav Schwarzkopf–Julius Schnitzler","9"
"Gustav Schwarzkopf","12740","Lili Cappellini","2238","54","Directed","Gustav Schwarzkopf–Lili Cappellini","16"
"Gustav Schwarzkopf","12740","Theodor Herzl","11673","51","Directed","Gustav Schwarzkopf–Theodor Herzl","1"
"Gustav Schwarzkopf","12740","Alfred Kerr","11910","50","Directed","Gustav Schwarzkopf–Alfred Kerr","1"
"Gustav Schwarzkopf","12740","Johann Wolfgang von Goethe","11461","49","Directed","Gustav Schwarzkopf–Johann Wolfgang von Goethe","1"
"Gustav Schwarzkopf","12740","Paul Schlenther","12671","46","Directed","Gustav Schwarzkopf–Paul Schlenther","2"
"Gustav Schwarzkopf","12740","Georg Hirschfeld","11701","44","Directed","Gustav Schwarzkopf–Georg Hirschfeld","4"
"Gustav Schwarzkopf","12740","Gerhart Hauptmann","11617","44","Directed","Gustav Schwarzkopf–Gerhart Hauptmann","1"
"Gustav Schwarzkopf","12740","Leo Van-Jung","26392","43","Directed","Gustav Schwarzkopf–Leo Van-Jung","4"
"Gustav Schwarzkopf","12740","Adele Sandrock","12618","42","Directed","Gustav Schwarzkopf–Adele Sandrock","2"
"Gustav Schwarzkopf","12740","Max Reinhardt","12504","38","Directed","Gustav Schwarzkopf–Max Reinhardt","1"
"Gustav Schwarzkopf","12740","Marie Glümer","14953","36","Directed","Gustav Schwarzkopf–Marie Glümer","2"
"Gustav Schwarzkopf","12740","Oskar Blumenthal","14328","36","Directed","Gustav Schwarzkopf–Oskar Blumenthal","4"
"Gustav Schwarzkopf","12740","Karl Kraus","11988","33","Directed","Gustav Schwarzkopf–Karl Kraus","6"
"Gustav Schwarzkopf","12740","Hugo August von Hofmannsthal","11737","33","Directed","Gustav Schwarzkopf–Hugo August von Hofmannsthal","2"
"Gustav Schwarzkopf","12740","Robert Hirschfeld","11707","28","Directed","Gustav Schwarzkopf–Robert Hirschfeld","3"
"Gustav Schwarzkopf","12740","Gisela Hajek","2461","26","Directed","Gustav Schwarzkopf–Gisela Hajek","8"
"Gustav Schwarzkopf","12740","Friedrich Schik","2420","25","Directed","Gustav Schwarzkopf–Friedrich Schik","1"
"Gustav Schwarzkopf","12740","Theodore Rottenberg","23674","24","Directed","Gustav Schwarzkopf–Theodore Rottenberg","1"
"Gustav Schwarzkopf","12740","Paul Marx","21647","24","Directed","Gustav Schwarzkopf–Paul Marx","15"
"Gustav Schwarzkopf","12740","Julius von Gans-Ludassy","11406","24","Directed","Gustav Schwarzkopf–Julius von Gans-Ludassy","1"
"Gustav Schwarzkopf","12740","Clara Katharina Pollaczek","12435","20","Directed","Gustav Schwarzkopf–Clara Katharina Pollaczek","4"
"Gustav Schwarzkopf","12740","Alfred von Berger","10883","20","Directed","Gustav Schwarzkopf–Alfred von Berger","1"
"Gustav Schwarzkopf","12740","Emanuel Reicher","12491","19","Directed","Gustav Schwarzkopf–Emanuel Reicher","1"
"Gustav Schwarzkopf","12740","Arthur Kaufmann","2496","19","Directed","Gustav Schwarzkopf–Arthur Kaufmann","1"
"Gustav Schwarzkopf","12740","Helene Schnitzler","24423","18","Directed","Gustav Schwarzkopf–Helene Schnitzler","3"
"Gustav Schwarzkopf","12740","Leo Ebermann","2157","18","Directed","Gustav Schwarzkopf–Leo Ebermann","8"
"Gustav Schwarzkopf","12740","Irene Triesch","12977","16","Directed","Gustav Schwarzkopf–Irene Triesch","1"
"Gustav Schwarzkopf","12740","Alfred Dreyfus","4216","16","Directed","Gustav Schwarzkopf–Alfred Dreyfus","3"
"Gustav Schwarzkopf","12740","Raoul Auernheimer","10788","15","Directed","Gustav Schwarzkopf–Raoul Auernheimer","1"
"Gustav Schwarzkopf","12740","Hermann Beer","13913","14","Directed","Gustav Schwarzkopf–Hermann Beer","1"
"Gustav Schwarzkopf","12740","Carl Karlweis","13082","14","Directed","Gustav Schwarzkopf–Carl Karlweis","6"
"Gustav Schwarzkopf","12740","Felix Dörmann","2425","14","Directed","Gustav Schwarzkopf–Felix Dörmann","1"
"Gustav Schwarzkopf","12740","Friedrich Kapper","19106","13","Directed","Gustav Schwarzkopf–Friedrich Kapper","1"
"Gustav Schwarzkopf","12740","Albert Steinrück","12837","13","Directed","Gustav Schwarzkopf–Albert Steinrück","1"
"Gustav Schwarzkopf","12740","Richard Rosenbaum","12556","13","Directed","Gustav Schwarzkopf–Richard Rosenbaum","1"
"Gustav Schwarzkopf","12740","Gilbert Otto Neumann-Hofer","12348","13","Directed","Gustav Schwarzkopf–Gilbert Otto Neumann-Hofer","1"
"Gustav Schwarzkopf","12740","Christine Kepert","24686","10","Directed","Gustav Schwarzkopf–Christine Kepert","2"
"Gustav Schwarzkopf","12740","Anna von Hofmannsthal","18404","9","Directed","Gustav Schwarzkopf–Anna von Hofmannsthal","1"
"Gustav Schwarzkopf","12740","Ferry Bératon","14756","9","Directed","Gustav Schwarzkopf–Ferry Bératon","2"
"Gustav Schwarzkopf","12740","Rembrandt van Rijn","5428","9","Directed","Gustav Schwarzkopf–Rembrandt van Rijn","1"
"Gustav Schwarzkopf","12740","Heinrich Mann","12170","8","Directed","Gustav Schwarzkopf–Heinrich Mann","1"
"Gustav Schwarzkopf","12740","W. Fred","2226","8","Directed","Gustav Schwarzkopf–W. Fred","2"
"Gustav Schwarzkopf","12740","Ludwig Rottenberg","9598","7","Directed","Gustav Schwarzkopf–Ludwig Rottenberg","1"
"Gustav Schwarzkopf","12740","Anatole France","4279","7","Directed","Gustav Schwarzkopf–Anatole France","1"
"Gustav Schwarzkopf","12740","Marie Elsinger","2938","7","Directed","Gustav Schwarzkopf–Marie Elsinger","6"
"Gustav Schwarzkopf","12740","?? [Totgeborener Sohn von Arthur Schnitzler und Marie Reinhard]","42794","6","Directed","Gustav Schwarzkopf–?? [Totgeborener Sohn von Arthur Schnitzler und Marie Reinhard]","1"
"Gustav Schwarzkopf","12740","Franz August Carl Maria Reisch","27687","6","Directed","Gustav Schwarzkopf–Franz August Carl Maria Reisch","1"
"Gustav Schwarzkopf","12740","Caroline Burger","14707","6","Directed","Gustav Schwarzkopf–Caroline Burger","1"
"Gustav Schwarzkopf","12740","Gustav Kadelburg","11845","6","Directed","Gustav Schwarzkopf–Gustav Kadelburg","2"
"Gustav Schwarzkopf","12740","Sigmund Lautenburg","2598","6","Directed","Gustav Schwarzkopf–Sigmund Lautenburg","1"
"Gustav Schwarzkopf","12740","Mirjam Horwitz","2549","6","Directed","Gustav Schwarzkopf–Mirjam Horwitz","1"
"Gustav Schwarzkopf","12740","Paul von Schönthan-Pernwald","24705","5","Directed","Gustav Schwarzkopf–Paul von Schönthan-Pernwald","1"
"Gustav Schwarzkopf","12740","Anna Loew","20562","5","Directed","Gustav Schwarzkopf–Anna Loew","1"
"Gustav Schwarzkopf","12740","Ida Grünwald","17502","5","Directed","Gustav Schwarzkopf–Ida Grünwald","2"
"Gustav Schwarzkopf","12740","Stefanie Bachrach","13653","5","Directed","Gustav Schwarzkopf–Stefanie Bachrach","3"
"Gustav Schwarzkopf","12740","Max Graf","11512","5","Directed","Gustav Schwarzkopf–Max Graf","1"
"Gustav Schwarzkopf","12740","Vincenz Chiavacci","2154","5","Directed","Gustav Schwarzkopf–Vincenz Chiavacci","3"
"Gustav Schwarzkopf","12740","Adele Schreiber","88525","4","Directed","Gustav Schwarzkopf–Adele Schreiber","2"
"Gustav Schwarzkopf","12740","Tizian","26079","4","Directed","Gustav Schwarzkopf–Tizian","1"
"Gustav Schwarzkopf","12740","Geza Silberer","24919","4","Directed","Gustav Schwarzkopf–Geza Silberer","3"
"Gustav Schwarzkopf","12740","Rudolf Schwarzkopf","24651","4","Directed","Gustav Schwarzkopf–Rudolf Schwarzkopf","2"
"Gustav Schwarzkopf","12740","Emil Schwarzkopf","24645","4","Directed","Gustav Schwarzkopf–Emil Schwarzkopf","4"
"Gustav Schwarzkopf","12740","Hans Schnitzler","24420","4","Directed","Gustav Schwarzkopf–Hans Schnitzler","2"
"Gustav Schwarzkopf","12740","Friedrich Rosenthal","5799","4","Directed","Gustav Schwarzkopf–Friedrich Rosenthal","1"
"Gustav Schwarzkopf","12740","Karl Reinhard","40587","3","Directed","Gustav Schwarzkopf–Karl Reinhard","1"
"Gustav Schwarzkopf","12740","Rosa Beer","34918","3","Directed","Gustav Schwarzkopf–Rosa Beer","1"
"Gustav Schwarzkopf","12740","Franz Irresberger","28739","3","Directed","Gustav Schwarzkopf–Franz Irresberger","1"
"Gustav Schwarzkopf","12740","Marie Schey","24118","3","Directed","Gustav Schwarzkopf–Marie Schey","2"
"Gustav Schwarzkopf","12740","Helene Keßler","19296","3","Directed","Gustav Schwarzkopf–Helene Keßler","2"
"Gustav Schwarzkopf","12740","Ludwig Wolff","13159","3","Directed","Gustav Schwarzkopf–Ludwig Wolff","2"
"Gustav Schwarzkopf","12740","Angelo Neumann","12341","3","Directed","Gustav Schwarzkopf–Angelo Neumann","2"
"Gustav Schwarzkopf","12740","Hans Kapper","11882","3","Directed","Gustav Schwarzkopf–Hans Kapper","3"
"Gustav Schwarzkopf","12740","Heinrich Kadelburg","11848","3","Directed","Gustav Schwarzkopf–Heinrich Kadelburg","1"
"Gustav Schwarzkopf","12740","Ermete Zacconi","3787","3","Directed","Gustav Schwarzkopf–Ermete Zacconi","2"
"Gustav Schwarzkopf","12740","Karl Lueger","3561","3","Directed","Gustav Schwarzkopf–Karl Lueger","1"
"Gustav Schwarzkopf","12740","Marco Brociner","3442","3","Directed","Gustav Schwarzkopf–Marco Brociner","1"
"Gustav Schwarzkopf","12740","Raimund von Hofmannsthal","3241","3","Directed","Gustav Schwarzkopf–Raimund von Hofmannsthal","1"
"Gustav Schwarzkopf","12740","Lotte Medelsky","2252","3","Directed","Gustav Schwarzkopf–Lotte Medelsky","1"
"Gustav Schwarzkopf","12740","Karl Hermann Wolf","114834","2","Directed","Gustav Schwarzkopf–Karl Hermann Wolf","2"
"Carl Sternheim","12848","Hugo von Hofmannsthal","11740","300","Directed","Carl Sternheim–Hugo von Hofmannsthal","1"
"Carl Sternheim","12848","Hermann Bahr","10815","223","Directed","Carl Sternheim–Hermann Bahr","1"
"Carl Sternheim","12848","Gerhart Hauptmann","11617","44","Directed","Carl Sternheim–Gerhart Hauptmann","1"
"Carl Sternheim","12848","Heinrich Mann","12170","8","Directed","Carl Sternheim–Heinrich Mann","1"
"Carl Sternheim","12848","Frank Wedekind","13068","4","Directed","Carl Sternheim–Frank Wedekind","1"
"Carl Sternheim","12848","Thomas Mann","12176","4","Directed","Carl Sternheim–Thomas Mann","1"
"Carl Sternheim","12848","Richard Dehmel","11148","4","Directed","Carl Sternheim–Richard Dehmel","1"
"Carl Sternheim","12848","Karl Gustav Vollmoeller","13014","3","Directed","Carl Sternheim–Karl Gustav Vollmoeller","1"
"Carl Sternheim","12848","Herbert Eulenberg","11273","3","Directed","Carl Sternheim–Herbert Eulenberg","1"
"Carl Sternheim","12848","Franz Blei","10955","3","Directed","Carl Sternheim–Franz Blei","1"
"Berta Zuckerkandl","2312","Olga Schnitzler","2173","555","Directed","Berta Zuckerkandl–Olga Schnitzler","9"
"Berta Zuckerkandl","2312","Hugo von Hofmannsthal","11740","300","Directed","Berta Zuckerkandl–Hugo von Hofmannsthal","1"
"Berta Zuckerkandl","2312","Heinrich Schnitzler","12692","133","Directed","Berta Zuckerkandl–Heinrich Schnitzler","3"
"Berta Zuckerkandl","2312","Louise Schnitzler","12701","106","Directed","Berta Zuckerkandl–Louise Schnitzler","1"
"Berta Zuckerkandl","2312","Samuel Fischer","11324","67","Directed","Berta Zuckerkandl–Samuel Fischer","1"
"Berta Zuckerkandl","2312","Lili Cappellini","2238","54","Directed","Berta Zuckerkandl–Lili Cappellini","4"
"Berta Zuckerkandl","2312","Arthur Schnitzler","2121","37","Directed","Berta Zuckerkandl–Arthur Schnitzler","1"
"Berta Zuckerkandl","2312","Gisela Hajek","2461","26","Directed","Berta Zuckerkandl–Gisela Hajek","1"
"Berta Zuckerkandl","2312","Josef Kainz","11851","24","Directed","Berta Zuckerkandl–Josef Kainz","1"
"Berta Zuckerkandl","2312","André Antoine","2211","24","Directed","Berta Zuckerkandl–André Antoine","8"
"Berta Zuckerkandl","2312","Jean Thorel","3966","23","Directed","Berta Zuckerkandl–Jean Thorel","3"
"Berta Zuckerkandl","2312","William Shakespeare","2412","22","Directed","Berta Zuckerkandl–William Shakespeare","1"
"Berta Zuckerkandl","2312","Clara Katharina Pollaczek","12435","20","Directed","Berta Zuckerkandl–Clara Katharina Pollaczek","9"
"Berta Zuckerkandl","2312","Helene Schnitzler","24423","18","Directed","Berta Zuckerkandl–Helene Schnitzler","1"
"Berta Zuckerkandl","2312","Maurice Rémon","23787","17","Directed","Berta Zuckerkandl–Maurice Rémon","16"
"Berta Zuckerkandl","2312","Siegfried Trebitsch","12968","17","Directed","Berta Zuckerkandl–Siegfried Trebitsch","1"
"Berta Zuckerkandl","2312","Paul Géraldy","3138","13","Directed","Berta Zuckerkandl–Paul Géraldy","12"
"Berta Zuckerkandl","2312","Firmin Gémier","17611","10","Directed","Berta Zuckerkandl–Firmin Gémier","10"
"Berta Zuckerkandl","2312","Lew Nikolajewitsch Tolstoi","3739","10","Directed","Berta Zuckerkandl–Lew Nikolajewitsch Tolstoi","1"
"Berta Zuckerkandl","2312","Frieda Pollak","22728","9","Directed","Berta Zuckerkandl–Frieda Pollak","1"
"Berta Zuckerkandl","2312","Nicolas Nathan","299366","8","Directed","Berta Zuckerkandl–Nicolas Nathan","8"
"Berta Zuckerkandl","2312","Emma Cabire","14794","8","Directed","Berta Zuckerkandl–Emma Cabire","8"
"Berta Zuckerkandl","2312","Henri-René Lenormand","8576","8","Directed","Berta Zuckerkandl–Henri-René Lenormand","8"
"Berta Zuckerkandl","2312","Berthold Frischauer","16710","7","Directed","Berta Zuckerkandl–Berthold Frischauer","2"
"Berta Zuckerkandl","2312","Sophie Clemenceau","15024","7","Directed","Berta Zuckerkandl–Sophie Clemenceau","7"
"Berta Zuckerkandl","2312","Arnoldo Cappellini","14850","7","Directed","Berta Zuckerkandl–Arnoldo Cappellini","1"
"Berta Zuckerkandl","2312","Geneviève Bianquis","14187","7","Directed","Berta Zuckerkandl–Geneviève Bianquis","6"
"Berta Zuckerkandl","2312","Stephan Epstein","2199","7","Directed","Berta Zuckerkandl–Stephan Epstein","1"
"Berta Zuckerkandl","2312","Jacques Chardonne","259336","6","Directed","Berta Zuckerkandl–Jacques Chardonne","6"
"Berta Zuckerkandl","2312","Paul Morisse","156849","6","Directed","Berta Zuckerkandl–Paul Morisse","1"
"Berta Zuckerkandl","2312","Alzir Hella","18065","6","Directed","Berta Zuckerkandl–Alzir Hella","5"
"Berta Zuckerkandl","2312","Lucien Besnard","14156","6","Directed","Berta Zuckerkandl–Lucien Besnard","6"
"Berta Zuckerkandl","2312","Gustav Mahler","12163","6","Directed","Berta Zuckerkandl–Gustav Mahler","1"
"Berta Zuckerkandl","2312","Alma Maria Mahler-Werfel","12160","6","Directed","Berta Zuckerkandl–Alma Maria Mahler-Werfel","6"
"Berta Zuckerkandl","2312","Maurice Delamain","15296","5","Directed","Berta Zuckerkandl–Maurice Delamain","5"
"Berta Zuckerkandl","2312","Suzanne Clauser","15015","5","Directed","Berta Zuckerkandl–Suzanne Clauser","5"
"Berta Zuckerkandl","2312","Aurélien-Marie Lugné-Poe","3690","5","Directed","Berta Zuckerkandl–Aurélien-Marie Lugné-Poe","3"
"Berta Zuckerkandl","2312","Giacomo Girolamo Casanova","3145","5","Directed","Berta Zuckerkandl–Giacomo Girolamo Casanova","1"
"Berta Zuckerkandl","2312","Noémi Valentin","46140","4","Directed","Berta Zuckerkandl–Noémi Valentin","4"
"Berta Zuckerkandl","2312","Julius Szeps","25793","4","Directed","Berta Zuckerkandl–Julius Szeps","1"
"Berta Zuckerkandl","2312","Franz Werfel","13094","4","Directed","Berta Zuckerkandl–Franz Werfel","1"
"Berta Zuckerkandl","2312","Anton Pavlovič Čechov","3603","4","Directed","Berta Zuckerkandl–Anton Pavlovič Čechov","1"
"Berta Zuckerkandl","2312","Irénée Mauget","299474","3","Directed","Berta Zuckerkandl–Irénée Mauget","3"
"Berta Zuckerkandl","2312","Lucien Guitry","17533","3","Directed","Berta Zuckerkandl–Lucien Guitry","3"
"Berta Zuckerkandl","2312","Bernard Grasset","17333","3","Directed","Berta Zuckerkandl–Bernard Grasset","3"
"Berta Zuckerkandl","2312","Robert Blum","10966","3","Directed","Berta Zuckerkandl–Robert Blum","3"
"Berta Zuckerkandl","2312","Victor Barnowsky","10833","3","Directed","Berta Zuckerkandl–Victor Barnowsky","2"
"Berta Zuckerkandl","2312","Suzanne Desprès","3659","3","Directed","Berta Zuckerkandl–Suzanne Desprès","1"
"Berta Zuckerkandl","2312","Henri Hertz","299681","2","Directed","Berta Zuckerkandl–Henri Hertz","2"
"Berta Zuckerkandl","2312","Geneviève Maury","299370","2","Directed","Berta Zuckerkandl–Geneviève Maury","2"
"Berta Zuckerkandl","2312","Anne Lefèvre","299369","2","Directed","Berta Zuckerkandl–Anne Lefèvre","2"
"Berta Zuckerkandl","2312","Jean Coquelin","117889","2","Directed","Berta Zuckerkandl–Jean Coquelin","2"
"Romain Rolland","12543","Gerhart Hauptmann","11617","44","Directed","Romain Rolland–Gerhart Hauptmann","1"
"Romain Rolland","12543","William Shakespeare","2412","22","Directed","Romain Rolland–William Shakespeare","1"
"Romain Rolland","12543","Maurice Maeterlinck","12156","11","Directed","Romain Rolland–Maurice Maeterlinck","1"
"Romain Rolland","12543","Lew Nikolajewitsch Tolstoi","3739","10","Directed","Romain Rolland–Lew Nikolajewitsch Tolstoi","1"
"Romain Rolland","12543","Anatole France","4279","7","Directed","Romain Rolland–Anatole France","1"
"Romain Rolland","12543","Stefan Zweig","13212","4","Directed","Romain Rolland–Stefan Zweig","2"
"Karl Emil Franzos","7218","Arthur Schnitzler","2121","37","Directed","Karl Emil Franzos–Arthur Schnitzler","2"
"Karl Emil Franzos","7218","Johann Schnitzler","12695","28","Directed","Karl Emil Franzos–Johann Schnitzler","2"
"Theodor Herzl","11673","Richard Beer-Hofmann","10863","397","Directed","Theodor Herzl–Richard Beer-Hofmann","1"
"Theodor Herzl","11673","Hugo von Hofmannsthal","11740","300","Directed","Theodor Herzl–Hugo von Hofmannsthal","4"
"Theodor Herzl","11673","Hermann Bahr","10815","223","Directed","Theodor Herzl–Hermann Bahr","2"
"Theodor Herzl","11673","Paul Goldmann","11485","165","Directed","Theodor Herzl–Paul Goldmann","6"
"Theodor Herzl","11673","Otto Brahm","10986","132","Directed","Theodor Herzl–Otto Brahm","7"
"Theodor Herzl","11673","Louise Schnitzler","12701","106","Directed","Theodor Herzl–Louise Schnitzler","5"
"Theodor Herzl","11673","Samuel Fischer","11324","67","Directed","Theodor Herzl–Samuel Fischer","8"
"Theodor Herzl","11673","Max Eugen Burckhard","11036","57","Directed","Theodor Herzl–Max Eugen Burckhard","2"
"Theodor Herzl","11673","Julius Schnitzler","12698","56","Directed","Theodor Herzl–Julius Schnitzler","2"
"Theodor Herzl","11673","Paul Schlenther","12671","46","Directed","Theodor Herzl–Paul Schlenther","1"
"Theodor Herzl","11673","Adele Sandrock","12618","42","Directed","Theodor Herzl–Adele Sandrock","1"
"Theodor Herzl","11673","Oskar Blumenthal","14328","36","Directed","Theodor Herzl–Oskar Blumenthal","18"
"Theodor Herzl","11673","Johann Schnitzler","12695","28","Directed","Theodor Herzl–Johann Schnitzler","3"
"Theodor Herzl","11673","Friedrich Schik","2420","25","Directed","Theodor Herzl–Friedrich Schik","22"
"Theodor Herzl","11673","Julius von Gans-Ludassy","11406","24","Directed","Theodor Herzl–Julius von Gans-Ludassy","1"
"Theodor Herzl","11673","Hermann Sudermann","12899","19","Directed","Theodor Herzl–Hermann Sudermann","2"
"Theodor Herzl","11673","Friedrich Mitterwurzer","12265","17","Directed","Theodor Herzl–Friedrich Mitterwurzer","1"
"Theodor Herzl","11673","Adam Müller-Guttenbrunn","12331","16","Directed","Theodor Herzl–Adam Müller-Guttenbrunn","15"
"Theodor Herzl","11673","?? [Schreibkraft für Arthur Schnitzler]","27711","13","Directed","Theodor Herzl–?? [Schreibkraft für Arthur Schnitzler]","5"
"Theodor Herzl","11673","Emerich von Bukovics","2161","13","Directed","Theodor Herzl–Emerich von Bukovics","2"
"Theodor Herzl","11673","Julie Herzl","2812","11","Directed","Theodor Herzl–Julie Herzl","9"
"Theodor Herzl","11673","Adolf von Sonnenthal","12809","8","Directed","Theodor Herzl–Adolf von Sonnenthal","1"
"Theodor Herzl","11673","Max Nordau","12365","8","Directed","Theodor Herzl–Max Nordau","2"
"Theodor Herzl","11673","Moriz Benedikt","10875","8","Directed","Theodor Herzl–Moriz Benedikt","1"
"Theodor Herzl","11673","Sigmund Lautenburg","2598","6","Directed","Theodor Herzl–Sigmund Lautenburg","1"
"Theodor Herzl","11673","Heinrich Teweles","12932","5","Directed","Theodor Herzl–Heinrich Teweles","4"
"Theodor Herzl","11673","Julius Baumgarten","298943","4","Directed","Theodor Herzl–Julius Baumgarten","4"
"Theodor Herzl","11673","Karl Langkammer","12037","4","Directed","Theodor Herzl–Karl Langkammer","1"
"Theodor Herzl","11673","Paul Bourget","4026","4","Directed","Theodor Herzl–Paul Bourget","1"
"Theodor Herzl","11673","Theodor Loewe","2941","4","Directed","Theodor Herzl–Theodor Loewe","1"
"Theodor Herzl","11673","Wilhelm Singer","2202","4","Directed","Theodor Herzl–Wilhelm Singer","1"
"Theodor Herzl","11673","Margarethe Neumann","18233","3","Directed","Theodor Herzl–Margarethe Neumann","3"
"Theodor Herzl","11673","Friedrich Gustav Triesch","12974","3","Directed","Theodor Herzl–Friedrich Gustav Triesch","2"
"Theodor Herzl","11673","Max Kalbeck","11857","3","Directed","Theodor Herzl–Max Kalbeck","1"
"Theodor Herzl","11673","Pauline Hüft","296738","2","Directed","Theodor Herzl–Pauline Hüft","2"
"Stefan Zweig","13212","Olga Schnitzler","2173","555","Directed","Stefan Zweig–Olga Schnitzler","33"
"Stefan Zweig","13212","Hugo von Hofmannsthal","11740","300","Directed","Stefan Zweig–Hugo von Hofmannsthal","1"
"Stefan Zweig","13212","Hermann Bahr","10815","223","Directed","Stefan Zweig–Hermann Bahr","4"
"Stefan Zweig","13212","Heinrich Schnitzler","12692","133","Directed","Stefan Zweig–Heinrich Schnitzler","3"
"Stefan Zweig","13212","Otto Brahm","10986","132","Directed","Stefan Zweig–Otto Brahm","1"
"Stefan Zweig","13212","Samuel Fischer","11324","67","Directed","Stefan Zweig–Samuel Fischer","5"
"Stefan Zweig","13212","Elisabeth Steinrück","2315","59","Directed","Stefan Zweig–Elisabeth Steinrück","1"
"Stefan Zweig","13212","Jakob Wassermann","13055","57","Directed","Stefan Zweig–Jakob Wassermann","3"
"Stefan Zweig","13212","Lili Cappellini","2238","54","Directed","Stefan Zweig–Lili Cappellini","2"
"Stefan Zweig","13212","Johann Wolfgang von Goethe","11461","49","Directed","Stefan Zweig–Johann Wolfgang von Goethe","4"
"Stefan Zweig","13212","Gerhart Hauptmann","11617","44","Directed","Stefan Zweig–Gerhart Hauptmann","4"
"Stefan Zweig","13212","Adele Sandrock","12618","42","Directed","Stefan Zweig–Adele Sandrock","1"
"Stefan Zweig","13212","Georg Brandes","10992","39","Directed","Stefan Zweig–Georg Brandes","1"
"Stefan Zweig","13212","Arthur Schnitzler","2121","37","Directed","Stefan Zweig–Arthur Schnitzler","4"
"Stefan Zweig","13212","André Antoine","2211","24","Directed","Stefan Zweig–André Antoine","1"
"Stefan Zweig","13212","William Shakespeare","2412","22","Directed","Stefan Zweig–William Shakespeare","1"
"Stefan Zweig","13212","Romain Rolland","12543","21","Directed","Stefan Zweig–Romain Rolland","17"
"Stefan Zweig","13212","Clara Katharina Pollaczek","12435","20","Directed","Stefan Zweig–Clara Katharina Pollaczek","1"
"Stefan Zweig","13212","Maurice Rémon","23787","17","Directed","Stefan Zweig–Maurice Rémon","1"
"Stefan Zweig","13212","Richard Specht","2456","16","Directed","Stefan Zweig–Richard Specht","2"
"Stefan Zweig","13212","Raoul Auernheimer","10788","15","Directed","Stefan Zweig–Raoul Auernheimer","2"
"Stefan Zweig","13212","Albert Steinrück","12837","13","Directed","Stefan Zweig–Albert Steinrück","1"
"Stefan Zweig","13212","Richard Rosenbaum","12556","13","Directed","Stefan Zweig–Richard Rosenbaum","4"
"Stefan Zweig","13212","Maurice Maeterlinck","12156","11","Directed","Stefan Zweig–Maurice Maeterlinck","2"
"Stefan Zweig","13212","Friedrich Hebbel","2404","11","Directed","Stefan Zweig–Friedrich Hebbel","2"
"Stefan Zweig","13212","Albert Bassermann","10844","10","Directed","Stefan Zweig–Albert Bassermann","1"
"Stefan Zweig","13212","Lew Nikolajewitsch Tolstoi","3739","10","Directed","Stefan Zweig–Lew Nikolajewitsch Tolstoi","2"
"Stefan Zweig","13212","Berta Zuckerkandl","2312","10","Directed","Stefan Zweig–Berta Zuckerkandl","3"
"Stefan Zweig","13212","Detlev von Liliencron","12071","9","Directed","Stefan Zweig–Detlev von Liliencron","1"
"Stefan Zweig","13212","Rembrandt van Rijn","5428","9","Directed","Stefan Zweig–Rembrandt van Rijn","1"
"Stefan Zweig","13212","Arnoldo Cappellini","14850","7","Directed","Stefan Zweig–Arnoldo Cappellini","1"
"Stefan Zweig","13212","Émile Zola","13194","7","Directed","Stefan Zweig–Émile Zola","1"
"Stefan Zweig","13212","Anatole France","4279","7","Directed","Stefan Zweig–Anatole France","2"
"Stefan Zweig","13212","Paul Morisse","156849","6","Directed","Stefan Zweig–Paul Morisse","5"
"Stefan Zweig","13212","Franz August Carl Maria Reisch","27687","6","Directed","Stefan Zweig–Franz August Carl Maria Reisch","1"
"Stefan Zweig","13212","Alzir Hella","18065","6","Directed","Stefan Zweig–Alzir Hella","1"
"Stefan Zweig","13212","Gustav Mahler","12163","6","Directed","Stefan Zweig–Gustav Mahler","1"
"Stefan Zweig","13212","Alfred von Winterstein","13136","5","Directed","Stefan Zweig–Alfred von Winterstein","1"
"Stefan Zweig","13212","Hugo Thimig","12948","5","Directed","Stefan Zweig–Hugo Thimig","1"
"Stefan Zweig","13212","Théodore de Wyzewa","27373","4","Directed","Stefan Zweig–Théodore de Wyzewa","1"
"Stefan Zweig","13212","Franz Werfel","13094","4","Directed","Stefan Zweig–Franz Werfel","2"
"Stefan Zweig","13212","Arnold Rosé","12570","4","Directed","Stefan Zweig–Arnold Rosé","2"
"Stefan Zweig","13212","Heinrich von Kleist","11933","4","Directed","Stefan Zweig–Heinrich von Kleist","1"
"Stefan Zweig","13212","Julio Álvarez del Vayo","295284","3","Directed","Stefan Zweig–Julio Álvarez del Vayo","3"
"Stefan Zweig","13212","Marceline Desbordes-Valmore","152062","3","Directed","Stefan Zweig–Marceline Desbordes-Valmore","3"
"Stefan Zweig","13212","Jakob von Winternitz","13132","3","Directed","Stefan Zweig–Jakob von Winternitz","3"
"Stefan Zweig","13212","Bruno Walter","13041","3","Directed","Stefan Zweig–Bruno Walter","1"
"Stefan Zweig","13212","Walther Rathenau","12471","3","Directed","Stefan Zweig–Walther Rathenau","1"
"Stefan Zweig","13212","Honoré de Balzac","10825","3","Directed","Stefan Zweig–Honoré de Balzac","1"
"Stefan Zweig","13212","Friderike Maria Zweig","4829","3","Directed","Stefan Zweig–Friderike Maria Zweig","3"
"Stefan Zweig","13212","Fjodor Mihajlovič Dostojevskij","4006","3","Directed","Stefan Zweig–Fjodor Mihajlovič Dostojevskij","1"
"Stefan Zweig","13212","George Bernard Shaw","2381","3","Directed","Stefan Zweig–George Bernard Shaw","2"
"Stefan Zweig","13212","Josef Popper-Lynkeus","2135","3","Directed","Stefan Zweig–Josef Popper-Lynkeus","1"
"Sigmund Freud","11370","Martha Freud","259642","2","Directed","Sigmund Freud–Martha Freud","2"
"Elsa Plessner","2128","Olga Schnitzler","2173","555","Directed","Elsa Plessner–Olga Schnitzler","3"
"Elsa Plessner","2128","Hermann Bahr","10815","223","Directed","Elsa Plessner–Hermann Bahr","4"
"Elsa Plessner","2128","Otto Brahm","10986","132","Directed","Elsa Plessner–Otto Brahm","5"
"Elsa Plessner","2128","Arthur Schnitzler","2121","37","Directed","Elsa Plessner–Arthur Schnitzler","1"
"Elsa Plessner","2128","Josef Kainz","11851","24","Directed","Elsa Plessner–Josef Kainz","1"
"Elsa Plessner","2128","Felix Dörmann","2425","14","Directed","Elsa Plessner–Felix Dörmann","1"
"Elsa Plessner","2128","Albert Langen","3379","10","Directed","Elsa Plessner–Albert Langen","1"
"Elsa Plessner","2128","Laura Marholm","12183","5","Directed","Elsa Plessner–Laura Marholm","1"
"Elsa Plessner","2128","Leo Feld","18308","4","Directed","Elsa Plessner–Leo Feld","1"
"Elsa Plessner","2128","Clementine Plessner","294750","3","Directed","Elsa Plessner–Clementine Plessner","3"
"Elsa Plessner","2128","Erich Ziegel","142471","3","Directed","Elsa Plessner–Erich Ziegel","3"
"Elsa Plessner","2128","Henning von Brüsewitz","113878","3","Directed","Elsa Plessner–Henning von Brüsewitz","1"
"Elsa Plessner","2128","Wilhelm Ginsberg","294754","2","Directed","Elsa Plessner–Wilhelm Ginsberg","2"
"Marie Herzfeld","11666","Hugo von Hofmannsthal","11740","300","Directed","Marie Herzfeld–Hugo von Hofmannsthal","2"
"Marie Herzfeld","11666","Georg Brandes","10992","39","Directed","Marie Herzfeld–Georg Brandes","2"
"Marie Herzfeld","11666","Arthur Schnitzler","2121","37","Directed","Marie Herzfeld–Arthur Schnitzler","1"
"Marie Herzfeld","11666","Johann Schnitzler","12695","28","Directed","Marie Herzfeld–Johann Schnitzler","1"
"Marie Herzfeld","11666","Karl Schönherr","12749","6","Directed","Marie Herzfeld–Karl Schönherr","1"
"Marie Herzfeld","11666","Peter Rotenstern","2992","5","Directed","Marie Herzfeld–Peter Rotenstern","2"
"Marie Herzfeld","11666","Heinrich Zimmer","13183","4","Directed","Marie Herzfeld–Heinrich Zimmer","1"
"Marie Herzfeld","11666","Marie Schey","24118","3","Directed","Marie Herzfeld–Marie Schey","1"
"Marie Herzfeld","11666","Alfred Spitzer","65479","2","Directed","Marie Herzfeld–Alfred Spitzer","1"
"Auguste Hauschner","2524","Guy de Maupassant","12201","8","Directed","Auguste Hauschner–Guy de Maupassant","1"
"Karin Michaëlis","4408","Olga Schnitzler","2173","555","Directed","Karin Michaëlis–Olga Schnitzler","1"
"Karin Michaëlis","4408","Peter Nansen","2357","19","Directed","Karin Michaëlis–Peter Nansen","1"
"Therese Rie-Andro","4836","Johann Wolfgang von Goethe","11461","49","Directed","Therese Rie-Andro–Johann Wolfgang von Goethe","1"
"Therese Rie-Andro","4836","Johann Schnitzler","12695","28","Directed","Therese Rie-Andro–Johann Schnitzler","2"
"Therese Rie-Andro","4836","Josef Kainz","11851","24","Directed","Therese Rie-Andro–Josef Kainz","1"
"Therese Rie-Andro","4836","William Shakespeare","2412","22","Directed","Therese Rie-Andro–William Shakespeare","1"
"Therese Rie-Andro","4836","Romain Rolland","12543","21","Directed","Therese Rie-Andro–Romain Rolland","2"
"Therese Rie-Andro","4836","Friedrich Nietzsche","12358","11","Directed","Therese Rie-Andro–Friedrich Nietzsche","1"
"Therese Rie-Andro","4836","Alexander Moissi","12274","7","Directed","Therese Rie-Andro–Alexander Moissi","1"
"Therese Rie-Andro","4836","Gustav Mahler","12163","6","Directed","Therese Rie-Andro–Gustav Mahler","1"
"Therese Rie-Andro","4836","Ernst von Dohnányi","11165","6","Directed","Therese Rie-Andro–Ernst von Dohnányi","1"
"Therese Rie-Andro","4836","Stefan Zweig","13212","4","Directed","Therese Rie-Andro–Stefan Zweig","1"
"Therese Rie-Andro","4836","Hans Pfitzner","2674","3","Directed","Therese Rie-Andro–Hans Pfitzner","3"
"Therese Rie-Andro","4836","Maximilian Herz","56051","2","Directed","Therese Rie-Andro–Maximilian Herz","2"
"Ludwig Ganghofer","11402","Otto Brahm","10986","132","Directed","Ludwig Ganghofer–Otto Brahm","1"
"Ludwig Ganghofer","11402","Ludwig Fulda","11391","15","Directed","Ludwig Ganghofer–Ludwig Fulda","1"
"Adalbert Franz Seligmann","12769","Max Eugen Burckhard","11036","57","Directed","Adalbert Franz Seligmann–Max Eugen Burckhard","1"
"Adalbert Franz Seligmann","12769","William Shakespeare","2412","22","Directed","Adalbert Franz Seligmann–William Shakespeare","1"
"Adalbert Franz Seligmann","12769","Siegfried Jacobsohn","11813","9","Directed","Adalbert Franz Seligmann–Siegfried Jacobsohn","1"
"Adalbert Franz Seligmann","12769","Alfred Polgar","2989","6","Directed","Adalbert Franz Seligmann–Alfred Polgar","1"
"Adalbert Franz Seligmann","12769","Heinrich Glücksmann","11454","5","Directed","Adalbert Franz Seligmann–Heinrich Glücksmann","1"
"Adalbert Franz Seligmann","12769","Heinrich von Kleist","11933","4","Directed","Adalbert Franz Seligmann–Heinrich von Kleist","1"
"Adalbert Franz Seligmann","12769","Hugo Wittmann","2739","3","Directed","Adalbert Franz Seligmann–Hugo Wittmann","1"
"Ferdinand von Saar","12602","Henrik Ibsen","11798","10","Directed","Ferdinand von Saar–Henrik Ibsen","1"
"Robert Adam","12438","Olga Schnitzler","2173","555","Directed","Robert Adam–Olga Schnitzler","1"
"Robert Adam","12438","Heinrich Schnitzler","12692","133","Directed","Robert Adam–Heinrich Schnitzler","1"
"Robert Adam","12438","Lili Cappellini","2238","54","Directed","Robert Adam–Lili Cappellini","2"
"Robert Adam","12438","Romain Rolland","12543","21","Directed","Robert Adam–Romain Rolland","1"
"Robert Adam","12438","Albert Steinrück","12837","13","Directed","Robert Adam–Albert Steinrück","2"
"Robert Adam","12438","Friedrich Nietzsche","12358","11","Directed","Robert Adam–Friedrich Nietzsche","1"
"Robert Adam","12438","Henrik Ibsen","11798","10","Directed","Robert Adam–Henrik Ibsen","1"
"Robert Adam","12438","Frieda Pollak","22728","9","Directed","Robert Adam–Frieda Pollak","2"
"Robert Adam","12438","Alexander Moissi","12274","7","Directed","Robert Adam–Alexander Moissi","1"
"Robert Adam","12438","Alexandre père Dumas","11190","7","Directed","Robert Adam–Alexandre père Dumas","6"
"Robert Adam","12438","Stefanie Bachrach","13653","5","Directed","Robert Adam–Stefanie Bachrach","1"
"Robert Adam","12438","Hugo Thimig","12948","5","Directed","Robert Adam–Hugo Thimig","1"
"Robert Adam","12438","Heinrich Glücksmann","11454","5","Directed","Robert Adam–Heinrich Glücksmann","3"
"Robert Adam","12438","Alexander Engel","11253","5","Directed","Robert Adam–Alexander Engel","1"
"Robert Adam","12438","Jesus","5539","5","Directed","Robert Adam–Jesus","1"
"Robert Adam","12438","Giacomo Girolamo Casanova","3145","5","Directed","Robert Adam–Giacomo Girolamo Casanova","1"
"Robert Adam","12438","Viktor Franz Patzner","29179","4","Directed","Robert Adam–Viktor Franz Patzner","4"
"Robert Adam","12438","Friedrich Rosenthal","5799","4","Directed","Robert Adam–Friedrich Rosenthal","3"
"Robert Adam","12438","Arthur Schopenhauer","5787","4","Directed","Robert Adam–Arthur Schopenhauer","1"
"Robert Adam","12438","Maria Pollak","29185","3","Directed","Robert Adam–Maria Pollak","3"
"Robert Adam","12438","Alfred Bernau","4040","3","Directed","Robert Adam–Alfred Bernau","3"
"Robert Adam","12438","Molière","3272","3","Directed","Robert Adam–Molière","1"
"Peter Altenberg","2147","Olga Schnitzler","2173","555","Directed","Peter Altenberg–Olga Schnitzler","1"
"Peter Altenberg","2147","Richard Beer-Hofmann","10863","397","Directed","Peter Altenberg–Richard Beer-Hofmann","2"
"Peter Altenberg","2147","Hugo von Hofmannsthal","11740","300","Directed","Peter Altenberg–Hugo von Hofmannsthal","2"
"Peter Altenberg","2147","Hermann Bahr","10815","223","Directed","Peter Altenberg–Hermann Bahr","1"
"Peter Altenberg","2147","Gustav Schwarzkopf","12740","93","Directed","Peter Altenberg–Gustav Schwarzkopf","1"
"Peter Altenberg","2147","Gerhart Hauptmann","11617","44","Directed","Peter Altenberg–Gerhart Hauptmann","2"
"Peter Altenberg","2147","Leo Ebermann","2157","18","Directed","Peter Altenberg–Leo Ebermann","1"
"Peter Altenberg","2147","Karl Richter","23360","7","Directed","Peter Altenberg–Karl Richter","5"
"Peter Altenberg","2147","Georg Engländer","2260","6","Directed","Peter Altenberg–Georg Engländer","3"
"Peter Altenberg","2147","Ernst Hartmann","11610","3","Directed","Peter Altenberg–Ernst Hartmann","1"
"Peter Altenberg","2147","Joris-Karl Huysmans","5449","3","Directed","Peter Altenberg–Joris-Karl Huysmans","1"
"Peter Altenberg","2147","Franz Hansy","2320","3","Directed","Peter Altenberg–Franz Hansy","2"
"Lou Andreas-Salomé","10762","Olga Schnitzler","2173","555","Directed","Lou Andreas-Salomé–Olga Schnitzler","1"
"Lou Andreas-Salomé","10762","Richard Beer-Hofmann","10863","397","Directed","Lou Andreas-Salomé–Richard Beer-Hofmann","1"
"Lou Andreas-Salomé","10762","Paul Goldmann","11485","165","Directed","Lou Andreas-Salomé–Paul Goldmann","3"
"Lou Andreas-Salomé","10762","Otto Brahm","10986","132","Directed","Lou Andreas-Salomé–Otto Brahm","1"
"Lou Andreas-Salomé","10762","Fedor Mamroth","4986","77","Directed","Lou Andreas-Salomé–Fedor Mamroth","1"
"Lou Andreas-Salomé","10762","Gerhart Hauptmann","11617","44","Directed","Lou Andreas-Salomé–Gerhart Hauptmann","2"
"Lou Andreas-Salomé","10762","Georg Brandes","10992","39","Directed","Lou Andreas-Salomé–Georg Brandes","1"
"Lou Andreas-Salomé","10762","Max Halbe","11565","7","Directed","Lou Andreas-Salomé–Max Halbe","1"
"Lou Andreas-Salomé","10762","Frieda von Bülow","5412","3","Directed","Lou Andreas-Salomé–Frieda von Bülow","3"
"Hermann Bahr","10815","Olga Schnitzler","2173","555","Directed","Hermann Bahr–Olga Schnitzler","102"
"Hermann Bahr","10815","Richard Beer-Hofmann","10863","397","Directed","Hermann Bahr–Richard Beer-Hofmann","11"
"Hermann Bahr","10815","Hugo von Hofmannsthal","11740","300","Directed","Hermann Bahr–Hugo von Hofmannsthal","19"
"Hermann Bahr","10815","Paul Goldmann","11485","165","Directed","Hermann Bahr–Paul Goldmann","2"
"Hermann Bahr","10815","Felix Salten","2167","140","Directed","Hermann Bahr–Felix Salten","12"
"Hermann Bahr","10815","Heinrich Schnitzler","12692","133","Directed","Hermann Bahr–Heinrich Schnitzler","9"
"Hermann Bahr","10815","Otto Brahm","10986","132","Directed","Hermann Bahr–Otto Brahm","15"
"Hermann Bahr","10815","Louise Schnitzler","12701","106","Directed","Hermann Bahr–Louise Schnitzler","1"
"Hermann Bahr","10815","Heinrich Kanner","11867","75","Directed","Hermann Bahr–Heinrich Kanner","39"
"Hermann Bahr","10815","Samuel Fischer","11324","67","Directed","Hermann Bahr–Samuel Fischer","7"
"Hermann Bahr","10815","Isidor Singer","12790","66","Directed","Hermann Bahr–Isidor Singer","40"
"Hermann Bahr","10815","Marie Reinhard","2378","61","Directed","Hermann Bahr–Marie Reinhard","1"
"Hermann Bahr","10815","Elisabeth Steinrück","2315","59","Directed","Hermann Bahr–Elisabeth Steinrück","1"
"Hermann Bahr","10815","Gertrude von Hofmannsthal","2292","58","Directed","Hermann Bahr–Gertrude von Hofmannsthal","1"
"Hermann Bahr","10815","Max Eugen Burckhard","11036","57","Directed","Hermann Bahr–Max Eugen Burckhard","14"
"Hermann Bahr","10815","Julius Schnitzler","12698","56","Directed","Hermann Bahr–Julius Schnitzler","5"
"Hermann Bahr","10815","Lili Cappellini","2238","54","Directed","Hermann Bahr–Lili Cappellini","3"
"Hermann Bahr","10815","Johann Wolfgang von Goethe","11461","49","Directed","Hermann Bahr–Johann Wolfgang von Goethe","1"
"Hermann Bahr","10815","Paul Schlenther","12671","46","Directed","Hermann Bahr–Paul Schlenther","2"
"Hermann Bahr","10815","Georg Hirschfeld","11701","44","Directed","Hermann Bahr–Georg Hirschfeld","2"
"Hermann Bahr","10815","Leo Van-Jung","26392","43","Directed","Hermann Bahr–Leo Van-Jung","1"
"Hermann Bahr","10815","Adele Sandrock","12618","42","Directed","Hermann Bahr–Adele Sandrock","3"
"Hermann Bahr","10815","Georg Brandes","10992","39","Directed","Hermann Bahr–Georg Brandes","1"
"Hermann Bahr","10815","Max Reinhardt","12504","38","Directed","Hermann Bahr–Max Reinhardt","12"
"Hermann Bahr","10815","Arthur Schnitzler","2121","37","Directed","Hermann Bahr–Arthur Schnitzler","3"
"Hermann Bahr","10815","Peter Altenberg","2147","35","Directed","Hermann Bahr–Peter Altenberg","9"
"Hermann Bahr","10815","Karl Kraus","11988","33","Directed","Hermann Bahr–Karl Kraus","2"
"Hermann Bahr","10815","Leopold von Andrian-Werburg","10765","32","Directed","Hermann Bahr–Leopold von Andrian-Werburg","4"
"Hermann Bahr","10815","Anna Bahr-Mildenburg","10818","31","Directed","Hermann Bahr–Anna Bahr-Mildenburg","30"
"Hermann Bahr","10815","Josef Kainz","11851","24","Directed","Hermann Bahr–Josef Kainz","1"
"Hermann Bahr","10815","André Antoine","2211","24","Directed","Hermann Bahr–André Antoine","2"
"Hermann Bahr","10815","Maximilian Harden","11581","21","Directed","Hermann Bahr–Maximilian Harden","1"
"Hermann Bahr","10815","Alfred von Berger","10883","20","Directed","Hermann Bahr–Alfred von Berger","4"
"Hermann Bahr","10815","Hermann Sudermann","12899","19","Directed","Hermann Bahr–Hermann Sudermann","1"
"Hermann Bahr","10815","Emanuel Reicher","12491","19","Directed","Hermann Bahr–Emanuel Reicher","3"
"Hermann Bahr","10815","Peter Nansen","2357","19","Directed","Hermann Bahr–Peter Nansen","1"
"Hermann Bahr","10815","Leo Ebermann","2157","18","Directed","Hermann Bahr–Leo Ebermann","1"
"Hermann Bahr","10815","Siegfried Trebitsch","12968","17","Directed","Hermann Bahr–Siegfried Trebitsch","4"
"Hermann Bahr","10815","Friedrich Mitterwurzer","12265","17","Directed","Hermann Bahr–Friedrich Mitterwurzer","2"
"Hermann Bahr","10815","Irene Triesch","12977","16","Directed","Hermann Bahr–Irene Triesch","1"
"Hermann Bahr","10815","Ludwig Fulda","11391","15","Directed","Hermann Bahr–Ludwig Fulda","1"
"Hermann Bahr","10815","Carl Karlweis","13082","14","Directed","Hermann Bahr–Carl Karlweis","3"
"Hermann Bahr","10815","Markus Hajek","2284","14","Directed","Hermann Bahr–Markus Hajek","1"
"Hermann Bahr","10815","Julius Bauer","2150","14","Directed","Hermann Bahr–Julius Bauer","1"
"Hermann Bahr","10815","Gilbert Otto Neumann-Hofer","12348","13","Directed","Hermann Bahr–Gilbert Otto Neumann-Hofer","4"
"Hermann Bahr","10815","Emerich von Bukovics","2161","13","Directed","Hermann Bahr–Emerich von Bukovics","9"
"Hermann Bahr","10815","Ludwig Speidel","12816","12","Directed","Hermann Bahr–Ludwig Speidel","1"
"Hermann Bahr","10815","Agnes Sorma","2299","12","Directed","Hermann Bahr–Agnes Sorma","1"
"Hermann Bahr","10815","Maurice Maeterlinck","12156","11","Directed","Hermann Bahr–Maurice Maeterlinck","1"
"Hermann Bahr","10815","Rudolf Rittner","12530","10","Directed","Hermann Bahr–Rudolf Rittner","2"
"Hermann Bahr","10815","Albert Bassermann","10844","10","Directed","Hermann Bahr–Albert Bassermann","3"
"Hermann Bahr","10815","Berta Zuckerkandl","2312","10","Directed","Hermann Bahr–Berta Zuckerkandl","1"
"Hermann Bahr","10815","Frieda Pollak","22728","9","Directed","Hermann Bahr–Frieda Pollak","1"
"Hermann Bahr","10815","Ferry Bératon","14756","9","Directed","Hermann Bahr–Ferry Bératon","1"
"Hermann Bahr","10815","Clemens von Franckenstein","3130","9","Directed","Hermann Bahr–Clemens von Franckenstein","1"
"Hermann Bahr","10815","Richard Strauss","12870","8","Directed","Hermann Bahr–Richard Strauss","1"
"Hermann Bahr","10815","Eduard Pötzl","12460","8","Directed","Hermann Bahr–Eduard Pötzl","3"
"Hermann Bahr","10815","Lucie Höflich","11791","8","Directed","Hermann Bahr–Lucie Höflich","6"
"Hermann Bahr","10815","Eleonora Duse","11201","8","Directed","Hermann Bahr–Eleonora Duse","2"
"Hermann Bahr","10815","W. Fred","2226","8","Directed","Hermann Bahr–W. Fred","1"
"Hermann Bahr","10815","Gabriele D’Annunzio","2142","8","Directed","Hermann Bahr–Gabriele D’Annunzio","2"
"Hermann Bahr","10815","Karl Richter","23360","7","Directed","Hermann Bahr–Karl Richter","2"
"Hermann Bahr","10815","Alexander Moissi","12274","7","Directed","Hermann Bahr–Alexander Moissi","1"
"Hermann Bahr","10815","Franz Grillparzer","11518","7","Directed","Hermann Bahr–Franz Grillparzer","1"
"Hermann Bahr","10815","Adalbert von Goldschmidt","11491","7","Directed","Hermann Bahr–Adalbert von Goldschmidt","1"
"Hermann Bahr","10815","Margarethe Kainz","2273","7","Directed","Hermann Bahr–Margarethe Kainz","2"
"Hermann Bahr","10815","Stephan Epstein","2199","7","Directed","Hermann Bahr–Stephan Epstein","5"
"Hermann Bahr","10815","Franz August Carl Maria Reisch","27687","6","Directed","Hermann Bahr–Franz August Carl Maria Reisch","1"
"Hermann Bahr","10815","Gustav Mahler","12163","6","Directed","Hermann Bahr–Gustav Mahler","1"
"Hermann Bahr","10815","Gustav Kadelburg","11845","6","Directed","Hermann Bahr–Gustav Kadelburg","1"
"Hermann Bahr","10815","Georg Engländer","2260","6","Directed","Hermann Bahr–Georg Engländer","3"
"Hermann Bahr","10815","Moritz Coschell","28645","5","Directed","Hermann Bahr–Moritz Coschell","1"
"Hermann Bahr","10815","Rosa Bahr","13682","5","Directed","Hermann Bahr–Rosa Bahr","2"
"Hermann Bahr","10815","Richard Wagner","13024","5","Directed","Hermann Bahr–Richard Wagner","1"
"Hermann Bahr","10815","Albert von Speidel","12813","5","Directed","Hermann Bahr–Albert von Speidel","4"
"Hermann Bahr","10815","Ferdinand von Saar","12602","5","Directed","Hermann Bahr–Ferdinand von Saar","2"
"Hermann Bahr","10815","Peter Rotenstern","2992","5","Directed","Hermann Bahr–Peter Rotenstern","1"
"Hermann Bahr","10815","Vincenz Chiavacci","2154","5","Directed","Hermann Bahr–Vincenz Chiavacci","2"
"Hermann Bahr","10815","Robert Michel","12254","4","Directed","Hermann Bahr–Robert Michel","2"
"Hermann Bahr","10815","Karl Langkammer","12037","4","Directed","Hermann Bahr–Karl Langkammer","2"
"Hermann Bahr","10815","Hedwig Bleibtreu","10959","4","Directed","Hermann Bahr–Hedwig Bleibtreu","1"
"Hermann Bahr","10815","Albert Heine","2743","4","Directed","Hermann Bahr–Albert Heine","1"
"Hermann Bahr","10815","Helene Ritscher","2303","4","Directed","Hermann Bahr–Helene Ritscher","4"
"Hermann Bahr","10815","Richard Vallentin","2235","4","Directed","Hermann Bahr–Richard Vallentin","3"
"Hermann Bahr","10815","Elvira Leontine Hervay von Kirchberg","2221","4","Directed","Hermann Bahr–Elvira Leontine Hervay von Kirchberg","1"
"Hermann Bahr","10815","Edgar von Karg-Bebenburg","2219","4","Directed","Hermann Bahr–Edgar von Karg-Bebenburg","1"
"Hermann Bahr","10815","Wilhelm Singer","2202","4","Directed","Hermann Bahr–Wilhelm Singer","2"
"Hermann Bahr","10815","Otto Tressler","12971","3","Directed","Hermann Bahr–Otto Tressler","1"
"Hermann Bahr","10815","Georg Reimers","12498","3","Directed","Hermann Bahr–Georg Reimers","1"
"Hermann Bahr","10815","Max Liebermann","12068","3","Directed","Hermann Bahr–Max Liebermann","1"
"Hermann Bahr","10815","Heinrich Kadelburg","11848","3","Directed","Hermann Bahr–Heinrich Kadelburg","1"
"Hermann Bahr","10815","Hugo Heller","11646","3","Directed","Hermann Bahr–Hugo Heller","2"
"Hermann Bahr","10815","Ernst Hartmann","11610","3","Directed","Hermann Bahr–Ernst Hartmann","1"
"Hermann Bahr","10815","Alfred Gerasch","11423","3","Directed","Hermann Bahr–Alfred Gerasch","2"
"Hermann Bahr","10815","Fritz Freund","11374","3","Directed","Hermann Bahr–Fritz Freund","1"
"Hermann Bahr","10815","Gustave Flaubert","11330","3","Directed","Hermann Bahr–Gustave Flaubert","1"
"Hermann Bahr","10815","Herbert Eulenberg","11273","3","Directed","Hermann Bahr–Herbert Eulenberg","1"
"Hermann Bahr","10815","Ludwig van Beethoven","10866","3","Directed","Hermann Bahr–Ludwig van Beethoven","1"
"Hermann Bahr","10815","Fjodor Mihajlovič Dostojevskij","4006","3","Directed","Hermann Bahr–Fjodor Mihajlovič Dostojevskij","1"
"Hermann Bahr","10815","Ilka Pálmay","2362","3","Directed","Hermann Bahr–Ilka Pálmay","2"
"Hermann Bahr","10815","Franz Hansy","2320","3","Directed","Hermann Bahr–Franz Hansy","1"
"Hermann Bahr","10815","Scofield Thayer","2276","3","Directed","Hermann Bahr–Scofield Thayer","1"
"Hermann Bahr","10815","Lotte Medelsky","2252","3","Directed","Hermann Bahr–Lotte Medelsky","1"
"Hermann Bahr","10815","Hans Pagay","2232","3","Directed","Hermann Bahr–Hans Pagay","2"
"Hermann Bahr","10815","Josef Popper-Lynkeus","2135","3","Directed","Hermann Bahr–Josef Popper-Lynkeus","2"
"Richard Beer-Hofmann","10863","Olga Schnitzler","2173","555","Directed","Richard Beer-Hofmann–Olga Schnitzler","63"
"Richard Beer-Hofmann","10863","Hugo von Hofmannsthal","11740","300","Directed","Richard Beer-Hofmann–Hugo von Hofmannsthal","124"
"Richard Beer-Hofmann","10863","Hermann Bahr","10815","223","Directed","Richard Beer-Hofmann–Hermann Bahr","33"
"Richard Beer-Hofmann","10863","Paul Goldmann","11485","165","Directed","Richard Beer-Hofmann–Paul Goldmann","70"
"Richard Beer-Hofmann","10863","Felix Salten","2167","140","Directed","Richard Beer-Hofmann–Felix Salten","50"
"Richard Beer-Hofmann","10863","Heinrich Schnitzler","12692","133","Directed","Richard Beer-Hofmann–Heinrich Schnitzler","14"
"Richard Beer-Hofmann","10863","Otto Brahm","10986","132","Directed","Richard Beer-Hofmann–Otto Brahm","17"
"Richard Beer-Hofmann","10863","Paula Beer-Hofmann","10860","121","Directed","Richard Beer-Hofmann–Paula Beer-Hofmann","102"
"Richard Beer-Hofmann","10863","Louise Schnitzler","12701","106","Directed","Richard Beer-Hofmann–Louise Schnitzler","22"
"Richard Beer-Hofmann","10863","Gustav Schwarzkopf","12740","93","Directed","Richard Beer-Hofmann–Gustav Schwarzkopf","45"
"Richard Beer-Hofmann","10863","Fedor Mamroth","4986","77","Directed","Richard Beer-Hofmann–Fedor Mamroth","4"
"Richard Beer-Hofmann","10863","Heinrich Kanner","11867","75","Directed","Richard Beer-Hofmann–Heinrich Kanner","1"
"Richard Beer-Hofmann","10863","Samuel Fischer","11324","67","Directed","Richard Beer-Hofmann–Samuel Fischer","10"
"Richard Beer-Hofmann","10863","Isidor Singer","12790","66","Directed","Richard Beer-Hofmann–Isidor Singer","2"
"Richard Beer-Hofmann","10863","Marie Reinhard","2378","61","Directed","Richard Beer-Hofmann–Marie Reinhard","4"
"Richard Beer-Hofmann","10863","Elisabeth Steinrück","2315","59","Directed","Richard Beer-Hofmann–Elisabeth Steinrück","9"
"Richard Beer-Hofmann","10863","Gertrude von Hofmannsthal","2292","58","Directed","Richard Beer-Hofmann–Gertrude von Hofmannsthal","4"
"Richard Beer-Hofmann","10863","Jakob Wassermann","13055","57","Directed","Richard Beer-Hofmann–Jakob Wassermann","6"
"Richard Beer-Hofmann","10863","Max Eugen Burckhard","11036","57","Directed","Richard Beer-Hofmann–Max Eugen Burckhard","12"
"Richard Beer-Hofmann","10863","Julius Schnitzler","12698","56","Directed","Richard Beer-Hofmann–Julius Schnitzler","9"
"Richard Beer-Hofmann","10863","Lili Cappellini","2238","54","Directed","Richard Beer-Hofmann–Lili Cappellini","6"
"Richard Beer-Hofmann","10863","Theodor Herzl","11673","51","Directed","Richard Beer-Hofmann–Theodor Herzl","3"
"Richard Beer-Hofmann","10863","Alfred Kerr","11910","50","Directed","Richard Beer-Hofmann–Alfred Kerr","11"
"Richard Beer-Hofmann","10863","Johann Wolfgang von Goethe","11461","49","Directed","Richard Beer-Hofmann–Johann Wolfgang von Goethe","2"
"Richard Beer-Hofmann","10863","Paul Schlenther","12671","46","Directed","Richard Beer-Hofmann–Paul Schlenther","8"
"Richard Beer-Hofmann","10863","Georg Hirschfeld","11701","44","Directed","Richard Beer-Hofmann–Georg Hirschfeld","12"
"Richard Beer-Hofmann","10863","Gerhart Hauptmann","11617","44","Directed","Richard Beer-Hofmann–Gerhart Hauptmann","2"
"Richard Beer-Hofmann","10863","Leo Van-Jung","26392","43","Directed","Richard Beer-Hofmann–Leo Van-Jung","18"
"Richard Beer-Hofmann","10863","Adele Sandrock","12618","42","Directed","Richard Beer-Hofmann–Adele Sandrock","10"
"Richard Beer-Hofmann","10863","Georg Brandes","10992","39","Directed","Richard Beer-Hofmann–Georg Brandes","8"
"Richard Beer-Hofmann","10863","Max Reinhardt","12504","38","Directed","Richard Beer-Hofmann–Max Reinhardt","14"
"Richard Beer-Hofmann","10863","Arthur Schnitzler","2121","37","Directed","Richard Beer-Hofmann–Arthur Schnitzler","5"
"Richard Beer-Hofmann","10863","Marie Glümer","14953","36","Directed","Richard Beer-Hofmann–Marie Glümer","1"
"Richard Beer-Hofmann","10863","Oskar Blumenthal","14328","36","Directed","Richard Beer-Hofmann–Oskar Blumenthal","4"
"Richard Beer-Hofmann","10863","Clementine Goldmann","17163","35","Directed","Richard Beer-Hofmann–Clementine Goldmann","1"
"Richard Beer-Hofmann","10863","Peter Altenberg","2147","35","Directed","Richard Beer-Hofmann–Peter Altenberg","4"
"Richard Beer-Hofmann","10863","Karl Kraus","11988","33","Directed","Richard Beer-Hofmann–Karl Kraus","8"
"Richard Beer-Hofmann","10863","Hugo August von Hofmannsthal","11737","33","Directed","Richard Beer-Hofmann–Hugo August von Hofmannsthal","1"
"Richard Beer-Hofmann","10863","Leopold von Andrian-Werburg","10765","32","Directed","Richard Beer-Hofmann–Leopold von Andrian-Werburg","8"
"Richard Beer-Hofmann","10863","Johann Schnitzler","12695","28","Directed","Richard Beer-Hofmann–Johann Schnitzler","7"
"Richard Beer-Hofmann","10863","Robert Hirschfeld","11707","28","Directed","Richard Beer-Hofmann–Robert Hirschfeld","5"
"Richard Beer-Hofmann","10863","Friedrich Michael Fels","2450","28","Directed","Richard Beer-Hofmann–Friedrich Michael Fels","12"
"Richard Beer-Hofmann","10863","Lou Andreas-Salomé","10762","27","Directed","Richard Beer-Hofmann–Lou Andreas-Salomé","9"
"Richard Beer-Hofmann","10863","Gisela Hajek","2461","26","Directed","Richard Beer-Hofmann–Gisela Hajek","3"
"Richard Beer-Hofmann","10863","Paul Marx","21647","24","Directed","Richard Beer-Hofmann–Paul Marx","1"
"Richard Beer-Hofmann","10863","Josef Kainz","11851","24","Directed","Richard Beer-Hofmann–Josef Kainz","4"
"Richard Beer-Hofmann","10863","Julius von Gans-Ludassy","11406","24","Directed","Richard Beer-Hofmann–Julius von Gans-Ludassy","3"
"Richard Beer-Hofmann","10863","Mirjam Beer-Hofmann","2668","24","Directed","Richard Beer-Hofmann–Mirjam Beer-Hofmann","14"
"Richard Beer-Hofmann","10863","William Shakespeare","2412","22","Directed","Richard Beer-Hofmann–William Shakespeare","1"
"Richard Beer-Hofmann","10863","Maximilian Harden","11581","21","Directed","Richard Beer-Hofmann–Maximilian Harden","1"
"Richard Beer-Hofmann","10863","Clara Katharina Pollaczek","12435","20","Directed","Richard Beer-Hofmann–Clara Katharina Pollaczek","1"
"Richard Beer-Hofmann","10863","Alfred von Berger","10883","20","Directed","Richard Beer-Hofmann–Alfred von Berger","3"
"Richard Beer-Hofmann","10863","Hermann Sudermann","12899","19","Directed","Richard Beer-Hofmann–Hermann Sudermann","4"
"Richard Beer-Hofmann","10863","Emanuel Reicher","12491","19","Directed","Richard Beer-Hofmann–Emanuel Reicher","2"
"Richard Beer-Hofmann","10863","Arthur Kaufmann","2496","19","Directed","Richard Beer-Hofmann–Arthur Kaufmann","14"
"Richard Beer-Hofmann","10863","Helene Schnitzler","24423","18","Directed","Richard Beer-Hofmann–Helene Schnitzler","4"
"Richard Beer-Hofmann","10863","Leo Ebermann","2157","18","Directed","Richard Beer-Hofmann–Leo Ebermann","4"
"Richard Beer-Hofmann","10863","Paul Horn","18523","17","Directed","Richard Beer-Hofmann–Paul Horn","11"
"Richard Beer-Hofmann","10863","Siegfried Trebitsch","12968","17","Directed","Richard Beer-Hofmann–Siegfried Trebitsch","3"
"Richard Beer-Hofmann","10863","Friedrich Mitterwurzer","12265","17","Directed","Richard Beer-Hofmann–Friedrich Mitterwurzer","3"
"Richard Beer-Hofmann","10863","Josef Jarno","2601","17","Directed","Richard Beer-Hofmann–Josef Jarno","10"
"Richard Beer-Hofmann","10863","Richard Specht","2456","16","Directed","Richard Beer-Hofmann–Richard Specht","3"
"Richard Beer-Hofmann","10863","Raoul Auernheimer","10788","15","Directed","Richard Beer-Hofmann–Raoul Auernheimer","1"
"Richard Beer-Hofmann","10863","Rudolf Lothar","2570","15","Directed","Richard Beer-Hofmann–Rudolf Lothar","2"
"Richard Beer-Hofmann","10863","Hermine von Schaffgotsch","24033","14","Directed","Richard Beer-Hofmann–Hermine von Schaffgotsch","3"
"Richard Beer-Hofmann","10863","Hermann Beer","13913","14","Directed","Richard Beer-Hofmann–Hermann Beer","12"
"Richard Beer-Hofmann","10863","Carl Karlweis","13082","14","Directed","Richard Beer-Hofmann–Carl Karlweis","1"
"Richard Beer-Hofmann","10863","Felix Dörmann","2425","14","Directed","Richard Beer-Hofmann–Felix Dörmann","5"
"Richard Beer-Hofmann","10863","Markus Hajek","2284","14","Directed","Richard Beer-Hofmann–Markus Hajek","4"
"Richard Beer-Hofmann","10863","Julius Bauer","2150","14","Directed","Richard Beer-Hofmann–Julius Bauer","4"
"Richard Beer-Hofmann","10863","?? [Schreibkraft für Arthur Schnitzler]","27711","13","Directed","Richard Beer-Hofmann–?? [Schreibkraft für Arthur Schnitzler]","8"
"Richard Beer-Hofmann","10863","Friedrich Kapper","19106","13","Directed","Richard Beer-Hofmann–Friedrich Kapper","2"
"Richard Beer-Hofmann","10863","Albert Steinrück","12837","13","Directed","Richard Beer-Hofmann–Albert Steinrück","3"
"Richard Beer-Hofmann","10863","Friedrich von Schiller","12654","13","Directed","Richard Beer-Hofmann–Friedrich von Schiller","1"
"Richard Beer-Hofmann","10863","Richard Rosenbaum","12556","13","Directed","Richard Beer-Hofmann–Richard Rosenbaum","5"
"Richard Beer-Hofmann","10863","Oskar Mayer","21236","12","Directed","Richard Beer-Hofmann–Oskar Mayer","9"
"Richard Beer-Hofmann","10863","Ludwig Speidel","12816","12","Directed","Richard Beer-Hofmann–Ludwig Speidel","2"
"Richard Beer-Hofmann","10863","Agnes Sorma","2299","12","Directed","Richard Beer-Hofmann–Agnes Sorma","2"
"Richard Beer-Hofmann","10863","Bertha Flegmann","16312","11","Directed","Richard Beer-Hofmann–Bertha Flegmann","10"
"Richard Beer-Hofmann","10863","Paul Lindau","12078","11","Directed","Richard Beer-Hofmann–Paul Lindau","1"
"Richard Beer-Hofmann","10863","Oskar Bie","2914","11","Directed","Richard Beer-Hofmann–Oskar Bie","1"
"Richard Beer-Hofmann","10863","Eduard Michael Kafka","2563","11","Directed","Richard Beer-Hofmann–Eduard Michael Kafka","3"
"Richard Beer-Hofmann","10863","Friedrich Hebbel","2404","11","Directed","Richard Beer-Hofmann–Friedrich Hebbel","1"
"Richard Beer-Hofmann","10863","Christine Kepert","24686","10","Directed","Richard Beer-Hofmann–Christine Kepert","3"
"Richard Beer-Hofmann","10863","Henrik Ibsen","11798","10","Directed","Richard Beer-Hofmann–Henrik Ibsen","1"
"Richard Beer-Hofmann","10863","Lew Nikolajewitsch Tolstoi","3739","10","Directed","Richard Beer-Hofmann–Lew Nikolajewitsch Tolstoi","1"
"Richard Beer-Hofmann","10863","Jakob Julius David","2416","10","Directed","Richard Beer-Hofmann–Jakob Julius David","1"
"Richard Beer-Hofmann","10863","Franziska Schlesinger","24233","9","Directed","Richard Beer-Hofmann–Franziska Schlesinger","1"
"Richard Beer-Hofmann","10863","Frieda Pollak","22728","9","Directed","Richard Beer-Hofmann–Frieda Pollak","3"
"Richard Beer-Hofmann","10863","Rosa Freudenthal","16560","9","Directed","Richard Beer-Hofmann–Rosa Freudenthal","3"
"Richard Beer-Hofmann","10863","Gaius Iulius Caesar","14796","9","Directed","Richard Beer-Hofmann–Gaius Iulius Caesar","1"
"Richard Beer-Hofmann","10863","Ferry Bératon","14756","9","Directed","Richard Beer-Hofmann–Ferry Bératon","1"
"Richard Beer-Hofmann","10863","Edmund Wengraf","13088","9","Directed","Richard Beer-Hofmann–Edmund Wengraf","2"
"Richard Beer-Hofmann","10863","Detlev von Liliencron","12071","9","Directed","Richard Beer-Hofmann–Detlev von Liliencron","2"
"Richard Beer-Hofmann","10863","Rembrandt van Rijn","5428","9","Directed","Richard Beer-Hofmann–Rembrandt van Rijn","3"
"Richard Beer-Hofmann","10863","Clemens von Franckenstein","3130","9","Directed","Richard Beer-Hofmann–Clemens von Franckenstein","1"
"Richard Beer-Hofmann","10863","Auguste Glümer","14948","8","Directed","Richard Beer-Hofmann–Auguste Glümer","1"
"Richard Beer-Hofmann","10863","Adolf von Sonnenthal","12809","8","Directed","Richard Beer-Hofmann–Adolf von Sonnenthal","3"
"Richard Beer-Hofmann","10863","Guy de Maupassant","12201","8","Directed","Richard Beer-Hofmann–Guy de Maupassant","1"
"Richard Beer-Hofmann","10863","Ida d’Albert","2537","8","Directed","Richard Beer-Hofmann–Ida d’Albert","1"
"Richard Beer-Hofmann","10863","Hans Bernhard Schlesinger","24239","7","Directed","Richard Beer-Hofmann–Hans Bernhard Schlesinger","2"
"Richard Beer-Hofmann","10863","Arnoldo Cappellini","14850","7","Directed","Richard Beer-Hofmann–Arnoldo Cappellini","1"
"Richard Beer-Hofmann","10863","Henry Becque","13897","7","Directed","Richard Beer-Hofmann–Henry Becque","2"
"Richard Beer-Hofmann","10863","Alexander Moissi","12274","7","Directed","Richard Beer-Hofmann–Alexander Moissi","2"
"Richard Beer-Hofmann","10863","Max Halbe","11565","7","Directed","Richard Beer-Hofmann–Max Halbe","1"
"Richard Beer-Hofmann","10863","Franz Grillparzer","11518","7","Directed","Richard Beer-Hofmann–Franz Grillparzer","1"
"Richard Beer-Hofmann","10863","Adalbert von Goldschmidt","11491","7","Directed","Richard Beer-Hofmann–Adalbert von Goldschmidt","1"
"Richard Beer-Hofmann","10863","Robert Ehrhart-Ehrhartstein","4326","7","Directed","Richard Beer-Hofmann–Robert Ehrhart-Ehrhartstein","1"
"Richard Beer-Hofmann","10863","Margarethe Kainz","2273","7","Directed","Richard Beer-Hofmann–Margarethe Kainz","1"
"Richard Beer-Hofmann","10863","?? [Totgeborener Sohn von Arthur Schnitzler und Marie Reinhard]","42794","6","Directed","Richard Beer-Hofmann–?? [Totgeborener Sohn von Arthur Schnitzler und Marie Reinhard]","1"
"Richard Beer-Hofmann","10863","Franz August Carl Maria Reisch","27687","6","Directed","Richard Beer-Hofmann–Franz August Carl Maria Reisch","2"
"Richard Beer-Hofmann","10863","Grethe Wreden","27355","6","Directed","Richard Beer-Hofmann–Grethe Wreden","4"
"Richard Beer-Hofmann","10863","Leopold Petter","22474","6","Directed","Richard Beer-Hofmann–Leopold Petter","5"
"Richard Beer-Hofmann","10863","Caroline Burger","14707","6","Directed","Richard Beer-Hofmann–Caroline Burger","2"
"Richard Beer-Hofmann","10863","Karl Schönherr","12749","6","Directed","Richard Beer-Hofmann–Karl Schönherr","1"
"Richard Beer-Hofmann","10863","Gustav Kadelburg","11845","6","Directed","Richard Beer-Hofmann–Gustav Kadelburg","2"
"Richard Beer-Hofmann","10863","Ernst von Dohnányi","11165","6","Directed","Richard Beer-Hofmann–Ernst von Dohnányi","4"
"Richard Beer-Hofmann","10863","Hugo Felix","3167","6","Directed","Richard Beer-Hofmann–Hugo Felix","1"
"Richard Beer-Hofmann","10863","Alfred Polgar","2989","6","Directed","Richard Beer-Hofmann–Alfred Polgar","1"
"Richard Beer-Hofmann","10863","Sigmund Lautenburg","2598","6","Directed","Richard Beer-Hofmann–Sigmund Lautenburg","1"
"Richard Beer-Hofmann","10863","Mirjam Horwitz","2549","6","Directed","Richard Beer-Hofmann–Mirjam Horwitz","1"
"Richard Beer-Hofmann","10863","Naëmah Beer-Hofmann","2534","6","Directed","Richard Beer-Hofmann–Naëmah Beer-Hofmann","4"
"Richard Beer-Hofmann","10863","Heinrich Osten","2509","6","Directed","Richard Beer-Hofmann–Heinrich Osten","2"
"Richard Beer-Hofmann","10863","Carl Freund","39775","5","Directed","Richard Beer-Hofmann–Carl Freund","4"
"Richard Beer-Hofmann","10863","Alois Hofmann","34949","5","Directed","Richard Beer-Hofmann–Alois Hofmann","4"
"Richard Beer-Hofmann","10863","Moritz Coschell","28645","5","Directed","Richard Beer-Hofmann–Moritz Coschell","1"
"Richard Beer-Hofmann","10863","Carl von Torresani-Lanzenfeld","26121","5","Directed","Richard Beer-Hofmann–Carl von Torresani-Lanzenfeld","2"
"Richard Beer-Hofmann","10863","Paul von Schönthan-Pernwald","24705","5","Directed","Richard Beer-Hofmann–Paul von Schönthan-Pernwald","1"
"Richard Beer-Hofmann","10863","Anna Loew","20562","5","Directed","Richard Beer-Hofmann–Anna Loew","1"
"Richard Beer-Hofmann","10863","Gabriel Beer-Hofmann","13923","5","Directed","Richard Beer-Hofmann–Gabriel Beer-Hofmann","3"
"Richard Beer-Hofmann","10863","Rosa Bahr","13682","5","Directed","Richard Beer-Hofmann–Rosa Bahr","1"
"Richard Beer-Hofmann","10863","Johann Strauss (Sohn)","12867","5","Directed","Richard Beer-Hofmann–Johann Strauss (Sohn)","1"
"Richard Beer-Hofmann","10863","Karl Peter Rosner","12564","5","Directed","Richard Beer-Hofmann–Karl Peter Rosner","1"
"Richard Beer-Hofmann","10863","Laura Marholm","12183","5","Directed","Richard Beer-Hofmann–Laura Marholm","1"
"Richard Beer-Hofmann","10863","Gotthold Ephraim Lessing","12053","5","Directed","Richard Beer-Hofmann–Gotthold Ephraim Lessing","1"
"Richard Beer-Hofmann","10863","Max Graf","11512","5","Directed","Richard Beer-Hofmann–Max Graf","2"
"Richard Beer-Hofmann","10863","Alfred Gold","11469","5","Directed","Richard Beer-Hofmann–Alfred Gold","3"
"Richard Beer-Hofmann","10863","Alexander Engel","11253","5","Directed","Richard Beer-Hofmann–Alexander Engel","2"
"Richard Beer-Hofmann","10863","Elly Petersen","9233","5","Directed","Richard Beer-Hofmann–Elly Petersen","2"
"Richard Beer-Hofmann","10863","Napoleon Bonaparte","4769","5","Directed","Richard Beer-Hofmann–Napoleon Bonaparte","1"
"Richard Beer-Hofmann","10863","Isabella Vengerova","3068","5","Directed","Richard Beer-Hofmann–Isabella Vengerova","5"
"Richard Beer-Hofmann","10863","Agnes Ulmann","27942","4","Directed","Richard Beer-Hofmann–Agnes Ulmann","2"
"Richard Beer-Hofmann","10863","Tizian","26079","4","Directed","Richard Beer-Hofmann–Tizian","2"
"Richard Beer-Hofmann","10863","Clemens Sokal","25076","4","Directed","Richard Beer-Hofmann–Clemens Sokal","2"
"Richard Beer-Hofmann","10863","Rudolf Schwarzkopf","24651","4","Directed","Richard Beer-Hofmann–Rudolf Schwarzkopf","1"
"Richard Beer-Hofmann","10863","Andrea Mantegna","20935","4","Directed","Richard Beer-Hofmann–Andrea Mantegna","4"
"Richard Beer-Hofmann","10863","Richard Mandl","20914","4","Directed","Richard Beer-Hofmann–Richard Mandl","1"
"Richard Beer-Hofmann","10863","Heinrich von Korff","19610","4","Directed","Richard Beer-Hofmann–Heinrich von Korff","3"
"Richard Beer-Hofmann","10863","Leo Feld","18308","4","Directed","Richard Beer-Hofmann–Leo Feld","3"
"Richard Beer-Hofmann","10863","Sandro Botticelli","14434","4","Directed","Richard Beer-Hofmann–Sandro Botticelli","3"
"Richard Beer-Hofmann","10863","Franz Werfel","13094","4","Directed","Richard Beer-Hofmann–Franz Werfel","1"
"Richard Beer-Hofmann","10863","Arnold Rosé","12570","4","Directed","Richard Beer-Hofmann–Arnold Rosé","2"
"Richard Beer-Hofmann","10863","Leopold Kramer","11981","4","Directed","Richard Beer-Hofmann–Leopold Kramer","2"
"Richard Beer-Hofmann","10863","Heinrich Heine","11640","4","Directed","Richard Beer-Hofmann–Heinrich Heine","1"
"Richard Beer-Hofmann","10863","Albrecht Dürer","11209","4","Directed","Richard Beer-Hofmann–Albrecht Dürer","2"
"Richard Beer-Hofmann","10863","Otto Julius Bierbaum","10928","4","Directed","Richard Beer-Hofmann–Otto Julius Bierbaum","1"
"Richard Beer-Hofmann","10863","Gabor Nobl","9089","4","Directed","Richard Beer-Hofmann–Gabor Nobl","4"
"Richard Beer-Hofmann","10863","Arthur Schopenhauer","5787","4","Directed","Richard Beer-Hofmann–Arthur Schopenhauer","1"
"Richard Beer-Hofmann","10863","Heinrich Laube","2702","4","Directed","Richard Beer-Hofmann–Heinrich Laube","3"
"Richard Beer-Hofmann","10863","Henri Léon Lavedan","2488","4","Directed","Richard Beer-Hofmann–Henri Léon Lavedan","1"
"Richard Beer-Hofmann","10863","Josef Böhm","47572","3","Directed","Richard Beer-Hofmann–Josef Böhm","2"
"Richard Beer-Hofmann","10863","Agnes Beer","40072","3","Directed","Richard Beer-Hofmann–Agnes Beer","3"
"Richard Beer-Hofmann","10863","Rosa Beer","34918","3","Directed","Richard Beer-Hofmann–Rosa Beer","2"
"Richard Beer-Hofmann","10863","Franz Irresberger","28739","3","Directed","Richard Beer-Hofmann–Franz Irresberger","1"
"Richard Beer-Hofmann","10863","Bronisław Huberman","28539","3","Directed","Richard Beer-Hofmann–Bronisław Huberman","2"
"Richard Beer-Hofmann","10863","Leopold Geiringer","28530","3","Directed","Richard Beer-Hofmann–Leopold Geiringer","1"
"Richard Beer-Hofmann","10863","Eugen d’Albert","27633","3","Directed","Richard Beer-Hofmann–Eugen d’Albert","1"
"Richard Beer-Hofmann","10863","Paul Schulz","24566","3","Directed","Richard Beer-Hofmann–Paul Schulz","2"
"Richard Beer-Hofmann","10863","Karl Rostler","23635","3","Directed","Richard Beer-Hofmann–Karl Rostler","1"
"Richard Beer-Hofmann","10863","Moriz Rosenthal","23605","3","Directed","Richard Beer-Hofmann–Moriz Rosenthal","1"
"Richard Beer-Hofmann","10863","Anna Reiter","23241","3","Directed","Richard Beer-Hofmann–Anna Reiter","3"
"Richard Beer-Hofmann","10863","Emil Löbl","20723","3","Directed","Richard Beer-Hofmann–Emil Löbl","3"
"Richard Beer-Hofmann","10863","Louis Philipp Friedmann","16658","3","Directed","Richard Beer-Hofmann–Louis Philipp Friedmann","1"
"Richard Beer-Hofmann","10863","Dora Erl","15983","3","Directed","Richard Beer-Hofmann–Dora Erl","1"
"Richard Beer-Hofmann","10863","Rudolf Burger","14711","3","Directed","Richard Beer-Hofmann–Rudolf Burger","2"
"Richard Beer-Hofmann","10863","Josef von Bezecný","14179","3","Directed","Richard Beer-Hofmann–Josef von Bezecný","1"
"Richard Beer-Hofmann","10863","Ludwig Wolff","13159","3","Directed","Richard Beer-Hofmann–Ludwig Wolff","1"
"Richard Beer-Hofmann","10863","Bruno Walter","13041","3","Directed","Richard Beer-Hofmann–Bruno Walter","1"
"Richard Beer-Hofmann","10863","Georg Reimers","12498","3","Directed","Richard Beer-Hofmann–Georg Reimers","1"
"Richard Beer-Hofmann","10863","Anna Kallina","11860","3","Directed","Richard Beer-Hofmann–Anna Kallina","2"
"Richard Beer-Hofmann","10863","Moritz Heimann","11632","3","Directed","Richard Beer-Hofmann–Moritz Heimann","1"
"Richard Beer-Hofmann","10863","Otto Erich Hartleben","11605","3","Directed","Richard Beer-Hofmann–Otto Erich Hartleben","1"
"Richard Beer-Hofmann","10863","Giuseppe Giacosa","11431","3","Directed","Richard Beer-Hofmann–Giuseppe Giacosa","2"
"Richard Beer-Hofmann","10863","Ludwig Bauer","10848","3","Directed","Richard Beer-Hofmann–Ludwig Bauer","1"
"Richard Beer-Hofmann","10863","Joris-Karl Huysmans","5449","3","Directed","Richard Beer-Hofmann–Joris-Karl Huysmans","1"
"Richard Beer-Hofmann","10863","Georges Courteline","4865","3","Directed","Richard Beer-Hofmann–Georges Courteline","1"
"Richard Beer-Hofmann","10863","Theodor Zasche","4785","3","Directed","Richard Beer-Hofmann–Theodor Zasche","3"
"Richard Beer-Hofmann","10863","Ermete Zacconi","3787","3","Directed","Richard Beer-Hofmann–Ermete Zacconi","1"
"Richard Beer-Hofmann","10863","Karl Lueger","3561","3","Directed","Richard Beer-Hofmann–Karl Lueger","2"
"Richard Beer-Hofmann","10863","Marco Brociner","3442","3","Directed","Richard Beer-Hofmann–Marco Brociner","1"
"Richard Beer-Hofmann","10863","Julian Sternberg","3021","3","Directed","Richard Beer-Hofmann–Julian Sternberg","1"
"Richard Beer-Hofmann","10863","Felix Speidel","2646","3","Directed","Richard Beer-Hofmann–Felix Speidel","1"
"Richard Beer-Hofmann","10863","Max Devrient","2446","3","Directed","Richard Beer-Hofmann–Max Devrient","1"
"Franz Blei","10955","Fanny Johnson","29141","3","Directed","Franz Blei–Fanny Johnson","3"
"Oskar Blumenthal","14328","Emanuel Reicher","12491","19","Directed","Oskar Blumenthal–Emanuel Reicher","2"
"Oskar Blumenthal","14328","Friedrich Mitterwurzer","12265","17","Directed","Oskar Blumenthal–Friedrich Mitterwurzer","2"
"Oskar Blumenthal","14328","Eleonora Duse","11201","8","Directed","Oskar Blumenthal–Eleonora Duse","1"
"Oskar Blumenthal","14328","Marie Elsinger","2938","7","Directed","Oskar Blumenthal–Marie Elsinger","1"
"Oskar Blumenthal","14328","Louise Dumont","11195","5","Directed","Oskar Blumenthal–Louise Dumont","1"
"Georg Brandes","10992","Olga Schnitzler","2173","555","Directed","Georg Brandes–Olga Schnitzler","21"
"Georg Brandes","10992","Richard Beer-Hofmann","10863","397","Directed","Georg Brandes–Richard Beer-Hofmann","28"
"Georg Brandes","10992","Hugo von Hofmannsthal","11740","300","Directed","Georg Brandes–Hugo von Hofmannsthal","5"
"Georg Brandes","10992","Hermann Bahr","10815","223","Directed","Georg Brandes–Hermann Bahr","1"
"Georg Brandes","10992","Paul Goldmann","11485","165","Directed","Georg Brandes–Paul Goldmann","10"
"Georg Brandes","10992","Felix Salten","2167","140","Directed","Georg Brandes–Felix Salten","2"
"Georg Brandes","10992","Heinrich Schnitzler","12692","133","Directed","Georg Brandes–Heinrich Schnitzler","11"
"Georg Brandes","10992","Otto Brahm","10986","132","Directed","Georg Brandes–Otto Brahm","2"
"Georg Brandes","10992","Paula Beer-Hofmann","10860","121","Directed","Georg Brandes–Paula Beer-Hofmann","3"
"Georg Brandes","10992","Louise Schnitzler","12701","106","Directed","Georg Brandes–Louise Schnitzler","6"
"Georg Brandes","10992","Marie Reinhard","2378","61","Directed","Georg Brandes–Marie Reinhard","1"
"Georg Brandes","10992","Elisabeth Steinrück","2315","59","Directed","Georg Brandes–Elisabeth Steinrück","1"
"Georg Brandes","10992","Jakob Wassermann","13055","57","Directed","Georg Brandes–Jakob Wassermann","5"
"Georg Brandes","10992","Lili Cappellini","2238","54","Directed","Georg Brandes–Lili Cappellini","7"
"Georg Brandes","10992","Johann Wolfgang von Goethe","11461","49","Directed","Georg Brandes–Johann Wolfgang von Goethe","12"
"Georg Brandes","10992","Paul Schlenther","12671","46","Directed","Georg Brandes–Paul Schlenther","1"
"Georg Brandes","10992","Georg Hirschfeld","11701","44","Directed","Georg Brandes–Georg Hirschfeld","1"
"Georg Brandes","10992","Peter Altenberg","2147","35","Directed","Georg Brandes–Peter Altenberg","1"
"Georg Brandes","10992","Johann Schnitzler","12695","28","Directed","Georg Brandes–Johann Schnitzler","1"
"Georg Brandes","10992","Gisela Hajek","2461","26","Directed","Georg Brandes–Gisela Hajek","1"
"Georg Brandes","10992","Mirjam Beer-Hofmann","2668","24","Directed","Georg Brandes–Mirjam Beer-Hofmann","3"
"Georg Brandes","10992","André Antoine","2211","24","Directed","Georg Brandes–André Antoine","3"
"Georg Brandes","10992","William Shakespeare","2412","22","Directed","Georg Brandes–William Shakespeare","7"
"Georg Brandes","10992","Romain Rolland","12543","21","Directed","Georg Brandes–Romain Rolland","1"
"Georg Brandes","10992","Alfred von Berger","10883","20","Directed","Georg Brandes–Alfred von Berger","1"
"Georg Brandes","10992","Emanuel Reicher","12491","19","Directed","Georg Brandes–Emanuel Reicher","1"
"Georg Brandes","10992","Peter Nansen","2357","19","Directed","Georg Brandes–Peter Nansen","8"
"Georg Brandes","10992","Josef Jarno","2601","17","Directed","Georg Brandes–Josef Jarno","1"
"Georg Brandes","10992","Ludwig Fulda","11391","15","Directed","Georg Brandes–Ludwig Fulda","2"
"Georg Brandes","10992","Markus Hajek","2284","14","Directed","Georg Brandes–Markus Hajek","1"
"Georg Brandes","10992","Friedrich von Schiller","12654","13","Directed","Georg Brandes–Friedrich von Schiller","1"
"Georg Brandes","10992","Agnes Sorma","2299","12","Directed","Georg Brandes–Agnes Sorma","1"
"Georg Brandes","10992","Maurice Maeterlinck","12156","11","Directed","Georg Brandes–Maurice Maeterlinck","1"
"Georg Brandes","10992","Rudolf Rittner","12530","10","Directed","Georg Brandes–Rudolf Rittner","1"
"Georg Brandes","10992","Henrik Ibsen","11798","10","Directed","Georg Brandes–Henrik Ibsen","3"
"Georg Brandes","10992","Lew Nikolajewitsch Tolstoi","3739","10","Directed","Georg Brandes–Lew Nikolajewitsch Tolstoi","1"
"Georg Brandes","10992","Berta Zuckerkandl","2312","10","Directed","Georg Brandes–Berta Zuckerkandl","1"
"Georg Brandes","10992","Gaius Iulius Caesar","14796","9","Directed","Georg Brandes–Gaius Iulius Caesar","8"
"Georg Brandes","10992","Rembrandt van Rijn","5428","9","Directed","Georg Brandes–Rembrandt van Rijn","1"
"Georg Brandes","10992","Emil Granichstaedten","2586","8","Directed","Georg Brandes–Emil Granichstaedten","1"
"Georg Brandes","10992","Gabriele D’Annunzio","2142","8","Directed","Georg Brandes–Gabriele D’Annunzio","2"
"Georg Brandes","10992","Anatole France","4279","7","Directed","Georg Brandes–Anatole France","2"
"Georg Brandes","10992","Karl Schönherr","12749","6","Directed","Georg Brandes–Karl Schönherr","1"
"Georg Brandes","10992","Jeanne Marni","5459","6","Directed","Georg Brandes–Jeanne Marni","3"
"Georg Brandes","10992","Voltaire","3124","6","Directed","Georg Brandes–Voltaire","5"
"Georg Brandes","10992","Naëmah Beer-Hofmann","2534","6","Directed","Georg Brandes–Naëmah Beer-Hofmann","2"
"Georg Brandes","10992","Gabriel Beer-Hofmann","13923","5","Directed","Georg Brandes–Gabriel Beer-Hofmann","1"
"Georg Brandes","10992","Gertrud Rung","5558","5","Directed","Georg Brandes–Gertrud Rung","5"
"Georg Brandes","10992","Jesus","5539","5","Directed","Georg Brandes–Jesus","2"
"Georg Brandes","10992","Napoleon Bonaparte","4769","5","Directed","Georg Brandes–Napoleon Bonaparte","2"
"Georg Brandes","10992","Reinhold Philipp","4394","5","Directed","Georg Brandes–Reinhold Philipp","5"
"Georg Brandes","10992","Giacomo Girolamo Casanova","3145","5","Directed","Georg Brandes–Giacomo Girolamo Casanova","2"
"Georg Brandes","10992","Homer","2495","5","Directed","Georg Brandes–Homer","1"
"Georg Brandes","10992","Emilie Brandes","29102","4","Directed","Georg Brandes–Emilie Brandes","4"
"Georg Brandes","10992","Heinrich von Kleist","11933","4","Directed","Georg Brandes–Heinrich von Kleist","1"
"Georg Brandes","10992","Heinrich Heine","11640","4","Directed","Georg Brandes–Heinrich Heine","1"
"Georg Brandes","10992","Hedwig Bleibtreu","10959","4","Directed","Georg Brandes–Hedwig Bleibtreu","1"
"Georg Brandes","10992","Edith Philipp","4395","4","Directed","Georg Brandes–Edith Philipp","3"
"Georg Brandes","10992","Paul Bourget","4026","4","Directed","Georg Brandes–Paul Bourget","2"
"Georg Brandes","10992","Georg Philipp","29133","3","Directed","Georg Brandes–Georg Philipp","3"
"Georg Brandes","10992","Gerda Philipp","29131","3","Directed","Georg Brandes–Gerda Philipp","3"
"Georg Brandes","10992","Grete Prozor","29117","3","Directed","Georg Brandes–Grete Prozor","3"
"Georg Brandes","10992","Gustave Flaubert","11330","3","Directed","Georg Brandes–Gustave Flaubert","1"
"Georg Brandes","10992","Honoré de Balzac","10825","3","Directed","Georg Brandes–Honoré de Balzac","1"
"Georg Brandes","10992","Erich Reiss","5585","3","Directed","Georg Brandes–Erich Reiss","2"
"Georg Brandes","10992","Joris-Karl Huysmans","5449","3","Directed","Georg Brandes–Joris-Karl Huysmans","1"
"Georg Brandes","10992","Friedrich II. von Preußen","4823","3","Directed","Georg Brandes–Friedrich II. von Preußen","1"
"Georg Brandes","10992","Fjodor Mihajlovič Dostojevskij","4006","3","Directed","Georg Brandes–Fjodor Mihajlovič Dostojevskij","1"
"Georg Brandes","10992","Suzanne Desprès","3659","3","Directed","Georg Brandes–Suzanne Desprès","1"
"Georg Brandes","10992","Raffaello Sanzio da Urbino","3527","3","Directed","Georg Brandes–Raffaello Sanzio da Urbino","1"
"Georg Brandes","10992","Molière","3272","3","Directed","Georg Brandes–Molière","1"
"Felix Braun","11002","Olga Schnitzler","2173","555","Directed","Felix Braun–Olga Schnitzler","1"
"Felix Braun","11002","Johann Wolfgang von Goethe","11461","49","Directed","Felix Braun–Johann Wolfgang von Goethe","1"
"Felix Braun","11002","Paul Géraldy","3138","13","Directed","Felix Braun–Paul Géraldy","1"
"Felix Braun","11002","Stefan Zweig","13212","4","Directed","Felix Braun–Stefan Zweig","1"
"Felix Braun","11002","Julie Wassermann","13058","3","Directed","Felix Braun–Julie Wassermann","1"
"Max Eugen Burckhard","11036","Olga Schnitzler","2173","555","Directed","Max Eugen Burckhard–Olga Schnitzler","11"
"Max Eugen Burckhard","11036","Heinrich Schnitzler","12692","133","Directed","Max Eugen Burckhard–Heinrich Schnitzler","2"
"Max Eugen Burckhard","11036","Otto Brahm","10986","132","Directed","Max Eugen Burckhard–Otto Brahm","1"
"Max Eugen Burckhard","11036","Louise Schnitzler","12701","106","Directed","Max Eugen Burckhard–Louise Schnitzler","1"
"Max Eugen Burckhard","11036","Gerhart Hauptmann","11617","44","Directed","Max Eugen Burckhard–Gerhart Hauptmann","1"
"Max Eugen Burckhard","11036","Agnes Sorma","2299","12","Directed","Max Eugen Burckhard–Agnes Sorma","1"
"Max Eugen Burckhard","11036","Adolf von Sonnenthal","12809","8","Directed","Max Eugen Burckhard–Adolf von Sonnenthal","1"
"Max Eugen Burckhard","11036","Giuseppe Giacosa","11431","3","Directed","Max Eugen Burckhard–Giuseppe Giacosa","1"
"Max Eugen Burckhard","11036","Stella Hohenfels","2850","3","Directed","Max Eugen Burckhard–Stella Hohenfels","1"
"Wilhelm Bölsche","11061","Otto Brahm","10986","132","Directed","Wilhelm Bölsche–Otto Brahm","2"
"Wilhelm Bölsche","11061","Samuel Fischer","11324","67","Directed","Wilhelm Bölsche–Samuel Fischer","1"
"Wilhelm Bölsche","11061","Detlev von Liliencron","12071","9","Directed","Wilhelm Bölsche–Detlev von Liliencron","1"
"Wilhelm Bölsche","11061","Max Halbe","11565","7","Directed","Wilhelm Bölsche–Max Halbe","2"
"Wilhelm Bölsche","11061","Otto Julius Bierbaum","10928","4","Directed","Wilhelm Bölsche–Otto Julius Bierbaum","1"
"Jakob Julius David","2416","Gilbert Otto Neumann-Hofer","12348","13","Directed","Jakob Julius David–Gilbert Otto Neumann-Hofer","1"
"Richard Dehmel","11148","Olga Schnitzler","2173","555","Directed","Richard Dehmel–Olga Schnitzler","2"
"Richard Dehmel","11148","Samuel Fischer","11324","67","Directed","Richard Dehmel–Samuel Fischer","1"
"Richard Dehmel","11148","Jakob Wassermann","13055","57","Directed","Richard Dehmel–Jakob Wassermann","1"
"Richard Dehmel","11148","Paul Schlenther","12671","46","Directed","Richard Dehmel–Paul Schlenther","1"
"Richard Dehmel","11148","Detlev von Liliencron","12071","9","Directed","Richard Dehmel–Detlev von Liliencron","1"
"Richard Dehmel","11148","Max Halbe","11565","7","Directed","Richard Dehmel–Max Halbe","1"
"Richard Dehmel","11148","Otto Julius Bierbaum","10928","4","Directed","Richard Dehmel–Otto Julius Bierbaum","1"
"Albert Ehrenstein","11230","Olga Schnitzler","2173","555","Directed","Albert Ehrenstein–Olga Schnitzler","2"
"Albert Ehrenstein","11230","Hugo von Hofmannsthal","11740","300","Directed","Albert Ehrenstein–Hugo von Hofmannsthal","1"
"Albert Ehrenstein","11230","Samuel Fischer","11324","67","Directed","Albert Ehrenstein–Samuel Fischer","3"
"Albert Ehrenstein","11230","Johann Wolfgang von Goethe","11461","49","Directed","Albert Ehrenstein–Johann Wolfgang von Goethe","1"
"Albert Ehrenstein","11230","Peter Altenberg","2147","35","Directed","Albert Ehrenstein–Peter Altenberg","1"
"Albert Ehrenstein","11230","Karl Kraus","11988","33","Directed","Albert Ehrenstein–Karl Kraus","4"
"Albert Ehrenstein","11230","William Shakespeare","2412","22","Directed","Albert Ehrenstein–William Shakespeare","1"
"Albert Ehrenstein","11230","Raoul Auernheimer","10788","15","Directed","Albert Ehrenstein–Raoul Auernheimer","7"
"Albert Ehrenstein","11230","Friedrich von Schiller","12654","13","Directed","Albert Ehrenstein–Friedrich von Schiller","1"
"Albert Ehrenstein","11230","Oskar Bie","2914","11","Directed","Albert Ehrenstein–Oskar Bie","5"
"Albert Ehrenstein","11230","Friedrich Hebbel","2404","11","Directed","Albert Ehrenstein–Friedrich Hebbel","1"
"Albert Ehrenstein","11230","Heinrich Mann","12170","8","Directed","Albert Ehrenstein–Heinrich Mann","1"
"Albert Ehrenstein","11230","Franz Grillparzer","11518","7","Directed","Albert Ehrenstein–Franz Grillparzer","2"
"Albert Ehrenstein","11230","Alexander Ehrenstein","15712","6","Directed","Albert Ehrenstein–Alexander Ehrenstein","6"
"Albert Ehrenstein","11230","Stefan Großmann","11527","6","Directed","Albert Ehrenstein–Stefan Großmann","4"
"Albert Ehrenstein","11230","Alfred Polgar","2989","6","Directed","Albert Ehrenstein–Alfred Polgar","3"
"Albert Ehrenstein","11230","Sigmund Kornfeld","8305","5","Directed","Albert Ehrenstein–Sigmund Kornfeld","5"
"Albert Ehrenstein","11230","Napoleon Bonaparte","4769","5","Directed","Albert Ehrenstein–Napoleon Bonaparte","1"
"Albert Ehrenstein","11230","Homer","2495","5","Directed","Albert Ehrenstein–Homer","3"
"Albert Ehrenstein","11230","Thomas Mann","12176","4","Directed","Albert Ehrenstein–Thomas Mann","1"
"Albert Ehrenstein","11230","Heinrich von Kleist","11933","4","Directed","Albert Ehrenstein–Heinrich von Kleist","1"
"Albert Ehrenstein","11230","Maurice Donnay","11168","4","Directed","Albert Ehrenstein–Maurice Donnay","1"
"Albert Ehrenstein","11230","Rudolf Alexander Schröder","12722","3","Directed","Albert Ehrenstein–Rudolf Alexander Schröder","2"
"Albert Ehrenstein","11230","Camill Hoffmann","11727","3","Directed","Albert Ehrenstein–Camill Hoffmann","2"
"Albert Ehrenstein","11230","August Fournier","11349","3","Directed","Albert Ehrenstein–August Fournier","3"
"Albert Ehrenstein","11230","Franz Blei","10955","3","Directed","Albert Ehrenstein–Franz Blei","1"
"Friedrich M. Fels","2450","Richard Beer-Hofmann","10863","397","Directed","Friedrich M. Fels–Richard Beer-Hofmann","10"
"Friedrich M. Fels","2450","Hugo von Hofmannsthal","11740","300","Directed","Friedrich M. Fels–Hugo von Hofmannsthal","7"
"Friedrich M. Fels","2450","Hermann Bahr","10815","223","Directed","Friedrich M. Fels–Hermann Bahr","2"
"Friedrich M. Fels","2450","Felix Salten","2167","140","Directed","Friedrich M. Fels–Felix Salten","3"
"Friedrich M. Fels","2450","Peter Altenberg","2147","35","Directed","Friedrich M. Fels–Peter Altenberg","1"
"Friedrich M. Fels","2450","Karl Kraus","11988","33","Directed","Friedrich M. Fels–Karl Kraus","1"
"Friedrich M. Fels","2450","Robert Hirschfeld","11707","28","Directed","Friedrich M. Fels–Robert Hirschfeld","3"
"Friedrich M. Fels","2450","Julius von Gans-Ludassy","11406","24","Directed","Friedrich M. Fels–Julius von Gans-Ludassy","3"
"Friedrich M. Fels","2450","Gilbert Otto Neumann-Hofer","12348","13","Directed","Friedrich M. Fels–Gilbert Otto Neumann-Hofer","1"
"Friedrich M. Fels","2450","Ludwig Speidel","12816","12","Directed","Friedrich M. Fels–Ludwig Speidel","1"
"Friedrich M. Fels","2450","Friedrich Nietzsche","12358","11","Directed","Friedrich M. Fels–Friedrich Nietzsche","1"
"Friedrich M. Fels","2450","Eduard Michael Kafka","2563","11","Directed","Friedrich M. Fels–Eduard Michael Kafka","1"
"Friedrich M. Fels","2450","Jakob Julius David","2416","10","Directed","Friedrich M. Fels–Jakob Julius David","4"
"Friedrich M. Fels","2450","Edmund Wengraf","13088","9","Directed","Friedrich M. Fels–Edmund Wengraf","2"
"Friedrich M. Fels","2450","Friedrich Uhl","12987","9","Directed","Friedrich M. Fels–Friedrich Uhl","1"
"Friedrich M. Fels","2450","Eduard Pötzl","12460","8","Directed","Friedrich M. Fels–Eduard Pötzl","1"
"Friedrich M. Fels","2450","Emil Granichstaedten","2586","8","Directed","Friedrich M. Fels–Emil Granichstaedten","1"
"Friedrich M. Fels","2450","Jaques Joachim","18870","7","Directed","Friedrich M. Fels–Jaques Joachim","1"
"Friedrich M. Fels","2450","Max Halbe","11565","7","Directed","Friedrich M. Fels–Max Halbe","1"
"Friedrich M. Fels","2450","Wilhelm Bölsche","11061","6","Directed","Friedrich M. Fels–Wilhelm Bölsche","1"
"Friedrich M. Fels","2450","Heinrich Osten","2509","6","Directed","Friedrich M. Fels–Heinrich Osten","2"
"Friedrich M. Fels","2450","Paul von Schönthan-Pernwald","24705","5","Directed","Friedrich M. Fels–Paul von Schönthan-Pernwald","1"
"Friedrich M. Fels","2450","Heinrich Glücksmann","11454","5","Directed","Friedrich M. Fels–Heinrich Glücksmann","1"
"Friedrich M. Fels","2450","Joseph Schreiber","24499","4","Directed","Friedrich M. Fels–Joseph Schreiber","3"
"Friedrich M. Fels","2450","Heinrich von Korff","19610","4","Directed","Friedrich M. Fels–Heinrich von Korff","1"
"Friedrich M. Fels","2450","Moriz Rosenthal","23605","3","Directed","Friedrich M. Fels–Moriz Rosenthal","1"
"Stefan Grossmann","11527","Felix Salten","2167","140","Directed","Stefan Grossmann–Felix Salten","1"
"Stefan Grossmann","11527","Otto Brahm","10986","132","Directed","Stefan Grossmann–Otto Brahm","1"
"Stefan Grossmann","11527","Samuel Fischer","11324","67","Directed","Stefan Grossmann–Samuel Fischer","2"
"Stefan Grossmann","11527","Karl Kraus","11988","33","Directed","Stefan Grossmann–Karl Kraus","1"
"Stefan Grossmann","11527","Robert Hirschfeld","11707","28","Directed","Stefan Grossmann–Robert Hirschfeld","1"
"Stefan Grossmann","11527","Maximilian Harden","11581","21","Directed","Stefan Grossmann–Maximilian Harden","2"
"Stefan Grossmann","11527","Albert Steinrück","12837","13","Directed","Stefan Grossmann–Albert Steinrück","1"
"Stefan Grossmann","11527","Albert Ehrenstein","11230","11","Directed","Stefan Grossmann–Albert Ehrenstein","3"
"Stefan Grossmann","11527","Leopold Schwarzschild","46596","6","Directed","Stefan Grossmann–Leopold Schwarzschild","6"
"Stefan Grossmann","11527","Alfred Polgar","2989","6","Directed","Stefan Grossmann–Alfred Polgar","1"
"Stefan Grossmann","11527","Richard Vallentin","2235","4","Directed","Stefan Grossmann–Richard Vallentin","1"
"Stefan Grossmann","11527","Engelbert Pernerstorfer","12408","3","Directed","Stefan Grossmann–Engelbert Pernerstorfer","2"
"Stefan Grossmann","11527","Gustav Harpner","11590","3","Directed","Stefan Grossmann–Gustav Harpner","1"
"Stefan Grossmann","11527","Herbert Eulenberg","11273","3","Directed","Stefan Grossmann–Herbert Eulenberg","1"
"Gerhart Hauptmann","11617","Hugo von Hofmannsthal","11740","300","Directed","Gerhart Hauptmann–Hugo von Hofmannsthal","2"
"Gerhart Hauptmann","11617","Hermann Bahr","10815","223","Directed","Gerhart Hauptmann–Hermann Bahr","1"
"Gerhart Hauptmann","11617","Otto Brahm","10986","132","Directed","Gerhart Hauptmann–Otto Brahm","3"
"Gerhart Hauptmann","11617","Samuel Fischer","11324","67","Directed","Gerhart Hauptmann–Samuel Fischer","1"
"Gerhart Hauptmann","11617","Isidor Singer","12790","66","Directed","Gerhart Hauptmann–Isidor Singer","2"
"Gerhart Hauptmann","11617","Max Eugen Burckhard","11036","57","Directed","Gerhart Hauptmann–Max Eugen Burckhard","1"
"Gerhart Hauptmann","11617","Margarete Hauptmann","11621","4","Directed","Gerhart Hauptmann–Margarete Hauptmann","4"
"Hugo von Hofmannsthal","11740","Olga Schnitzler","2173","555","Directed","Hugo von Hofmannsthal–Olga Schnitzler","58"
"Hugo von Hofmannsthal","11740","Richard Beer-Hofmann","10863","397","Directed","Hugo von Hofmannsthal–Richard Beer-Hofmann","127"
"Hugo von Hofmannsthal","11740","Hermann Bahr","10815","223","Directed","Hugo von Hofmannsthal–Hermann Bahr","49"
"Hugo von Hofmannsthal","11740","Paul Goldmann","11485","165","Directed","Hugo von Hofmannsthal–Paul Goldmann","32"
"Hugo von Hofmannsthal","11740","Felix Salten","2167","140","Directed","Hugo von Hofmannsthal–Felix Salten","36"
"Hugo von Hofmannsthal","11740","Heinrich Schnitzler","12692","133","Directed","Hugo von Hofmannsthal–Heinrich Schnitzler","17"
"Hugo von Hofmannsthal","11740","Otto Brahm","10986","132","Directed","Hugo von Hofmannsthal–Otto Brahm","34"
"Hugo von Hofmannsthal","11740","Paula Beer-Hofmann","10860","121","Directed","Hugo von Hofmannsthal–Paula Beer-Hofmann","5"
"Hugo von Hofmannsthal","11740","Louise Schnitzler","12701","106","Directed","Hugo von Hofmannsthal–Louise Schnitzler","10"
"Hugo von Hofmannsthal","11740","Gustav Schwarzkopf","12740","93","Directed","Hugo von Hofmannsthal–Gustav Schwarzkopf","23"
"Hugo von Hofmannsthal","11740","Ottilie Salten","23918","88","Directed","Hugo von Hofmannsthal–Ottilie Salten","1"
"Hugo von Hofmannsthal","11740","Fedor Mamroth","4986","77","Directed","Hugo von Hofmannsthal–Fedor Mamroth","2"
"Hugo von Hofmannsthal","11740","Heinrich Kanner","11867","75","Directed","Hugo von Hofmannsthal–Heinrich Kanner","2"
"Hugo von Hofmannsthal","11740","Samuel Fischer","11324","67","Directed","Hugo von Hofmannsthal–Samuel Fischer","11"
"Hugo von Hofmannsthal","11740","Isidor Singer","12790","66","Directed","Hugo von Hofmannsthal–Isidor Singer","2"
"Hugo von Hofmannsthal","11740","Max Schwarzkopf","24648","61","Directed","Hugo von Hofmannsthal–Max Schwarzkopf","1"
"Hugo von Hofmannsthal","11740","Marie Reinhard","2378","61","Directed","Hugo von Hofmannsthal–Marie Reinhard","10"
"Hugo von Hofmannsthal","11740","Elisabeth Steinrück","2315","59","Directed","Hugo von Hofmannsthal–Elisabeth Steinrück","7"
"Hugo von Hofmannsthal","11740","Gertrude von Hofmannsthal","2292","58","Directed","Hugo von Hofmannsthal–Gertrude von Hofmannsthal","50"
"Hugo von Hofmannsthal","11740","Jakob Wassermann","13055","57","Directed","Hugo von Hofmannsthal–Jakob Wassermann","15"
"Hugo von Hofmannsthal","11740","Max Eugen Burckhard","11036","57","Directed","Hugo von Hofmannsthal–Max Eugen Burckhard","6"
"Hugo von Hofmannsthal","11740","Julius Schnitzler","12698","56","Directed","Hugo von Hofmannsthal–Julius Schnitzler","8"
"Hugo von Hofmannsthal","11740","Lili Cappellini","2238","54","Directed","Hugo von Hofmannsthal–Lili Cappellini","11"
"Hugo von Hofmannsthal","11740","Theodor Herzl","11673","51","Directed","Hugo von Hofmannsthal–Theodor Herzl","3"
"Hugo von Hofmannsthal","11740","Alfred Kerr","11910","50","Directed","Hugo von Hofmannsthal–Alfred Kerr","2"
"Hugo von Hofmannsthal","11740","Johann Wolfgang von Goethe","11461","49","Directed","Hugo von Hofmannsthal–Johann Wolfgang von Goethe","13"
"Hugo von Hofmannsthal","11740","Paul Schlenther","12671","46","Directed","Hugo von Hofmannsthal–Paul Schlenther","7"
"Hugo von Hofmannsthal","11740","Georg Hirschfeld","11701","44","Directed","Hugo von Hofmannsthal–Georg Hirschfeld","11"
"Hugo von Hofmannsthal","11740","Gerhart Hauptmann","11617","44","Directed","Hugo von Hofmannsthal–Gerhart Hauptmann","9"
"Hugo von Hofmannsthal","11740","Adele Sandrock","12618","42","Directed","Hugo von Hofmannsthal–Adele Sandrock","3"
"Hugo von Hofmannsthal","11740","Georg Brandes","10992","39","Directed","Hugo von Hofmannsthal–Georg Brandes","5"
"Hugo von Hofmannsthal","11740","Max Reinhardt","12504","38","Directed","Hugo von Hofmannsthal–Max Reinhardt","6"
"Hugo von Hofmannsthal","11740","Arthur Schnitzler","2121","37","Directed","Hugo von Hofmannsthal–Arthur Schnitzler","7"
"Hugo von Hofmannsthal","11740","Marie Glümer","14953","36","Directed","Hugo von Hofmannsthal–Marie Glümer","2"
"Hugo von Hofmannsthal","11740","Oskar Blumenthal","14328","36","Directed","Hugo von Hofmannsthal–Oskar Blumenthal","2"
"Hugo von Hofmannsthal","11740","Peter Altenberg","2147","35","Directed","Hugo von Hofmannsthal–Peter Altenberg","3"
"Hugo von Hofmannsthal","11740","Karl Kraus","11988","33","Directed","Hugo von Hofmannsthal–Karl Kraus","4"
"Hugo von Hofmannsthal","11740","Hugo August von Hofmannsthal","11737","33","Directed","Hugo von Hofmannsthal–Hugo August von Hofmannsthal","30"
"Hugo von Hofmannsthal","11740","Leopold von Andrian-Werburg","10765","32","Directed","Hugo von Hofmannsthal–Leopold von Andrian-Werburg","18"
"Hugo von Hofmannsthal","11740","Johann Schnitzler","12695","28","Directed","Hugo von Hofmannsthal–Johann Schnitzler","3"
"Hugo von Hofmannsthal","11740","Robert Hirschfeld","11707","28","Directed","Hugo von Hofmannsthal–Robert Hirschfeld","2"
"Hugo von Hofmannsthal","11740","Friedrich Michael Fels","2450","28","Directed","Hugo von Hofmannsthal–Friedrich Michael Fels","13"
"Hugo von Hofmannsthal","11740","Lou Andreas-Salomé","10762","27","Directed","Hugo von Hofmannsthal–Lou Andreas-Salomé","3"
"Hugo von Hofmannsthal","11740","Gisela Hajek","2461","26","Directed","Hugo von Hofmannsthal–Gisela Hajek","5"
"Hugo von Hofmannsthal","11740","Friedrich Schik","2420","25","Directed","Hugo von Hofmannsthal–Friedrich Schik","1"
"Hugo von Hofmannsthal","11740","Josef Kainz","11851","24","Directed","Hugo von Hofmannsthal–Josef Kainz","9"
"Hugo von Hofmannsthal","11740","Julius von Gans-Ludassy","11406","24","Directed","Hugo von Hofmannsthal–Julius von Gans-Ludassy","1"
"Hugo von Hofmannsthal","11740","Mirjam Beer-Hofmann","2668","24","Directed","Hugo von Hofmannsthal–Mirjam Beer-Hofmann","1"
"Hugo von Hofmannsthal","11740","André Antoine","2211","24","Directed","Hugo von Hofmannsthal–André Antoine","2"
"Hugo von Hofmannsthal","11740","William Shakespeare","2412","22","Directed","Hugo von Hofmannsthal–William Shakespeare","5"
"Hugo von Hofmannsthal","11740","Maximilian Harden","11581","21","Directed","Hugo von Hofmannsthal–Maximilian Harden","4"
"Hugo von Hofmannsthal","11740","Clara Katharina Pollaczek","12435","20","Directed","Hugo von Hofmannsthal–Clara Katharina Pollaczek","4"
"Hugo von Hofmannsthal","11740","Alfred von Berger","10883","20","Directed","Hugo von Hofmannsthal–Alfred von Berger","3"
"Hugo von Hofmannsthal","11740","Emanuel Reicher","12491","19","Directed","Hugo von Hofmannsthal–Emanuel Reicher","3"
"Hugo von Hofmannsthal","11740","Arthur Kaufmann","2496","19","Directed","Hugo von Hofmannsthal–Arthur Kaufmann","1"
"Hugo von Hofmannsthal","11740","Peter Nansen","2357","19","Directed","Hugo von Hofmannsthal–Peter Nansen","1"
"Hugo von Hofmannsthal","11740","Helene Schnitzler","24423","18","Directed","Hugo von Hofmannsthal–Helene Schnitzler","1"
"Hugo von Hofmannsthal","11740","Paul Horn","18523","17","Directed","Hugo von Hofmannsthal–Paul Horn","2"
"Hugo von Hofmannsthal","11740","Siegfried Trebitsch","12968","17","Directed","Hugo von Hofmannsthal–Siegfried Trebitsch","1"
"Hugo von Hofmannsthal","11740","Friedrich Mitterwurzer","12265","17","Directed","Hugo von Hofmannsthal–Friedrich Mitterwurzer","2"
"Hugo von Hofmannsthal","11740","Josef Jarno","2601","17","Directed","Hugo von Hofmannsthal–Josef Jarno","1"
"Hugo von Hofmannsthal","11740","Irene Triesch","12977","16","Directed","Hugo von Hofmannsthal–Irene Triesch","1"
"Hugo von Hofmannsthal","11740","Ludwig Fulda","11391","15","Directed","Hugo von Hofmannsthal–Ludwig Fulda","3"
"Hugo von Hofmannsthal","11740","Raoul Auernheimer","10788","15","Directed","Hugo von Hofmannsthal–Raoul Auernheimer","2"
"Hugo von Hofmannsthal","11740","Rudolf Lothar","2570","15","Directed","Hugo von Hofmannsthal–Rudolf Lothar","1"
"Hugo von Hofmannsthal","11740","Hermine von Schaffgotsch","24033","14","Directed","Hugo von Hofmannsthal–Hermine von Schaffgotsch","9"
"Hugo von Hofmannsthal","11740","Hermann Beer","13913","14","Directed","Hugo von Hofmannsthal–Hermann Beer","1"
"Hugo von Hofmannsthal","11740","Carl Karlweis","13082","14","Directed","Hugo von Hofmannsthal–Carl Karlweis","2"
"Hugo von Hofmannsthal","11740","Henri Albert","2801","14","Directed","Hugo von Hofmannsthal–Henri Albert","1"
"Hugo von Hofmannsthal","11740","Felix Dörmann","2425","14","Directed","Hugo von Hofmannsthal–Felix Dörmann","1"
"Hugo von Hofmannsthal","11740","Albert Steinrück","12837","13","Directed","Hugo von Hofmannsthal–Albert Steinrück","3"
"Hugo von Hofmannsthal","11740","Friedrich von Schiller","12654","13","Directed","Hugo von Hofmannsthal–Friedrich von Schiller","4"
"Hugo von Hofmannsthal","11740","Richard Rosenbaum","12556","13","Directed","Hugo von Hofmannsthal–Richard Rosenbaum","2"
"Hugo von Hofmannsthal","11740","Oskar Mayer","21236","12","Directed","Hugo von Hofmannsthal–Oskar Mayer","1"
"Hugo von Hofmannsthal","11740","Agnes Sorma","2299","12","Directed","Hugo von Hofmannsthal–Agnes Sorma","4"
"Hugo von Hofmannsthal","11740","Friedrich Nietzsche","12358","11","Directed","Hugo von Hofmannsthal–Friedrich Nietzsche","5"
"Hugo von Hofmannsthal","11740","Maurice Maeterlinck","12156","11","Directed","Hugo von Hofmannsthal–Maurice Maeterlinck","3"
"Hugo von Hofmannsthal","11740","Oskar Bie","2914","11","Directed","Hugo von Hofmannsthal–Oskar Bie","1"
"Hugo von Hofmannsthal","11740","Eduard Michael Kafka","2563","11","Directed","Hugo von Hofmannsthal–Eduard Michael Kafka","4"
"Hugo von Hofmannsthal","11740","Friedrich Hebbel","2404","11","Directed","Hugo von Hofmannsthal–Friedrich Hebbel","5"
"Hugo von Hofmannsthal","11740","Christine Kepert","24686","10","Directed","Hugo von Hofmannsthal–Christine Kepert","5"
"Hugo von Hofmannsthal","11740","Rudolf Rittner","12530","10","Directed","Hugo von Hofmannsthal–Rudolf Rittner","1"
"Hugo von Hofmannsthal","11740","Henrik Ibsen","11798","10","Directed","Hugo von Hofmannsthal–Henrik Ibsen","1"
"Hugo von Hofmannsthal","11740","Albert Bassermann","10844","10","Directed","Hugo von Hofmannsthal–Albert Bassermann","2"
"Hugo von Hofmannsthal","11740","Lew Nikolajewitsch Tolstoi","3739","10","Directed","Hugo von Hofmannsthal–Lew Nikolajewitsch Tolstoi","1"
"Hugo von Hofmannsthal","11740","Jakob Julius David","2416","10","Directed","Hugo von Hofmannsthal–Jakob Julius David","2"
"Hugo von Hofmannsthal","11740","Berta Zuckerkandl","2312","10","Directed","Hugo von Hofmannsthal–Berta Zuckerkandl","5"
"Hugo von Hofmannsthal","11740","Franziska Schlesinger","24233","9","Directed","Hugo von Hofmannsthal–Franziska Schlesinger","8"
"Hugo von Hofmannsthal","11740","Frieda Pollak","22728","9","Directed","Hugo von Hofmannsthal–Frieda Pollak","2"
"Hugo von Hofmannsthal","11740","Anna von Hofmannsthal","18404","9","Directed","Hugo von Hofmannsthal–Anna von Hofmannsthal","8"
"Hugo von Hofmannsthal","11740","Rosa Freudenthal","16560","9","Directed","Hugo von Hofmannsthal–Rosa Freudenthal","1"
"Hugo von Hofmannsthal","11740","Ferry Bératon","14756","9","Directed","Hugo von Hofmannsthal–Ferry Bératon","4"
"Hugo von Hofmannsthal","11740","Edmund Wengraf","13088","9","Directed","Hugo von Hofmannsthal–Edmund Wengraf","1"
"Hugo von Hofmannsthal","11740","Christiane Zimmer","3220","9","Directed","Hugo von Hofmannsthal–Christiane Zimmer","8"
"Hugo von Hofmannsthal","11740","Clemens von Franckenstein","3130","9","Directed","Hugo von Hofmannsthal–Clemens von Franckenstein","4"
"Hugo von Hofmannsthal","11740","Christiane von Thun-Hohenstein-Salm-Reifferscheidt","26046","8","Directed","Hugo von Hofmannsthal–Christiane von Thun-Hohenstein-Salm-Reifferscheidt","8"
"Hugo von Hofmannsthal","11740","Richard Strauss","12870","8","Directed","Hugo von Hofmannsthal–Richard Strauss","6"
"Hugo von Hofmannsthal","11740","Adolf von Sonnenthal","12809","8","Directed","Hugo von Hofmannsthal–Adolf von Sonnenthal","2"
"Hugo von Hofmannsthal","11740","Wolfgang Amadeus Mozart","12303","8","Directed","Hugo von Hofmannsthal–Wolfgang Amadeus Mozart","5"
"Hugo von Hofmannsthal","11740","Guy de Maupassant","12201","8","Directed","Hugo von Hofmannsthal–Guy de Maupassant","2"
"Hugo von Hofmannsthal","11740","Heinrich Mann","12170","8","Directed","Hugo von Hofmannsthal–Heinrich Mann","1"
"Hugo von Hofmannsthal","11740","Lucie Höflich","11791","8","Directed","Hugo von Hofmannsthal–Lucie Höflich","1"
"Hugo von Hofmannsthal","11740","Eleonora Duse","11201","8","Directed","Hugo von Hofmannsthal–Eleonora Duse","3"
"Hugo von Hofmannsthal","11740","Ida d’Albert","2537","8","Directed","Hugo von Hofmannsthal–Ida d’Albert","1"
"Hugo von Hofmannsthal","11740","W. Fred","2226","8","Directed","Hugo von Hofmannsthal–W. Fred","2"
"Hugo von Hofmannsthal","11740","Gabriele D’Annunzio","2142","8","Directed","Hugo von Hofmannsthal–Gabriele D’Annunzio","2"
"Hugo von Hofmannsthal","11740","Hans Bernhard Schlesinger","24239","7","Directed","Hugo von Hofmannsthal–Hans Bernhard Schlesinger","5"
"Hugo von Hofmannsthal","11740","Jaques Joachim","18870","7","Directed","Hugo von Hofmannsthal–Jaques Joachim","1"
"Hugo von Hofmannsthal","11740","Arnoldo Cappellini","14850","7","Directed","Hugo von Hofmannsthal–Arnoldo Cappellini","3"
"Hugo von Hofmannsthal","11740","Geneviève Bianquis","14187","7","Directed","Hugo von Hofmannsthal–Geneviève Bianquis","1"
"Hugo von Hofmannsthal","11740","Alexander Moissi","12274","7","Directed","Hugo von Hofmannsthal–Alexander Moissi","2"
"Hugo von Hofmannsthal","11740","Adalbert von Goldschmidt","11491","7","Directed","Hugo von Hofmannsthal–Adalbert von Goldschmidt","2"
"Hugo von Hofmannsthal","11740","Alexandre père Dumas","11190","7","Directed","Hugo von Hofmannsthal–Alexandre père Dumas","1"
"Hugo von Hofmannsthal","11740","Robert Ehrhart-Ehrhartstein","4326","7","Directed","Hugo von Hofmannsthal–Robert Ehrhart-Ehrhartstein","6"
"Hugo von Hofmannsthal","11740","Anatole France","4279","7","Directed","Hugo von Hofmannsthal–Anatole France","1"
"Hugo von Hofmannsthal","11740","Stephan Epstein","2199","7","Directed","Hugo von Hofmannsthal–Stephan Epstein","1"
"Hugo von Hofmannsthal","11740","Leopold Petter","22474","6","Directed","Hugo von Hofmannsthal–Leopold Petter","1"
"Hugo von Hofmannsthal","11740","Caroline Burger","14707","6","Directed","Hugo von Hofmannsthal–Caroline Burger","2"
"Hugo von Hofmannsthal","11740","Karl Schönherr","12749","6","Directed","Hugo von Hofmannsthal–Karl Schönherr","2"
"Hugo von Hofmannsthal","11740","Raphael Löwenfeld","12140","6","Directed","Hugo von Hofmannsthal–Raphael Löwenfeld","1"
"Hugo von Hofmannsthal","11740","Ernst von Dohnányi","11165","6","Directed","Hugo von Hofmannsthal–Ernst von Dohnányi","1"
"Hugo von Hofmannsthal","11740","Wilhelm Bölsche","11061","6","Directed","Hugo von Hofmannsthal–Wilhelm Bölsche","4"
"Hugo von Hofmannsthal","11740","Heinrich Osten","2509","6","Directed","Hugo von Hofmannsthal–Heinrich Osten","1"
"Hugo von Hofmannsthal","11740","Moritz Coschell","28645","5","Directed","Hugo von Hofmannsthal–Moritz Coschell","2"
"Hugo von Hofmannsthal","11740","Anna Loew","20562","5","Directed","Hugo von Hofmannsthal–Anna Loew","1"
"Hugo von Hofmannsthal","11740","Ida Grünwald","17502","5","Directed","Hugo von Hofmannsthal–Ida Grünwald","3"
"Hugo von Hofmannsthal","11740","Rosa Bahr","13682","5","Directed","Hugo von Hofmannsthal–Rosa Bahr","1"
"Hugo von Hofmannsthal","11740","Ernst von Wolzogen","13169","5","Directed","Hugo von Hofmannsthal–Ernst von Wolzogen","1"
"Hugo von Hofmannsthal","11740","Alfred von Winterstein","13136","5","Directed","Hugo von Hofmannsthal–Alfred von Winterstein","4"
"Hugo von Hofmannsthal","11740","Hugo Thimig","12948","5","Directed","Hugo von Hofmannsthal–Hugo Thimig","2"
"Hugo von Hofmannsthal","11740","Franz Schalk","12630","5","Directed","Hugo von Hofmannsthal–Franz Schalk","5"
"Hugo von Hofmannsthal","11740","Ferdinand von Saar","12602","5","Directed","Hugo von Hofmannsthal–Ferdinand von Saar","2"
"Hugo von Hofmannsthal","11740","Karl Peter Rosner","12564","5","Directed","Hugo von Hofmannsthal–Karl Peter Rosner","1"
"Hugo von Hofmannsthal","11740","Laura Marholm","12183","5","Directed","Hugo von Hofmannsthal–Laura Marholm","1"
"Hugo von Hofmannsthal","11740","Gotthold Ephraim Lessing","12053","5","Directed","Hugo von Hofmannsthal–Gotthold Ephraim Lessing","3"
"Hugo von Hofmannsthal","11740","Louise Dumont","11195","5","Directed","Hugo von Hofmannsthal–Louise Dumont","4"
"Hugo von Hofmannsthal","11740","Elly Petersen","9233","5","Directed","Hugo von Hofmannsthal–Elly Petersen","2"
"Hugo von Hofmannsthal","11740","Napoleon Bonaparte","4769","5","Directed","Hugo von Hofmannsthal–Napoleon Bonaparte","1"
"Hugo von Hofmannsthal","11740","Dora Michaelis","2774","5","Directed","Hugo von Hofmannsthal–Dora Michaelis","3"
"Hugo von Hofmannsthal","11740","Sophokles","2693","5","Directed","Hugo von Hofmannsthal–Sophokles","3"
"Hugo von Hofmannsthal","11740","Homer","2495","5","Directed","Hugo von Hofmannsthal–Homer","1"
"Hugo von Hofmannsthal","11740","Anna Epstein","28285","4","Directed","Hugo von Hofmannsthal–Anna Epstein","2"
"Hugo von Hofmannsthal","11740","Agnes Ulmann","27942","4","Directed","Hugo von Hofmannsthal–Agnes Ulmann","2"
"Hugo von Hofmannsthal","11740","Tizian","26079","4","Directed","Hugo von Hofmannsthal–Tizian","1"
"Hugo von Hofmannsthal","11740","Geza Silberer","24919","4","Directed","Hugo von Hofmannsthal–Geza Silberer","1"
"Hugo von Hofmannsthal","11740","Rudolf Schwarzkopf","24651","4","Directed","Hugo von Hofmannsthal–Rudolf Schwarzkopf","1"
"Hugo von Hofmannsthal","11740","Joseph Schreiber","24499","4","Directed","Hugo von Hofmannsthal–Joseph Schreiber","1"
"Hugo von Hofmannsthal","11740","Heinrich Zimmer","13183","4","Directed","Hugo von Hofmannsthal–Heinrich Zimmer","3"
"Hugo von Hofmannsthal","11740","Frank Wedekind","13068","4","Directed","Hugo von Hofmannsthal–Frank Wedekind","1"
"Hugo von Hofmannsthal","11740","Robert Michel","12254","4","Directed","Hugo von Hofmannsthal–Robert Michel","2"
"Hugo von Hofmannsthal","11740","Thomas Mann","12176","4","Directed","Hugo von Hofmannsthal–Thomas Mann","1"
"Hugo von Hofmannsthal","11740","Leopold Kramer","11981","4","Directed","Hugo von Hofmannsthal–Leopold Kramer","1"
"Hugo von Hofmannsthal","11740","Heinrich Heine","11640","4","Directed","Hugo von Hofmannsthal–Heinrich Heine","1"
"Hugo von Hofmannsthal","11740","Maurice Donnay","11168","4","Directed","Hugo von Hofmannsthal–Maurice Donnay","1"
"Hugo von Hofmannsthal","11740","Hedwig Bleibtreu","10959","4","Directed","Hugo von Hofmannsthal–Hedwig Bleibtreu","1"
"Hugo von Hofmannsthal","11740","Arthur Schopenhauer","5787","4","Directed","Hugo von Hofmannsthal–Arthur Schopenhauer","1"
"Hugo von Hofmannsthal","11740","Anton Pavlovič Čechov","3603","4","Directed","Hugo von Hofmannsthal–Anton Pavlovič Čechov","1"
"Hugo von Hofmannsthal","11740","Albert Heine","2743","4","Directed","Hugo von Hofmannsthal–Albert Heine","3"
"Hugo von Hofmannsthal","11740","Heinrich Laube","2702","4","Directed","Hugo von Hofmannsthal–Heinrich Laube","1"
"Hugo von Hofmannsthal","11740","Edgar von Karg-Bebenburg","2219","4","Directed","Hugo von Hofmannsthal–Edgar von Karg-Bebenburg","3"
"Hugo von Hofmannsthal","11740","Hans Schandlbauer","40212","3","Directed","Hugo von Hofmannsthal–Hans Schandlbauer","3"
"Hugo von Hofmannsthal","11740","Bronisław Huberman","28539","3","Directed","Hugo von Hofmannsthal–Bronisław Huberman","1"
"Hugo von Hofmannsthal","11740","Leopold Geiringer","28530","3","Directed","Hugo von Hofmannsthal–Leopold Geiringer","1"
"Hugo von Hofmannsthal","11740","Robert Gilbert Vansittart","26402","3","Directed","Hugo von Hofmannsthal–Robert Gilbert Vansittart","3"
"Hugo von Hofmannsthal","11740","Réjane","23784","3","Directed","Hugo von Hofmannsthal–Réjane","1"
"Hugo von Hofmannsthal","11740","Karl Rostler","23635","3","Directed","Hugo von Hofmannsthal–Karl Rostler","2"
"Hugo von Hofmannsthal","11740","Louis Philipp Friedmann","16658","3","Directed","Hugo von Hofmannsthal–Louis Philipp Friedmann","1"
"Hugo von Hofmannsthal","11740","Rudolf Burger","14711","3","Directed","Hugo von Hofmannsthal–Rudolf Burger","1"
"Hugo von Hofmannsthal","11740","Josef von Bezecný","14179","3","Directed","Hugo von Hofmannsthal–Josef von Bezecný","1"
"Hugo von Hofmannsthal","11740","Bruno Walter","13041","3","Directed","Hugo von Hofmannsthal–Bruno Walter","1"
"Hugo von Hofmannsthal","11740","Karl Gustav Vollmoeller","13014","3","Directed","Hugo von Hofmannsthal–Karl Gustav Vollmoeller","1"
"Hugo von Hofmannsthal","11740","Otto Tressler","12971","3","Directed","Hugo von Hofmannsthal–Otto Tressler","2"
"Hugo von Hofmannsthal","11740","Rudolf Alexander Schröder","12722","3","Directed","Hugo von Hofmannsthal–Rudolf Alexander Schröder","1"
"Hugo von Hofmannsthal","11740","Georg Reimers","12498","3","Directed","Hugo von Hofmannsthal–Georg Reimers","1"
"Hugo von Hofmannsthal","11740","Ferdinand Raimund","12468","3","Directed","Hugo von Hofmannsthal–Ferdinand Raimund","3"
"Hugo von Hofmannsthal","11740","Engelbert Pernerstorfer","12408","3","Directed","Hugo von Hofmannsthal–Engelbert Pernerstorfer","1"
"Hugo von Hofmannsthal","11740","Anna Kallina","11860","3","Directed","Hugo von Hofmannsthal–Anna Kallina","1"
"Hugo von Hofmannsthal","11740","Marie Herzfeld","11666","3","Directed","Hugo von Hofmannsthal–Marie Herzfeld","3"
"Hugo von Hofmannsthal","11740","Abel Hermant","11657","3","Directed","Hugo von Hofmannsthal–Abel Hermant","1"
"Hugo von Hofmannsthal","11740","Ernst Hartmann","11610","3","Directed","Hugo von Hofmannsthal–Ernst Hartmann","1"
"Hugo von Hofmannsthal","11740","Alfred Gerasch","11423","3","Directed","Hugo von Hofmannsthal–Alfred Gerasch","1"
"Hugo von Hofmannsthal","11740","Franz Blei","10955","3","Directed","Hugo von Hofmannsthal–Franz Blei","1"
"Hugo von Hofmannsthal","11740","Ludwig van Beethoven","10866","3","Directed","Hugo von Hofmannsthal–Ludwig van Beethoven","1"
"Hugo von Hofmannsthal","11740","Victor Barnowsky","10833","3","Directed","Hugo von Hofmannsthal–Victor Barnowsky","1"
"Hugo von Hofmannsthal","11740","Florentine Galliny","7331","3","Directed","Hugo von Hofmannsthal–Florentine Galliny","1"
"Hugo von Hofmannsthal","11740","Erich Reiss","5585","3","Directed","Hugo von Hofmannsthal–Erich Reiss","1"
"Hugo von Hofmannsthal","11740","Rudolf Kassner","5096","3","Directed","Hugo von Hofmannsthal–Rudolf Kassner","3"
"Hugo von Hofmannsthal","11740","Suzanne Desprès","3659","3","Directed","Hugo von Hofmannsthal–Suzanne Desprès","1"
"Hugo von Hofmannsthal","11740","Franz von Hofmannsthal","3244","3","Directed","Hugo von Hofmannsthal–Franz von Hofmannsthal","3"
"Hugo von Hofmannsthal","11740","Raimund von Hofmannsthal","3241","3","Directed","Hugo von Hofmannsthal–Raimund von Hofmannsthal","2"
"Hugo von Hofmannsthal","11740","Felix Speidel","2646","3","Directed","Hugo von Hofmannsthal–Felix Speidel","1"
"Hugo von Hofmannsthal","11740","Franz Joseph I. von Österreich-Ungarn","2513","3","Directed","Hugo von Hofmannsthal–Franz Joseph I. von Österreich-Ungarn","1"
"Hugo von Hofmannsthal","11740","Max Devrient","2446","3","Directed","Hugo von Hofmannsthal–Max Devrient","1"
"Hugo von Hofmannsthal","11740","Ilka Pálmay","2362","3","Directed","Hugo von Hofmannsthal–Ilka Pálmay","1"
"Arno Holz","11763","Hermann Bahr","10815","223","Directed","Arno Holz–Hermann Bahr","1"
"Arno Holz","11763","Georg Brandes","10992","39","Directed","Arno Holz–Georg Brandes","1"
"Arno Holz","11763","Maximilian Harden","11581","21","Directed","Arno Holz–Maximilian Harden","1"
"Arno Holz","11763","Hermann Sudermann","12899","19","Directed","Arno Holz–Hermann Sudermann","1"
"Arno Holz","11763","Ludwig Fulda","11391","15","Directed","Arno Holz–Ludwig Fulda","1"
"Arno Holz","11763","Paul Lindau","12078","11","Directed","Arno Holz–Paul Lindau","1"
"Arno Holz","11763","Heinrich Mann","12170","8","Directed","Arno Holz–Heinrich Mann","1"
"Arno Holz","11763","Franz Servaes","12772","5","Directed","Arno Holz–Franz Servaes","1"
"Arno Holz","11763","Thomas Mann","12176","4","Directed","Arno Holz–Thomas Mann","1"
"Arno Holz","11763","Richard Dehmel","11148","4","Directed","Arno Holz–Richard Dehmel","1"
"Arno Holz","11763","Max Liebermann","12068","3","Directed","Arno Holz–Max Liebermann","1"
"Arno Holz","11763","Hugo Heller","11646","3","Directed","Arno Holz–Hugo Heller","1"
"Eduard Michael Kafka","2563","Hugo von Hofmannsthal","11740","300","Directed","Eduard Michael Kafka–Hugo von Hofmannsthal","1"
"Eduard Michael Kafka","2563","Hermann Bahr","10815","223","Directed","Eduard Michael Kafka–Hermann Bahr","1"
"Eduard Michael Kafka","2563","Paul Goldmann","11485","165","Directed","Eduard Michael Kafka–Paul Goldmann","1"
"Eduard Michael Kafka","2563","Julius Schnitzler","12698","56","Directed","Eduard Michael Kafka–Julius Schnitzler","1"
"Eduard Michael Kafka","2563","Oskar Blumenthal","14328","36","Directed","Eduard Michael Kafka–Oskar Blumenthal","2"
"Eduard Michael Kafka","2563","Friedrich Michael Fels","2450","28","Directed","Eduard Michael Kafka–Friedrich Michael Fels","2"
"Eduard Michael Kafka","2563","Hermann Sudermann","12899","19","Directed","Eduard Michael Kafka–Hermann Sudermann","1"
"Eduard Michael Kafka","2563","Emanuel Reicher","12491","19","Directed","Eduard Michael Kafka–Emanuel Reicher","3"
"Eduard Michael Kafka","2563","Josef Jarno","2601","17","Directed","Eduard Michael Kafka–Josef Jarno","2"
"Eduard Michael Kafka","2563","Gilbert Otto Neumann-Hofer","12348","13","Directed","Eduard Michael Kafka–Gilbert Otto Neumann-Hofer","2"
"Eduard Michael Kafka","2563","Rudolf Rittner","12530","10","Directed","Eduard Michael Kafka–Rudolf Rittner","1"
"Eduard Michael Kafka","2563","Adalbert von Goldschmidt","11491","7","Directed","Eduard Michael Kafka–Adalbert von Goldschmidt","1"
"Eduard Michael Kafka","2563","Johann Strauss (Sohn)","12867","5","Directed","Eduard Michael Kafka–Johann Strauss (Sohn)","1"
"Eduard Michael Kafka","2563","Angelo Neumann","12341","3","Directed","Eduard Michael Kafka–Angelo Neumann","1"
"Karl Kraus","11988","Richard Beer-Hofmann","10863","397","Directed","Karl Kraus–Richard Beer-Hofmann","5"
"Karl Kraus","11988","Hugo von Hofmannsthal","11740","300","Directed","Karl Kraus–Hugo von Hofmannsthal","4"
"Karl Kraus","11988","Hermann Bahr","10815","223","Directed","Karl Kraus–Hermann Bahr","3"
"Karl Kraus","11988","Felix Salten","2167","140","Directed","Karl Kraus–Felix Salten","3"
"Karl Kraus","11988","Samuel Fischer","11324","67","Directed","Karl Kraus–Samuel Fischer","1"
"Karl Kraus","11988","Gerhart Hauptmann","11617","44","Directed","Karl Kraus–Gerhart Hauptmann","1"
"Karl Kraus","11988","Johann Schnitzler","12695","28","Directed","Karl Kraus–Johann Schnitzler","2"
"Karl Kraus","11988","Friedrich Schik","2420","25","Directed","Karl Kraus–Friedrich Schik","1"
"Karl Kraus","11988","Josef Jarno","2601","17","Directed","Karl Kraus–Josef Jarno","1"
"Karl Kraus","11988","Richard Specht","2456","16","Directed","Karl Kraus–Richard Specht","3"
"Karl Kraus","11988","Felix Dörmann","2425","14","Directed","Karl Kraus–Felix Dörmann","3"
"Karl Kraus","11988","Julius Bauer","2150","14","Directed","Karl Kraus–Julius Bauer","1"
"Karl Kraus","11988","Gilbert Otto Neumann-Hofer","12348","13","Directed","Karl Kraus–Gilbert Otto Neumann-Hofer","3"
"Karl Kraus","11988","Edmund Wengraf","13088","9","Directed","Karl Kraus–Edmund Wengraf","1"
"Karl Kraus","11988","Detlev von Liliencron","12071","9","Directed","Karl Kraus–Detlev von Liliencron","2"
"Karl Kraus","11988","Eleonora Duse","11201","8","Directed","Karl Kraus–Eleonora Duse","1"
"Karl Kraus","11988","Heinrich Osten","2509","6","Directed","Karl Kraus–Heinrich Osten","1"
"Karl Kraus","11988","Karl Peter Rosner","12564","5","Directed","Karl Kraus–Karl Peter Rosner","1"
"Karl Kraus","11988","Alexander Engel","11253","5","Directed","Karl Kraus–Alexander Engel","2"
"Karl Kraus","11988","Otto Julius Bierbaum","10928","4","Directed","Karl Kraus–Otto Julius Bierbaum","1"
"Karl Kraus","11988","Otto Erich Hartleben","11605","3","Directed","Karl Kraus–Otto Erich Hartleben","1"
"Karl Kraus","11988","Max Devrient","2446","3","Directed","Karl Kraus–Max Devrient","1"
"Fedor Mamroth","4986","Paul Goldmann","11485","165","Directed","Fedor Mamroth–Paul Goldmann","1"
"Fedor Mamroth","4986","Otto Brahm","10986","132","Directed","Fedor Mamroth–Otto Brahm","1"
"Fedor Mamroth","4986","Samuel Fischer","11324","67","Directed","Fedor Mamroth–Samuel Fischer","1"
"Fedor Mamroth","4986","Rudolf Lothar","2570","15","Directed","Fedor Mamroth–Rudolf Lothar","1"
"Fedor Mamroth","4986","Lew Nikolajewitsch Tolstoi","3739","10","Directed","Fedor Mamroth–Lew Nikolajewitsch Tolstoi","1"
"Fedor Mamroth","4986","Carl Freund","39775","5","Directed","Fedor Mamroth–Carl Freund","1"
"Fedor Mamroth","4986","Salo Schottlaender","89393","2","Directed","Fedor Mamroth–Salo Schottlaender","1"
"Thomas Mann","12176","Olga Schnitzler","2173","555","Directed","Thomas Mann–Olga Schnitzler","3"
"Thomas Mann","12176","Felix Salten","2167","140","Directed","Thomas Mann–Felix Salten","1"
"Thomas Mann","12176","Heinrich Schnitzler","12692","133","Directed","Thomas Mann–Heinrich Schnitzler","1"
"Thomas Mann","12176","Louise Schnitzler","12701","106","Directed","Thomas Mann–Louise Schnitzler","1"
"Thomas Mann","12176","Samuel Fischer","11324","67","Directed","Thomas Mann–Samuel Fischer","1"
"Thomas Mann","12176","Jakob Wassermann","13055","57","Directed","Thomas Mann–Jakob Wassermann","1"
"Thomas Mann","12176","Lili Cappellini","2238","54","Directed","Thomas Mann–Lili Cappellini","1"
"Thomas Mann","12176","Alfred Kerr","11910","50","Directed","Thomas Mann–Alfred Kerr","1"
"Thomas Mann","12176","Albert Steinrück","12837","13","Directed","Thomas Mann–Albert Steinrück","1"
"Thomas Mann","12176","Heinrich Mann","12170","8","Directed","Thomas Mann–Heinrich Mann","2"
"Thomas Mann","12176","Hugo Thimig","12948","5","Directed","Thomas Mann–Hugo Thimig","1"
"Thomas Mann","12176","Giacomo Girolamo Casanova","3145","5","Directed","Thomas Mann–Giacomo Girolamo Casanova","1"
"Thomas Mann","12176","Katia Mann","12173","4","Directed","Thomas Mann–Katia Mann","4"
"Thomas Mann","12176","Scofield Thayer","2276","3","Directed","Thomas Mann–Scofield Thayer","2"
"Laura Marholm","12183","Johann Schnitzler","12695","28","Directed","Laura Marholm–Johann Schnitzler","1"
"Max Mell","12225","Olga Schnitzler","2173","555","Directed","Max Mell–Olga Schnitzler","6"
"Max Mell","12225","Paul Schlenther","12671","46","Directed","Max Mell–Paul Schlenther","1"
"Max Mell","12225","Josef Kainz","11851","24","Directed","Max Mell–Josef Kainz","1"
"Max Mell","12225","Franz Servaes","12772","5","Directed","Max Mell–Franz Servaes","1"
"Max Mell","12225","Maria Mell","5765","5","Directed","Max Mell–Maria Mell","5"
"Frank Wedekind","13068","Olga Schnitzler","2173","555","Directed","Frank Wedekind–Olga Schnitzler","2"
"Frank Wedekind","13068","Hugo von Hofmannsthal","11740","300","Directed","Frank Wedekind–Hugo von Hofmannsthal","1"
"Frank Wedekind","13068","Hermann Bahr","10815","223","Directed","Frank Wedekind–Hermann Bahr","1"
"Frank Wedekind","13068","Heinrich Schnitzler","12692","133","Directed","Frank Wedekind–Heinrich Schnitzler","2"
"Frank Wedekind","13068","Gerhart Hauptmann","11617","44","Directed","Frank Wedekind–Gerhart Hauptmann","1"
"Frank Wedekind","13068","Heinrich Mann","12170","8","Directed","Frank Wedekind–Heinrich Mann","1"
"Frank Wedekind","13068","Thomas Mann","12176","4","Directed","Frank Wedekind–Thomas Mann","1"
"Frank Wedekind","13068","Richard Dehmel","11148","4","Directed","Frank Wedekind–Richard Dehmel","1"
"Frank Wedekind","13068","Tilly Wedekind","5405","4","Directed","Frank Wedekind–Tilly Wedekind","4"
"Frank Wedekind","13068","Karl Gustav Vollmoeller","13014","3","Directed","Frank Wedekind–Karl Gustav Vollmoeller","1"
"Frank Wedekind","13068","Franz Blei","10955","3","Directed","Frank Wedekind–Franz Blei","1"
"Bertha Suttner","12906","Olga Schnitzler","2173","555","Directed","Bertha Suttner–Olga Schnitzler","6"
"Bertha Suttner","12906","Johann Schnitzler","12695","28","Directed","Bertha Suttner–Johann Schnitzler","2"
"Paul Goldmann","11485","Olga Schnitzler","2173","555","Directed","Paul Goldmann–Olga Schnitzler","107"
"Paul Goldmann","11485","Richard Beer-Hofmann","10863","397","Directed","Paul Goldmann–Richard Beer-Hofmann","131"
"Paul Goldmann","11485","Hugo von Hofmannsthal","11740","300","Directed","Paul Goldmann–Hugo von Hofmannsthal","54"
"Paul Goldmann","11485","Hermann Bahr","10815","223","Directed","Paul Goldmann–Hermann Bahr","54"
"Paul Goldmann","11485","Felix Salten","2167","140","Directed","Paul Goldmann–Felix Salten","18"
"Paul Goldmann","11485","Leopold Sonnemann","87771","138","Directed","Paul Goldmann–Leopold Sonnemann","138"
"Paul Goldmann","11485","Heinrich Schnitzler","12692","133","Directed","Paul Goldmann–Heinrich Schnitzler","24"
"Paul Goldmann","11485","Otto Brahm","10986","132","Directed","Paul Goldmann–Otto Brahm","20"
"Paul Goldmann","11485","Paula Beer-Hofmann","10860","121","Directed","Paul Goldmann–Paula Beer-Hofmann","4"
"Paul Goldmann","11485","Louise Schnitzler","12701","106","Directed","Paul Goldmann–Louise Schnitzler","28"
"Paul Goldmann","11485","Gustav Schwarzkopf","12740","93","Directed","Paul Goldmann–Gustav Schwarzkopf","9"
"Paul Goldmann","11485","Fedor Mamroth","4986","77","Directed","Paul Goldmann–Fedor Mamroth","70"
"Paul Goldmann","11485","Heinrich Kanner","11867","75","Directed","Paul Goldmann–Heinrich Kanner","16"
"Paul Goldmann","11485","Samuel Fischer","11324","67","Directed","Paul Goldmann–Samuel Fischer","5"
"Paul Goldmann","11485","Isidor Singer","12790","66","Directed","Paul Goldmann–Isidor Singer","3"
"Paul Goldmann","11485","Marie Reinhard","2378","61","Directed","Paul Goldmann–Marie Reinhard","42"
"Paul Goldmann","11485","Elisabeth Steinrück","2315","59","Directed","Paul Goldmann–Elisabeth Steinrück","20"
"Paul Goldmann","11485","Jakob Wassermann","13055","57","Directed","Paul Goldmann–Jakob Wassermann","8"
"Paul Goldmann","11485","Max Eugen Burckhard","11036","57","Directed","Paul Goldmann–Max Eugen Burckhard","19"
"Paul Goldmann","11485","Julius Schnitzler","12698","56","Directed","Paul Goldmann–Julius Schnitzler","18"
"Paul Goldmann","11485","Theodor Herzl","11673","51","Directed","Paul Goldmann–Theodor Herzl","38"
"Paul Goldmann","11485","Alfred Kerr","11910","50","Directed","Paul Goldmann–Alfred Kerr","28"
"Paul Goldmann","11485","Johann Wolfgang von Goethe","11461","49","Directed","Paul Goldmann–Johann Wolfgang von Goethe","12"
"Paul Goldmann","11485","Paul Schlenther","12671","46","Directed","Paul Goldmann–Paul Schlenther","15"
"Paul Goldmann","11485","Georg Hirschfeld","11701","44","Directed","Paul Goldmann–Georg Hirschfeld","5"
"Paul Goldmann","11485","Gerhart Hauptmann","11617","44","Directed","Paul Goldmann–Gerhart Hauptmann","18"
"Paul Goldmann","11485","Leo Van-Jung","26392","43","Directed","Paul Goldmann–Leo Van-Jung","17"
"Paul Goldmann","11485","Adele Sandrock","12618","42","Directed","Paul Goldmann–Adele Sandrock","12"
"Paul Goldmann","11485","Georg Brandes","10992","39","Directed","Paul Goldmann–Georg Brandes","9"
"Paul Goldmann","11485","Arthur Schnitzler","2121","37","Directed","Paul Goldmann–Arthur Schnitzler","12"
"Paul Goldmann","11485","Marie Glümer","14953","36","Directed","Paul Goldmann–Marie Glümer","27"
"Paul Goldmann","11485","Oskar Blumenthal","14328","36","Directed","Paul Goldmann–Oskar Blumenthal","3"
"Paul Goldmann","11485","Clementine Goldmann","17163","35","Directed","Paul Goldmann–Clementine Goldmann","34"
"Paul Goldmann","11485","Peter Altenberg","2147","35","Directed","Paul Goldmann–Peter Altenberg","8"
"Paul Goldmann","11485","Karl Kraus","11988","33","Directed","Paul Goldmann–Karl Kraus","3"
"Paul Goldmann","11485","Leopold von Andrian-Werburg","10765","32","Directed","Paul Goldmann–Leopold von Andrian-Werburg","2"
"Paul Goldmann","11485","Johann Schnitzler","12695","28","Directed","Paul Goldmann–Johann Schnitzler","3"
"Paul Goldmann","11485","Robert Hirschfeld","11707","28","Directed","Paul Goldmann–Robert Hirschfeld","13"
"Paul Goldmann","11485","Friedrich Michael Fels","2450","28","Directed","Paul Goldmann–Friedrich Michael Fels","1"
"Paul Goldmann","11485","Lou Andreas-Salomé","10762","27","Directed","Paul Goldmann–Lou Andreas-Salomé","12"
"Paul Goldmann","11485","Gisela Hajek","2461","26","Directed","Paul Goldmann–Gisela Hajek","7"
"Paul Goldmann","11485","Theodore Rottenberg","23674","24","Directed","Paul Goldmann–Theodore Rottenberg","22"
"Paul Goldmann","11485","Paul Marx","21647","24","Directed","Paul Goldmann–Paul Marx","7"
"Paul Goldmann","11485","Josef Kainz","11851","24","Directed","Paul Goldmann–Josef Kainz","1"
"Paul Goldmann","11485","Julius von Gans-Ludassy","11406","24","Directed","Paul Goldmann–Julius von Gans-Ludassy","3"
"Paul Goldmann","11485","Mirjam Beer-Hofmann","2668","24","Directed","Paul Goldmann–Mirjam Beer-Hofmann","5"
"Paul Goldmann","11485","André Antoine","2211","24","Directed","Paul Goldmann–André Antoine","8"
"Paul Goldmann","11485","Jean Thorel","3966","23","Directed","Paul Goldmann–Jean Thorel","20"
"Paul Goldmann","11485","William Shakespeare","2412","22","Directed","Paul Goldmann–William Shakespeare","3"
"Paul Goldmann","11485","Josef Rosengart","23593","21","Directed","Paul Goldmann–Josef Rosengart","21"
"Paul Goldmann","11485","Maximilian Harden","11581","21","Directed","Paul Goldmann–Maximilian Harden","7"
"Paul Goldmann","11485","Alfred von Berger","10883","20","Directed","Paul Goldmann–Alfred von Berger","3"
"Paul Goldmann","11485","Hermann Sudermann","12899","19","Directed","Paul Goldmann–Hermann Sudermann","10"
"Paul Goldmann","11485","Peter Nansen","2357","19","Directed","Paul Goldmann–Peter Nansen","8"
"Paul Goldmann","11485","Helene Schnitzler","24423","18","Directed","Paul Goldmann–Helene Schnitzler","9"
"Paul Goldmann","11485","Leo Ebermann","2157","18","Directed","Paul Goldmann–Leo Ebermann","4"
"Paul Goldmann","11485","Siegfried Trebitsch","12968","17","Directed","Paul Goldmann–Siegfried Trebitsch","1"
"Paul Goldmann","11485","Friedrich Mitterwurzer","12265","17","Directed","Paul Goldmann–Friedrich Mitterwurzer","3"
"Paul Goldmann","11485","Irene Triesch","12977","16","Directed","Paul Goldmann–Irene Triesch","13"
"Paul Goldmann","11485","Adam Müller-Guttenbrunn","12331","16","Directed","Paul Goldmann–Adam Müller-Guttenbrunn","1"
"Paul Goldmann","11485","Alfred Dreyfus","4216","16","Directed","Paul Goldmann–Alfred Dreyfus","13"
"Paul Goldmann","11485","Richard Specht","2456","16","Directed","Paul Goldmann–Richard Specht","1"
"Paul Goldmann","11485","Eva Marie Goldmann","17164","15","Directed","Paul Goldmann–Eva Marie Goldmann","15"
"Paul Goldmann","11485","Ludwig Fulda","11391","15","Directed","Paul Goldmann–Ludwig Fulda","6"
"Paul Goldmann","11485","Raoul Auernheimer","10788","15","Directed","Paul Goldmann–Raoul Auernheimer","1"
"Paul Goldmann","11485","Rudolf Lothar","2570","15","Directed","Paul Goldmann–Rudolf Lothar","10"
"Paul Goldmann","11485","Hermine von Schaffgotsch","24033","14","Directed","Paul Goldmann–Hermine von Schaffgotsch","1"
"Paul Goldmann","11485","Carl Karlweis","13082","14","Directed","Paul Goldmann–Carl Karlweis","1"
"Paul Goldmann","11485","Henri Albert","2801","14","Directed","Paul Goldmann–Henri Albert","13"
"Paul Goldmann","11485","Felix Dörmann","2425","14","Directed","Paul Goldmann–Felix Dörmann","1"
"Paul Goldmann","11485","Markus Hajek","2284","14","Directed","Paul Goldmann–Markus Hajek","7"
"Paul Goldmann","11485","Julius Bauer","2150","14","Directed","Paul Goldmann–Julius Bauer","4"
"Paul Goldmann","11485","Friedrich Kapper","19106","13","Directed","Paul Goldmann–Friedrich Kapper","10"
"Paul Goldmann","11485","Friedrich von Schiller","12654","13","Directed","Paul Goldmann–Friedrich von Schiller","5"
"Paul Goldmann","11485","Gilbert Otto Neumann-Hofer","12348","13","Directed","Paul Goldmann–Gilbert Otto Neumann-Hofer","1"
"Paul Goldmann","11485","Ludwig Speidel","12816","12","Directed","Paul Goldmann–Ludwig Speidel","8"
"Paul Goldmann","11485","Agnes Sorma","2299","12","Directed","Paul Goldmann–Agnes Sorma","3"
"Paul Goldmann","11485","Friedrich Nietzsche","12358","11","Directed","Paul Goldmann–Friedrich Nietzsche","3"
"Paul Goldmann","11485","Maurice Maeterlinck","12156","11","Directed","Paul Goldmann–Maurice Maeterlinck","2"
"Paul Goldmann","11485","Paul Lindau","12078","11","Directed","Paul Goldmann–Paul Lindau","9"
"Paul Goldmann","11485","Oskar Bie","2914","11","Directed","Paul Goldmann–Oskar Bie","2"
"Paul Goldmann","11485","Julie Herzl","2812","11","Directed","Paul Goldmann–Julie Herzl","2"
"Paul Goldmann","11485","Eduard Michael Kafka","2563","11","Directed","Paul Goldmann–Eduard Michael Kafka","1"
"Paul Goldmann","11485","Friedrich Hebbel","2404","11","Directed","Paul Goldmann–Friedrich Hebbel","1"
"Paul Goldmann","11485","Rudolf Rittner","12530","10","Directed","Paul Goldmann–Rudolf Rittner","1"
"Paul Goldmann","11485","Henrik Ibsen","11798","10","Directed","Paul Goldmann–Henrik Ibsen","2"
"Paul Goldmann","11485","Albert Bassermann","10844","10","Directed","Paul Goldmann–Albert Bassermann","1"
"Paul Goldmann","11485","Lew Nikolajewitsch Tolstoi","3739","10","Directed","Paul Goldmann–Lew Nikolajewitsch Tolstoi","2"
"Paul Goldmann","11485","Albert Langen","3379","10","Directed","Paul Goldmann–Albert Langen","8"
"Paul Goldmann","11485","Jakob Julius David","2416","10","Directed","Paul Goldmann–Jakob Julius David","3"
"Paul Goldmann","11485","Alice Ziegler","118324","9","Directed","Paul Goldmann–Alice Ziegler","9"
"Paul Goldmann","11485","Rosa Freudenthal","16560","9","Directed","Paul Goldmann–Rosa Freudenthal","5"
"Paul Goldmann","11485","Edmund Wengraf","13088","9","Directed","Paul Goldmann–Edmund Wengraf","3"
"Paul Goldmann","11485","Friedrich Uhl","12987","9","Directed","Paul Goldmann–Friedrich Uhl","8"
"Paul Goldmann","11485","Detlev von Liliencron","12071","9","Directed","Paul Goldmann–Detlev von Liliencron","1"
"Paul Goldmann","11485","Rembrandt van Rijn","5428","9","Directed","Paul Goldmann–Rembrandt van Rijn","3"
"Paul Goldmann","11485","Clemens von Franckenstein","3130","9","Directed","Paul Goldmann–Clemens von Franckenstein","2"
"Paul Goldmann","11485","Auguste Glümer","14948","8","Directed","Paul Goldmann–Auguste Glümer","7"
"Paul Goldmann","11485","Adolf von Sonnenthal","12809","8","Directed","Paul Goldmann–Adolf von Sonnenthal","1"
"Paul Goldmann","11485","Max Nordau","12365","8","Directed","Paul Goldmann–Max Nordau","4"
"Paul Goldmann","11485","Wolfgang Amadeus Mozart","12303","8","Directed","Paul Goldmann–Wolfgang Amadeus Mozart","2"
"Paul Goldmann","11485","Guy de Maupassant","12201","8","Directed","Paul Goldmann–Guy de Maupassant","1"
"Paul Goldmann","11485","Eleonora Duse","11201","8","Directed","Paul Goldmann–Eleonora Duse","1"
"Paul Goldmann","11485","Moriz Benedikt","10875","8","Directed","Paul Goldmann–Moriz Benedikt","5"
"Paul Goldmann","11485","Emil Granichstaedten","2586","8","Directed","Paul Goldmann–Emil Granichstaedten","6"
"Paul Goldmann","11485","Ida d’Albert","2537","8","Directed","Paul Goldmann–Ida d’Albert","5"
"Paul Goldmann","11485","Gabriele D’Annunzio","2142","8","Directed","Paul Goldmann–Gabriele D’Annunzio","1"
"Paul Goldmann","11485","Hilda von Mitis","65913","7","Directed","Paul Goldmann–Hilda von Mitis","6"
"Paul Goldmann","11485","Vally Rosengart","34971","7","Directed","Paul Goldmann–Vally Rosengart","7"
"Paul Goldmann","11485","Jaques Joachim","18870","7","Directed","Paul Goldmann–Jaques Joachim","4"
"Paul Goldmann","11485","Berthold Frischauer","16710","7","Directed","Paul Goldmann–Berthold Frischauer","5"
"Paul Goldmann","11485","Henry Becque","13897","7","Directed","Paul Goldmann–Henry Becque","5"
"Paul Goldmann","11485","Émile Zola","13194","7","Directed","Paul Goldmann–Émile Zola","4"
"Paul Goldmann","11485","Max Halbe","11565","7","Directed","Paul Goldmann–Max Halbe","1"
"Paul Goldmann","11485","Franz Grillparzer","11518","7","Directed","Paul Goldmann–Franz Grillparzer","3"
"Paul Goldmann","11485","Adalbert von Goldschmidt","11491","7","Directed","Paul Goldmann–Adalbert von Goldschmidt","1"
"Paul Goldmann","11485","Ludwig Rottenberg","9598","7","Directed","Paul Goldmann–Ludwig Rottenberg","6"
"Paul Goldmann","11485","Christian Schefer","93611","6","Directed","Paul Goldmann–Christian Schefer","6"
"Paul Goldmann","11485","?? [Totgeborener Sohn von Arthur Schnitzler und Marie Reinhard]","42794","6","Directed","Paul Goldmann–?? [Totgeborener Sohn von Arthur Schnitzler und Marie Reinhard]","3"
"Paul Goldmann","11485","Bertha Karlsburg","19143","6","Directed","Paul Goldmann–Bertha Karlsburg","1"
"Paul Goldmann","11485","Caroline Burger","14707","6","Directed","Paul Goldmann–Caroline Burger","1"
"Paul Goldmann","11485","Karl Schönherr","12749","6","Directed","Paul Goldmann–Karl Schönherr","1"
"Paul Goldmann","11485","Raphael Löwenfeld","12140","6","Directed","Paul Goldmann–Raphael Löwenfeld","4"
"Paul Goldmann","11485","Stefan Großmann","11527","6","Directed","Paul Goldmann–Stefan Großmann","1"
"Paul Goldmann","11485","Pierre Lalo","8429","6","Directed","Paul Goldmann–Pierre Lalo","6"
"Paul Goldmann","11485","Jeanne Marni","5459","6","Directed","Paul Goldmann–Jeanne Marni","3"
"Paul Goldmann","11485","Hugo Felix","3167","6","Directed","Paul Goldmann–Hugo Felix","2"
"Paul Goldmann","11485","Olga Waissnix","2453","6","Directed","Paul Goldmann–Olga Waissnix","6"
"Paul Goldmann","11485","?? [Partner von Theodore Rottenberg, Ende 1902/Anfang 1903]","145973","5","Directed","Paul Goldmann–?? [Partner von Theodore Rottenberg, Ende 1902/Anfang 1903]","5"
"Paul Goldmann","11485","[MMe. Georges] Aubry","93009","5","Directed","Paul Goldmann–[MMe. Georges] Aubry","5"
"Paul Goldmann","11485","Carl Freund","39775","5","Directed","Paul Goldmann–Carl Freund","1"
"Paul Goldmann","11485","Moritz Coschell","28645","5","Directed","Paul Goldmann–Moritz Coschell","1"
"Paul Goldmann","11485","Carl von Torresani-Lanzenfeld","26121","5","Directed","Paul Goldmann–Carl von Torresani-Lanzenfeld","2"
"Paul Goldmann","11485","Paul von Schönthan-Pernwald","24705","5","Directed","Paul Goldmann–Paul von Schönthan-Pernwald","1"
"Paul Goldmann","11485","Richard Klein","19419","5","Directed","Paul Goldmann–Richard Klein","3"
"Paul Goldmann","11485","Arthur Klein","19386","5","Directed","Paul Goldmann–Arthur Klein","5"
"Paul Goldmann","11485","Franziska Goldmann","17167","5","Directed","Paul Goldmann–Franziska Goldmann","5"
"Paul Goldmann","11485","Peter Dorner","15445","5","Directed","Paul Goldmann–Peter Dorner","5"
"Paul Goldmann","11485","Gabriel Beer-Hofmann","13923","5","Directed","Paul Goldmann–Gabriel Beer-Hofmann","1"
"Paul Goldmann","11485","Rosa Bahr","13682","5","Directed","Paul Goldmann–Rosa Bahr","1"
"Paul Goldmann","11485","Georges Aubry","13561","5","Directed","Paul Goldmann–Georges Aubry","5"
"Paul Goldmann","11485","Ernst von Wolzogen","13169","5","Directed","Paul Goldmann–Ernst von Wolzogen","4"
"Paul Goldmann","11485","Theodor Wolff","13163","5","Directed","Paul Goldmann–Theodor Wolff","5"
"Paul Goldmann","11485","Richard Wagner","13024","5","Directed","Paul Goldmann–Richard Wagner","4"
"Paul Goldmann","11485","Heinrich Teweles","12932","5","Directed","Paul Goldmann–Heinrich Teweles","1"
"Paul Goldmann","11485","Johann Strauss (Sohn)","12867","5","Directed","Paul Goldmann–Johann Strauss (Sohn)","2"
"Paul Goldmann","11485","Franz Servaes","12772","5","Directed","Paul Goldmann–Franz Servaes","2"
"Paul Goldmann","11485","Laura Marholm","12183","5","Directed","Paul Goldmann–Laura Marholm","1"
"Paul Goldmann","11485","Max Graf","11512","5","Directed","Paul Goldmann–Max Graf","2"
"Paul Goldmann","11485","Alfred Gold","11469","5","Directed","Paul Goldmann–Alfred Gold","2"
"Paul Goldmann","11485","Elly Petersen","9233","5","Directed","Paul Goldmann–Elly Petersen","1"
"Paul Goldmann","11485","Jesus","5539","5","Directed","Paul Goldmann–Jesus","2"
"Paul Goldmann","11485","Aurélien-Marie Lugné-Poe","3690","5","Directed","Paul Goldmann–Aurélien-Marie Lugné-Poe","2"
"Paul Goldmann","11485","Erich Freund","3554","5","Directed","Paul Goldmann–Erich Freund","5"
"Paul Goldmann","11485","Fritz Mauthner","3386","5","Directed","Paul Goldmann–Fritz Mauthner","4"
"Paul Goldmann","11485","Dora Michaelis","2774","5","Directed","Paul Goldmann–Dora Michaelis","2"
"Paul Goldmann","11485","Sophokles","2693","5","Directed","Paul Goldmann–Sophokles","2"
"Paul Goldmann","11485","D. W. Schröder","141473","4","Directed","Paul Goldmann–D. W. Schröder","4"
"Paul Goldmann","11485","Johanna Mamroth","94397","4","Directed","Paul Goldmann–Johanna Mamroth","4"
"Paul Goldmann","11485","Henri de Riaz","93707","4","Directed","Paul Goldmann–Henri de Riaz","4"
"Paul Goldmann","11485","Adele Schreiber","88525","4","Directed","Paul Goldmann–Adele Schreiber","2"
"Paul Goldmann","11485","Félix Faure","57436","4","Directed","Paul Goldmann–Félix Faure","4"
"Paul Goldmann","11485","Théodore de Wyzewa","27373","4","Directed","Paul Goldmann–Théodore de Wyzewa","3"
"Paul Goldmann","11485","Clemens Sokal","25076","4","Directed","Paul Goldmann–Clemens Sokal","2"
"Paul Goldmann","11485","Hans Schnitzler","24420","4","Directed","Paul Goldmann–Hans Schnitzler","1"
"Paul Goldmann","11485","Paul Martin Marton","21119","4","Directed","Paul Goldmann–Paul Martin Marton","4"
"Paul Goldmann","11485","Richard Mandl","20914","4","Directed","Paul Goldmann–Richard Mandl","2"
"Paul Goldmann","11485","Rudolf Gussmann","17554","4","Directed","Paul Goldmann–Rudolf Gussmann","4"
"Paul Goldmann","11485","Isidor Fuchs","16781","4","Directed","Paul Goldmann–Isidor Fuchs","4"
"Paul Goldmann","11485","Albert Carré","14876","4","Directed","Paul Goldmann–Albert Carré","4"
"Paul Goldmann","11485","Sandro Botticelli","14434","4","Directed","Paul Goldmann–Sandro Botticelli","1"
"Paul Goldmann","11485","Oscar Wilde","13115","4","Directed","Paul Goldmann–Oscar Wilde","4"
"Paul Goldmann","11485","Alfred de Musset","12311","4","Directed","Paul Goldmann–Alfred de Musset","4"
"Paul Goldmann","11485","Karl Langkammer","12037","4","Directed","Paul Goldmann–Karl Langkammer","1"
"Paul Goldmann","11485","Leopold Kramer","11981","4","Directed","Paul Goldmann–Leopold Kramer","1"
"Paul Goldmann","11485","Heinrich Heine","11640","4","Directed","Paul Goldmann–Heinrich Heine","1"
"Paul Goldmann","11485","Albrecht Dürer","11209","4","Directed","Paul Goldmann–Albrecht Dürer","2"
"Paul Goldmann","11485","Maurice Donnay","11168","4","Directed","Paul Goldmann–Maurice Donnay","2"
"Paul Goldmann","11485","Richard Dehmel","11148","4","Directed","Paul Goldmann–Richard Dehmel","1"
"Paul Goldmann","11485","Arthur Schopenhauer","5787","4","Directed","Paul Goldmann–Arthur Schopenhauer","1"
"Paul Goldmann","11485","Edith Philipp","4395","4","Directed","Paul Goldmann–Edith Philipp","1"
"Paul Goldmann","11485","Paul Bourget","4026","4","Directed","Paul Goldmann–Paul Bourget","1"
"Paul Goldmann","11485","Anton Pavlovič Čechov","3603","4","Directed","Paul Goldmann–Anton Pavlovič Čechov","2"
"Paul Goldmann","11485","Theodor Loewe","2941","4","Directed","Paul Goldmann–Theodor Loewe","3"
"Paul Goldmann","11485","Hugo Ganz","2618","4","Directed","Paul Goldmann–Hugo Ganz","1"
"Paul Goldmann","11485","Henri Léon Lavedan","2488","4","Directed","Paul Goldmann–Henri Léon Lavedan","3"
"Paul Goldmann","11485","Stefan George","2437","4","Directed","Paul Goldmann–Stefan George","3"
"Paul Goldmann","11485","Wilhelm Singer","2202","4","Directed","Paul Goldmann–Wilhelm Singer","1"
"Paul Goldmann","11485","Anna Wendt","141562","3","Directed","Paul Goldmann–Anna Wendt","3"
"Paul Goldmann","11485","Henning von Brüsewitz","113878","3","Directed","Paul Goldmann–Henning von Brüsewitz","2"
"Paul Goldmann","11485","Jean-Louis Forain","112447","3","Directed","Paul Goldmann–Jean-Louis Forain","3"
"Paul Goldmann","11485","Hermann Mamroth","93541","3","Directed","Paul Goldmann–Hermann Mamroth","3"
"Paul Goldmann","11485","Karl Reinhard","40587","3","Directed","Paul Goldmann–Karl Reinhard","2"
"Paul Goldmann","11485","Sébastien Roch Nicolas Chamfort","39417","3","Directed","Paul Goldmann–Sébastien Roch Nicolas Chamfort","3"
"Paul Goldmann","11485","Eugen d’Albert","27633","3","Directed","Paul Goldmann–Eugen d’Albert","2"
"Paul Goldmann","11485","Paul Schulz","24566","3","Directed","Paul Goldmann–Paul Schulz","1"
"Paul Goldmann","11485","Réjane","23784","3","Directed","Paul Goldmann–Réjane","2"
"Paul Goldmann","11485","Henri de Rochefort","23481","3","Directed","Paul Goldmann–Henri de Rochefort","2"
"Paul Goldmann","11485","Lucien Millevoye","21481","3","Directed","Paul Goldmann–Lucien Millevoye","3"
"Paul Goldmann","11485","Helene Meyer-Cohn","21379","3","Directed","Paul Goldmann–Helene Meyer-Cohn","3"
"Paul Goldmann","11485","Leopold Ferdinand Salvator Wölfling","20328","3","Directed","Paul Goldmann–Leopold Ferdinand Salvator Wölfling","1"
"Paul Goldmann","11485","Helene Keßler","19296","3","Directed","Paul Goldmann–Helene Keßler","1"
"Paul Goldmann","11485","Ernest von Gréger-Jurco","17461","3","Directed","Paul Goldmann–Ernest von Gréger-Jurco","3"
"Paul Goldmann","11485","Louis Philipp Friedmann","16658","3","Directed","Paul Goldmann–Louis Philipp Friedmann","1"
"Paul Goldmann","11485","Regina Candiani","14842","3","Directed","Paul Goldmann–Regina Candiani","3"
"Paul Goldmann","11485","Charlotte Bondy","14384","3","Directed","Paul Goldmann–Charlotte Bondy","3"
"Paul Goldmann","11485","Josef von Bezecný","14179","3","Directed","Paul Goldmann–Josef von Bezecný","1"
"Paul Goldmann","11485","Else Berger","14056","3","Directed","Paul Goldmann–Else Berger","2"
"Paul Goldmann","11485","Emma Altmann","13342","3","Directed","Paul Goldmann–Emma Altmann","3"
"Paul Goldmann","11485","Julie Wassermann","13058","3","Directed","Paul Goldmann–Julie Wassermann","1"
"Paul Goldmann","11485","Friedrich Gustav Triesch","12974","3","Directed","Paul Goldmann–Friedrich Gustav Triesch","1"
"Paul Goldmann","11485","Walther Rathenau","12471","3","Directed","Paul Goldmann–Walther Rathenau","2"
"Paul Goldmann","11485","Max Kalbeck","11857","3","Directed","Paul Goldmann–Max Kalbeck","2"
"Paul Goldmann","11485","Abel Hermant","11657","3","Directed","Paul Goldmann–Abel Hermant","2"
"Paul Goldmann","11485","Otto Erich Hartleben","11605","3","Directed","Paul Goldmann–Otto Erich Hartleben","1"
"Paul Goldmann","11485","Fritz Freund","11374","3","Directed","Paul Goldmann–Fritz Freund","2"
"Paul Goldmann","11485","Gustave Flaubert","11330","3","Directed","Paul Goldmann–Gustave Flaubert","1"
"Paul Goldmann","11485","Julius Elias","11246","3","Directed","Paul Goldmann–Julius Elias","1"
"Paul Goldmann","11485","Ludwig van Beethoven","10866","3","Directed","Paul Goldmann–Ludwig van Beethoven","1"
"Paul Goldmann","11485","Ludwig Bauer","10848","3","Directed","Paul Goldmann–Ludwig Bauer","1"
"Paul Goldmann","11485","Honoré de Balzac","10825","3","Directed","Paul Goldmann–Honoré de Balzac","1"
"Paul Goldmann","11485","Florentine Galliny","7331","3","Directed","Paul Goldmann–Florentine Galliny","2"
"Paul Goldmann","11485","Georges Courteline","4865","3","Directed","Paul Goldmann–Georges Courteline","2"
"Paul Goldmann","11485","Friedrich II. von Preußen","4823","3","Directed","Paul Goldmann–Friedrich II. von Preußen","2"
"Paul Goldmann","11485","Karl Strecker","4794","3","Directed","Paul Goldmann–Karl Strecker","3"
"Paul Goldmann","11485","Raffaello Sanzio da Urbino","3527","3","Directed","Paul Goldmann–Raffaello Sanzio da Urbino","1"
"Paul Goldmann","11485","Marco Brociner","3442","3","Directed","Paul Goldmann–Marco Brociner","1"
"Paul Goldmann","11485","Molière","3272","3","Directed","Paul Goldmann–Molière","1"
"Paul Goldmann","11485","Stella Hohenfels","2850","3","Directed","Paul Goldmann–Stella Hohenfels","2"
"Paul Goldmann","11485","Hugo Wittmann","2739","3","Directed","Paul Goldmann–Hugo Wittmann","2"
"Paul Goldmann","11485","Franz Joseph I. von Österreich-Ungarn","2513","3","Directed","Paul Goldmann–Franz Joseph I. von Österreich-Ungarn","1"
"Paul Goldmann","11485","Lotte Medelsky","2252","3","Directed","Paul Goldmann–Lotte Medelsky","1"
"Paul Goldmann","11485","Sigmund Spitzer","169237","2","Directed","Paul Goldmann–Sigmund Spitzer","2"
"Paul Goldmann","11485","Marie Suin Beausacq","145901","2","Directed","Paul Goldmann–Marie Suin Beausacq","2"
"Paul Goldmann","11485","Louis Bolle-Ritz","145728","2","Directed","Paul Goldmann–Louis Bolle-Ritz","2"
"Paul Goldmann","11485","Ignacy Daszyński","145270","2","Directed","Paul Goldmann–Ignacy Daszyński","2"
"Paul Goldmann","11485","Rudolf Renvers","144032","2","Directed","Paul Goldmann–Rudolf Renvers","2"
"Paul Goldmann","11485","G. Zanetta","135001","2","Directed","Paul Goldmann–G. Zanetta","2"
"Paul Goldmann","11485","Eduard Grisebach","113623","2","Directed","Paul Goldmann–Eduard Grisebach","2"
"Paul Goldmann","11485","Jules Huret","93549","2","Directed","Paul Goldmann–Jules Huret","2"
"Paul Goldmann","11485","Paul Adam","92677","2","Directed","Paul Goldmann–Paul Adam","2"
"Paul Goldmann","11485","Salo Schottlaender","89393","2","Directed","Paul Goldmann–Salo Schottlaender","2"
"Paul Goldmann","11485","Leopold Spitzer","88866","2","Directed","Paul Goldmann–Leopold Spitzer","2"
"Paul Goldmann","11485","?? [Frau, die mit Goldmann in der Straßenbahn spricht, Ende November 1889]","88860","2","Directed","Paul Goldmann–?? [Frau, die mit Goldmann in der Straßenbahn spricht, Ende November 1889]","2"
"Paul Goldmann","11485","Charles Tardieu","88736","2","Directed","Paul Goldmann–Charles Tardieu","2"
"Paul Goldmann","11485","Édouard Drumont","88149","2","Directed","Paul Goldmann–Édouard Drumont","2"
"Paul Goldmann","11485","Jules Lemaître","88138","2","Directed","Paul Goldmann–Jules Lemaître","2"
"Paul Goldmann","11485","André Hallays","88124","2","Directed","Paul Goldmann–André Hallays","2"
"Paul Goldmann","11485","Léon Bourgeois","88000","2","Directed","Paul Goldmann–Léon Bourgeois","2"
"Paul Goldmann","11485","Maximilian von Mitis","65917","2","Directed","Paul Goldmann–Maximilian von Mitis","2"
"Paul Goldmann","11485","Albrecht Altdorfer","65530","2","Directed","Paul Goldmann–Albrecht Altdorfer","2"
"Paul Goldmann","11485","Alfred Spitzer","65479","2","Directed","Paul Goldmann–Alfred Spitzer","1"
"Paul Goldmann","11485","August Niemann","64866","2","Directed","Paul Goldmann–August Niemann","2"
"Paul Goldmann","11485","Peter Paul Rubens","53318","2","Directed","Paul Goldmann–Peter Paul Rubens","2"
"Alfred Polgar","2989","Julius von Gans-Ludassy","11406","24","Directed","Alfred Polgar–Julius von Gans-Ludassy","1"
"Else Lasker-Schüler","38973","Frank Wedekind","13068","4","Directed","Else Lasker-Schüler–Frank Wedekind","1"
"Felix Salten","2167","Olga Schnitzler","2173","555","Directed","Felix Salten–Olga Schnitzler","62"
"Felix Salten","2167","Richard Beer-Hofmann","10863","397","Directed","Felix Salten–Richard Beer-Hofmann","40"
"Felix Salten","2167","Hugo von Hofmannsthal","11740","300","Directed","Felix Salten–Hugo von Hofmannsthal","30"
"Felix Salten","2167","Hermann Bahr","10815","223","Directed","Felix Salten–Hermann Bahr","22"
"Felix Salten","2167","Paul Goldmann","11485","165","Directed","Felix Salten–Paul Goldmann","19"
"Felix Salten","2167","Heinrich Schnitzler","12692","133","Directed","Felix Salten–Heinrich Schnitzler","19"
"Felix Salten","2167","Otto Brahm","10986","132","Directed","Felix Salten–Otto Brahm","13"
"Felix Salten","2167","Paula Beer-Hofmann","10860","121","Directed","Felix Salten–Paula Beer-Hofmann","5"
"Felix Salten","2167","Louise Schnitzler","12701","106","Directed","Felix Salten–Louise Schnitzler","6"
"Felix Salten","2167","Gustav Schwarzkopf","12740","93","Directed","Felix Salten–Gustav Schwarzkopf","9"
"Felix Salten","2167","Ottilie Salten","23918","88","Directed","Felix Salten–Ottilie Salten","86"
"Felix Salten","2167","Heinrich Kanner","11867","75","Directed","Felix Salten–Heinrich Kanner","17"
"Felix Salten","2167","Samuel Fischer","11324","67","Directed","Felix Salten–Samuel Fischer","8"
"Felix Salten","2167","Isidor Singer","12790","66","Directed","Felix Salten–Isidor Singer","15"
"Felix Salten","2167","Marie Reinhard","2378","61","Directed","Felix Salten–Marie Reinhard","1"
"Felix Salten","2167","Elisabeth Steinrück","2315","59","Directed","Felix Salten–Elisabeth Steinrück","5"
"Felix Salten","2167","Jakob Wassermann","13055","57","Directed","Felix Salten–Jakob Wassermann","6"
"Felix Salten","2167","Max Eugen Burckhard","11036","57","Directed","Felix Salten–Max Eugen Burckhard","2"
"Felix Salten","2167","Julius Schnitzler","12698","56","Directed","Felix Salten–Julius Schnitzler","4"
"Felix Salten","2167","Lili Cappellini","2238","54","Directed","Felix Salten–Lili Cappellini","2"
"Felix Salten","2167","Theodor Herzl","11673","51","Directed","Felix Salten–Theodor Herzl","6"
"Felix Salten","2167","Alfred Kerr","11910","50","Directed","Felix Salten–Alfred Kerr","7"
"Felix Salten","2167","Johann Wolfgang von Goethe","11461","49","Directed","Felix Salten–Johann Wolfgang von Goethe","1"
"Felix Salten","2167","Paul Schlenther","12671","46","Directed","Felix Salten–Paul Schlenther","8"
"Felix Salten","2167","Georg Hirschfeld","11701","44","Directed","Felix Salten–Georg Hirschfeld","9"
"Felix Salten","2167","Gerhart Hauptmann","11617","44","Directed","Felix Salten–Gerhart Hauptmann","2"
"Felix Salten","2167","Leo Van-Jung","26392","43","Directed","Felix Salten–Leo Van-Jung","3"
"Felix Salten","2167","Adele Sandrock","12618","42","Directed","Felix Salten–Adele Sandrock","10"
"Felix Salten","2167","Georg Brandes","10992","39","Directed","Felix Salten–Georg Brandes","1"
"Felix Salten","2167","Max Reinhardt","12504","38","Directed","Felix Salten–Max Reinhardt","5"
"Felix Salten","2167","Arthur Schnitzler","2121","37","Directed","Felix Salten–Arthur Schnitzler","1"
"Felix Salten","2167","Marie Glümer","14953","36","Directed","Felix Salten–Marie Glümer","4"
"Felix Salten","2167","Oskar Blumenthal","14328","36","Directed","Felix Salten–Oskar Blumenthal","2"
"Felix Salten","2167","Peter Altenberg","2147","35","Directed","Felix Salten–Peter Altenberg","3"
"Felix Salten","2167","Karl Kraus","11988","33","Directed","Felix Salten–Karl Kraus","3"
"Felix Salten","2167","Anna Bahr-Mildenburg","10818","31","Directed","Felix Salten–Anna Bahr-Mildenburg","1"
"Felix Salten","2167","Robert Hirschfeld","11707","28","Directed","Felix Salten–Robert Hirschfeld","1"
"Felix Salten","2167","Lou Andreas-Salomé","10762","27","Directed","Felix Salten–Lou Andreas-Salomé","1"
"Felix Salten","2167","Gisela Hajek","2461","26","Directed","Felix Salten–Gisela Hajek","1"
"Felix Salten","2167","Theodore Rottenberg","23674","24","Directed","Felix Salten–Theodore Rottenberg","1"
"Felix Salten","2167","Paul Marx","21647","24","Directed","Felix Salten–Paul Marx","1"
"Felix Salten","2167","Josef Kainz","11851","24","Directed","Felix Salten–Josef Kainz","5"
"Felix Salten","2167","Julius von Gans-Ludassy","11406","24","Directed","Felix Salten–Julius von Gans-Ludassy","12"
"Felix Salten","2167","Mirjam Beer-Hofmann","2668","24","Directed","Felix Salten–Mirjam Beer-Hofmann","1"
"Felix Salten","2167","Maximilian Harden","11581","21","Directed","Felix Salten–Maximilian Harden","3"
"Felix Salten","2167","Clara Katharina Pollaczek","12435","20","Directed","Felix Salten–Clara Katharina Pollaczek","1"
"Felix Salten","2167","Alfred von Berger","10883","20","Directed","Felix Salten–Alfred von Berger","3"
"Felix Salten","2167","Emanuel Reicher","12491","19","Directed","Felix Salten–Emanuel Reicher","4"
"Felix Salten","2167","Arthur Kaufmann","2496","19","Directed","Felix Salten–Arthur Kaufmann","3"
"Felix Salten","2167","Paul Horn","18523","17","Directed","Felix Salten–Paul Horn","4"
"Felix Salten","2167","Siegfried Trebitsch","12968","17","Directed","Felix Salten–Siegfried Trebitsch","7"
"Felix Salten","2167","Friedrich Mitterwurzer","12265","17","Directed","Felix Salten–Friedrich Mitterwurzer","4"
"Felix Salten","2167","Josef Jarno","2601","17","Directed","Felix Salten–Josef Jarno","2"
"Felix Salten","2167","Richard Specht","2456","16","Directed","Felix Salten–Richard Specht","7"
"Felix Salten","2167","Ludwig Fulda","11391","15","Directed","Felix Salten–Ludwig Fulda","1"
"Felix Salten","2167","Raoul Auernheimer","10788","15","Directed","Felix Salten–Raoul Auernheimer","1"
"Felix Salten","2167","Rudolf Lothar","2570","15","Directed","Felix Salten–Rudolf Lothar","1"
"Felix Salten","2167","Hermine von Schaffgotsch","24033","14","Directed","Felix Salten–Hermine von Schaffgotsch","1"
"Felix Salten","2167","Carl Karlweis","13082","14","Directed","Felix Salten–Carl Karlweis","1"
"Felix Salten","2167","Felix Dörmann","2425","14","Directed","Felix Salten–Felix Dörmann","2"
"Felix Salten","2167","Markus Hajek","2284","14","Directed","Felix Salten–Markus Hajek","1"
"Felix Salten","2167","Julius Bauer","2150","14","Directed","Felix Salten–Julius Bauer","4"
"Felix Salten","2167","Albert Steinrück","12837","13","Directed","Felix Salten–Albert Steinrück","1"
"Felix Salten","2167","Friedrich von Schiller","12654","13","Directed","Felix Salten–Friedrich von Schiller","1"
"Felix Salten","2167","Richard Rosenbaum","12556","13","Directed","Felix Salten–Richard Rosenbaum","1"
"Felix Salten","2167","Emerich von Bukovics","2161","13","Directed","Felix Salten–Emerich von Bukovics","2"
"Felix Salten","2167","Oskar Mayer","21236","12","Directed","Felix Salten–Oskar Mayer","2"
"Felix Salten","2167","Paul Salten","2922","12","Directed","Felix Salten–Paul Salten","12"
"Felix Salten","2167","Bertha Flegmann","16312","11","Directed","Felix Salten–Bertha Flegmann","1"
"Felix Salten","2167","Oskar Bie","2914","11","Directed","Felix Salten–Oskar Bie","2"
"Felix Salten","2167","Eduard Michael Kafka","2563","11","Directed","Felix Salten–Eduard Michael Kafka","1"
"Felix Salten","2167","Friedrich Hebbel","2404","11","Directed","Felix Salten–Friedrich Hebbel","1"
"Felix Salten","2167","Anna Katharina Rehmann","23915","10","Directed","Felix Salten–Anna Katharina Rehmann","10"
"Felix Salten","2167","Rudolf Rittner","12530","10","Directed","Felix Salten–Rudolf Rittner","4"
"Felix Salten","2167","Henrik Ibsen","11798","10","Directed","Felix Salten–Henrik Ibsen","1"
"Felix Salten","2167","Albert Bassermann","10844","10","Directed","Felix Salten–Albert Bassermann","3"
"Felix Salten","2167","Charlotte Pohl-Glas","3784","10","Directed","Felix Salten–Charlotte Pohl-Glas","10"
"Felix Salten","2167","Siegfried Jacobsohn","11813","9","Directed","Felix Salten–Siegfried Jacobsohn","8"
"Felix Salten","2167","Christiane Zimmer","3220","9","Directed","Felix Salten–Christiane Zimmer","1"
"Felix Salten","2167","Clemens von Franckenstein","3130","9","Directed","Felix Salten–Clemens von Franckenstein","1"
"Felix Salten","2167","Richard Strauss","12870","8","Directed","Felix Salten–Richard Strauss","1"
"Felix Salten","2167","Eduard Pötzl","12460","8","Directed","Felix Salten–Eduard Pötzl","3"
"Felix Salten","2167","Max Nordau","12365","8","Directed","Felix Salten–Max Nordau","2"
"Felix Salten","2167","Wolfgang Amadeus Mozart","12303","8","Directed","Felix Salten–Wolfgang Amadeus Mozart","1"
"Felix Salten","2167","Guy de Maupassant","12201","8","Directed","Felix Salten–Guy de Maupassant","2"
"Felix Salten","2167","Heinrich Mann","12170","8","Directed","Felix Salten–Heinrich Mann","1"
"Felix Salten","2167","Lucie Höflich","11791","8","Directed","Felix Salten–Lucie Höflich","1"
"Felix Salten","2167","Moriz Benedikt","10875","8","Directed","Felix Salten–Moriz Benedikt","2"
"Felix Salten","2167","Ida d’Albert","2537","8","Directed","Felix Salten–Ida d’Albert","1"
"Felix Salten","2167","W. Fred","2226","8","Directed","Felix Salten–W. Fred","2"
"Felix Salten","2167","Gabriele D’Annunzio","2142","8","Directed","Felix Salten–Gabriele D’Annunzio","1"
"Felix Salten","2167","Hilda von Mitis","65913","7","Directed","Felix Salten–Hilda von Mitis","1"
"Felix Salten","2167","Michael Emil Salzmann","45493","7","Directed","Felix Salten–Michael Emil Salzmann","7"
"Felix Salten","2167","Arnoldo Cappellini","14850","7","Directed","Felix Salten–Arnoldo Cappellini","1"
"Felix Salten","2167","Émile Zola","13194","7","Directed","Felix Salten–Émile Zola","2"
"Felix Salten","2167","Adalbert von Goldschmidt","11491","7","Directed","Felix Salten–Adalbert von Goldschmidt","1"
"Felix Salten","2167","Margarethe Kainz","2273","7","Directed","Felix Salten–Margarethe Kainz","4"
"Felix Salten","2167","Philipp Salzmann","142892","6","Directed","Felix Salten–Philipp Salzmann","6"
"Felix Salten","2167","?? [Totgeborener Sohn von Arthur Schnitzler und Marie Reinhard]","42794","6","Directed","Felix Salten–?? [Totgeborener Sohn von Arthur Schnitzler und Marie Reinhard]","1"
"Felix Salten","2167","Franz August Carl Maria Reisch","27687","6","Directed","Felix Salten–Franz August Carl Maria Reisch","1"
"Felix Salten","2167","Grethe Wreden","27355","6","Directed","Felix Salten–Grethe Wreden","2"
"Felix Salten","2167","Bertha Karlsburg","19143","6","Directed","Felix Salten–Bertha Karlsburg","5"
"Felix Salten","2167","Gustav Mahler","12163","6","Directed","Felix Salten–Gustav Mahler","2"
"Felix Salten","2167","Raphael Löwenfeld","12140","6","Directed","Felix Salten–Raphael Löwenfeld","1"
"Felix Salten","2167","Gustav Kadelburg","11845","6","Directed","Felix Salten–Gustav Kadelburg","1"
"Felix Salten","2167","Hugo Felix","3167","6","Directed","Felix Salten–Hugo Felix","3"
"Felix Salten","2167","Voltaire","3124","6","Directed","Felix Salten–Voltaire","1"
"Felix Salten","2167","Sigmund Lautenburg","2598","6","Directed","Felix Salten–Sigmund Lautenburg","2"
"Felix Salten","2167","Mirjam Horwitz","2549","6","Directed","Felix Salten–Mirjam Horwitz","4"
"Felix Salten","2167","Alois Hofmann","34949","5","Directed","Felix Salten–Alois Hofmann","1"
"Felix Salten","2167","Moritz Coschell","28645","5","Directed","Felix Salten–Moritz Coschell","1"
"Felix Salten","2167","Carl von Torresani-Lanzenfeld","26121","5","Directed","Felix Salten–Carl von Torresani-Lanzenfeld","1"
"Felix Salten","2167","Paul von Schönthan-Pernwald","24705","5","Directed","Felix Salten–Paul von Schönthan-Pernwald","1"
"Felix Salten","2167","Anna Loew","20562","5","Directed","Felix Salten–Anna Loew","2"
"Felix Salten","2167","Richard Klein","19419","5","Directed","Felix Salten–Richard Klein","2"
"Felix Salten","2167","Stefanie Bachrach","13653","5","Directed","Felix Salten–Stefanie Bachrach","1"
"Felix Salten","2167","Johann Strauss (Sohn)","12867","5","Directed","Felix Salten–Johann Strauss (Sohn)","1"
"Felix Salten","2167","Albert von Speidel","12813","5","Directed","Felix Salten–Albert von Speidel","1"
"Felix Salten","2167","Franz Servaes","12772","5","Directed","Felix Salten–Franz Servaes","1"
"Felix Salten","2167","Ferdinand von Saar","12602","5","Directed","Felix Salten–Ferdinand von Saar","1"
"Felix Salten","2167","Karl Peter Rosner","12564","5","Directed","Felix Salten–Karl Peter Rosner","2"
"Felix Salten","2167","Laura Marholm","12183","5","Directed","Felix Salten–Laura Marholm","1"
"Felix Salten","2167","Gotthold Ephraim Lessing","12053","5","Directed","Felix Salten–Gotthold Ephraim Lessing","1"
"Felix Salten","2167","Fritz Mauthner","3386","5","Directed","Felix Salten–Fritz Mauthner","1"
"Felix Salten","2167","Peter Rotenstern","2992","5","Directed","Felix Salten–Peter Rotenstern","2"
"Felix Salten","2167","Caroline Kotter","89578","4","Directed","Felix Salten–Caroline Kotter","4"
"Felix Salten","2167","Anna Epstein","28285","4","Directed","Felix Salten–Anna Epstein","2"
"Felix Salten","2167","Julius Szeps","25793","4","Directed","Felix Salten–Julius Szeps","3"
"Felix Salten","2167","Hans Schnitzler","24420","4","Directed","Felix Salten–Hans Schnitzler","1"
"Felix Salten","2167","Richard Mandl","20914","4","Directed","Felix Salten–Richard Mandl","1"
"Felix Salten","2167","Frank Wedekind","13068","4","Directed","Felix Salten–Frank Wedekind","1"
"Felix Salten","2167","Wilhelmine Mitterwurzer","12268","4","Directed","Felix Salten–Wilhelmine Mitterwurzer","4"
"Felix Salten","2167","Hedwig Bleibtreu","10959","4","Directed","Felix Salten–Hedwig Bleibtreu","1"
"Felix Salten","2167","Hugo Ganz","2618","4","Directed","Felix Salten–Hugo Ganz","3"
"Felix Salten","2167","Elvira Leontine Hervay von Kirchberg","2221","4","Directed","Felix Salten–Elvira Leontine Hervay von Kirchberg","3"
"Felix Salten","2167","Marie Salzmann","142895","3","Directed","Felix Salten–Marie Salzmann","3"
"Felix Salten","2167","Josef Böhm","47572","3","Directed","Felix Salten–Josef Böhm","1"
"Felix Salten","2167","Franz Irresberger","28739","3","Directed","Felix Salten–Franz Irresberger","1"
"Felix Salten","2167","Leopold Geiringer","28530","3","Directed","Felix Salten–Leopold Geiringer","1"
"Felix Salten","2167","Josefine Lydia von Weisswasser","26888","3","Directed","Felix Salten–Josefine Lydia von Weisswasser","3"
"Felix Salten","2167","Moriz Rosenthal","23605","3","Directed","Felix Salten–Moriz Rosenthal","1"
"Felix Salten","2167","Henri de Rochefort","23481","3","Directed","Felix Salten–Henri de Rochefort","1"
"Felix Salten","2167","Richard Metzl","21365","3","Directed","Felix Salten–Richard Metzl","3"
"Felix Salten","2167","Leopold Ferdinand Salvator Wölfling","20328","3","Directed","Felix Salten–Leopold Ferdinand Salvator Wölfling","2"
"Felix Salten","2167","Dora Erl","15983","3","Directed","Felix Salten–Dora Erl","2"
"Felix Salten","2167","Else Berger","14056","3","Directed","Felix Salten–Else Berger","1"
"Felix Salten","2167","Julie Wassermann","13058","3","Directed","Felix Salten–Julie Wassermann","1"
"Felix Salten","2167","Karl Gustav Vollmoeller","13014","3","Directed","Felix Salten–Karl Gustav Vollmoeller","1"
"Felix Salten","2167","Max Liebermann","12068","3","Directed","Felix Salten–Max Liebermann","1"
"Felix Salten","2167","Heinrich Kadelburg","11848","3","Directed","Felix Salten–Heinrich Kadelburg","1"
"Felix Salten","2167","Camill Hoffmann","11727","3","Directed","Felix Salten–Camill Hoffmann","1"
"Felix Salten","2167","Moritz Heimann","11632","3","Directed","Felix Salten–Moritz Heimann","2"
"Felix Salten","2167","Gustav Harpner","11590","3","Directed","Felix Salten–Gustav Harpner","2"
"Felix Salten","2167","Julius Elias","11246","3","Directed","Felix Salten–Julius Elias","2"
"Felix Salten","2167","Berta Czegka","11127","3","Directed","Felix Salten–Berta Czegka","3"
"Felix Salten","2167","Ludwig Bauer","10848","3","Directed","Felix Salten–Ludwig Bauer","1"
"Felix Salten","2167","Raffaello Sanzio da Urbino","3527","3","Directed","Felix Salten–Raffaello Sanzio da Urbino","1"
"Felix Salten","2167","Julian Sternberg","3021","3","Directed","Felix Salten–Julian Sternberg","2"
"Felix Salten","2167","Felix Speidel","2646","3","Directed","Felix Salten–Felix Speidel","1"
"Felix Salten","2167","Franz Joseph I. von Österreich-Ungarn","2513","3","Directed","Felix Salten–Franz Joseph I. von Österreich-Ungarn","1"
"Felix Salten","2167","George Bernard Shaw","2381","3","Directed","Felix Salten–George Bernard Shaw","1"
"Felix Salten","2167","Hans Pagay","2232","3","Directed","Felix Salten–Hans Pagay","1"
"Felix Salten","2167","Louise Metzl","146072","2","Directed","Felix Salten–Louise Metzl","2"
"Felix Salten","2167","Vasilij Ilʹič Safonov","146023","2","Directed","Felix Salten–Vasilij Ilʹič Safonov","2"
"Felix Salten","2167","?? [Kostfrau von Charlotte Lamberg]","144685","2","Directed","Felix Salten–?? [Kostfrau von Charlotte Lamberg]","2"
"Felix Salten","2167","?? [Hausmeister von Felix Salten in der Kochgasse 1901]","143364","2","Directed","Felix Salten–?? [Hausmeister von Felix Salten in der Kochgasse 1901]","2"
"Felix Salten","2167","Maria Charlotte Lamberg","143356","2","Directed","Felix Salten–Maria Charlotte Lamberg","2"
"Felix Salten","2167","Oscar Wettstein","142980","2","Directed","Felix Salten–Oscar Wettstein","2"
"Felix Salten","2167","Theodor Salzmann","142928","2","Directed","Felix Salten–Theodor Salzmann","2"
"Felix Salten","2167","Franz Defregger","113222","2","Directed","Felix Salten–Franz Defregger","2"
